"FrameId","VesicleId","MovieName","IntCh0","IntCh1","xCoord","yCoord","radius","bg0","bg1","Net0","Net1","Norm0","Norm1","rad_mean","rad_sd","rad_cv"
0,981,"2ch_IP6_001_pos001.tif",177.99,4602.73,1124,825,98.45,138,157,39.99,4445.73,1,1,98.9029411764706,0.622110969862713,0.00629011597089608
1,981,"2ch_IP6_001_pos001.tif",180.31,5063.43,1124,824,97.9,139,173,41.31,4890.43,1.03300825206302,1.10002856673707,98.9029411764706,0.622110969862713,0.00629011597089608
2,981,"2ch_IP6_001_pos001.tif",183.06,4760.69,1123,823,98.45,142,165,41.06,4595.69,1.02675668917229,1.03373124323789,98.9029411764706,0.622110969862713,0.00629011597089608
3,981,"2ch_IP6_001_pos001.tif",185.63,4349.01,1121,824,99.55,142,148,43.63,4201.01,1.09102275568892,0.944953922078039,98.9029411764706,0.622110969862713,0.00629011597089608
4,981,"2ch_IP6_001_pos001.tif",185,4324.95,1123,823,99.55,138,149,47,4175.95,1.17529382345586,0.939317052542552,98.9029411764706,0.622110969862713,0.00629011597089608
5,981,"2ch_IP6_001_pos001.tif",187.55,4256.78,1123,824,99.55,138,162,49.55,4094.78,1.23905976494124,0.921059083660051,98.9029411764706,0.622110969862713,0.00629011597089608
6,981,"2ch_IP6_001_pos001.tif",190.28,4628.36,1123,822,98.45,142,157,48.28,4471.36,1.20730182545636,1.0057650824499,98.9029411764706,0.622110969862713,0.00629011597089608
7,981,"2ch_IP6_001_pos001.tif",191.49,4726.2,1122,824,98.45,145,149,46.49,4577.2,1.16254063515879,1.02957219624224,98.9029411764706,0.622110969862713,0.00629011597089608
8,981,"2ch_IP6_001_pos001.tif",192.87,4457.24,1122,823,99,147,151,45.87,4306.24,1.1470367591898,0.968623825558457,98.9029411764706,0.622110969862713,0.00629011597089608
9,981,"2ch_IP6_001_pos001.tif",196.97,4518.12,1123,822,99,148,157,48.97,4361.12,1.22455613903476,0.980968254932261,98.9029411764706,0.622110969862713,0.00629011597089608
10,981,"2ch_IP6_001_pos001.tif",198.78,4502.9,1122,822,99.55,148,146,50.78,4356.9,1.26981745436359,0.980019029495718,98.9029411764706,0.622110969862713,0.00629011597089608
11,981,"2ch_IP6_001_pos001.tif",200.06,4270.71,1123,822,100.1,149,148,51.06,4122.71,1.2768192048012,0.927341516466362,98.9029411764706,0.622110969862713,0.00629011597089608
12,981,"2ch_IP6_001_pos001.tif",203.26,4413.88,1122,822,99,150,146,53.26,4267.88,1.33183295823956,0.959995321353299,98.9029411764706,0.622110969862713,0.00629011597089608
13,981,"2ch_IP6_001_pos001.tif",204,4352.13,1122,822,98.45,153,158,51,4194.13,1.27531882970743,0.943406369707562,98.9029411764706,0.622110969862713,0.00629011597089608
14,981,"2ch_IP6_001_pos001.tif",187.55,2735.02,1122,823,99,149,141,38.55,2594.02,0.963990997749437,0.583485726753537,98.9029411764706,0.622110969862713,0.00629011597089608
15,981,"2ch_IP6_001_pos001.tif",198.05,3350.75,1122,821,99,150,148,48.05,3202.75,1.2015503875969,0.720410371300102,98.9029411764706,0.622110969862713,0.00629011597089608
16,981,"2ch_IP6_001_pos001.tif",211.46,5025.8,1119,823,97.9,154,148,57.46,4877.8,1.4368592148037,1.09718763847557,98.9029411764706,0.622110969862713,0.00629011597089608
0,1006,"2ch_IP6_001_pos003.tif",161.95,3879.88,440,869,98.45,136,142,25.95,3737.88,1,1,100.455882352941,1.18187911196286,0.011765155850311
1,1006,"2ch_IP6_001_pos003.tif",162.22,3476.8,440,877,99.55,136,146,26.22,3330.8,1.01040462427746,0.891093347030937,100.455882352941,1.18187911196286,0.011765155850311
2,1006,"2ch_IP6_001_pos003.tif",155.27,2894.27,438,879,98.45,132,139,23.27,2755.27,0.896724470134876,0.737121041874003,100.455882352941,1.18187911196286,0.011765155850311
3,1006,"2ch_IP6_001_pos003.tif",161.74,2883.57,439,877,100.1,134,146,27.74,2737.57,1.06897880539499,0.732385737369846,100.455882352941,1.18187911196286,0.011765155850311
4,1006,"2ch_IP6_001_pos003.tif",169,3607.25,439,877,100.65,138,149,31,3458.25,1.19460500963391,0.92519021477415,100.455882352941,1.18187911196286,0.011765155850311
5,1006,"2ch_IP6_001_pos003.tif",171.78,3806.25,439,879,100.65,141,134,30.78,3672.25,1.18612716763006,0.982441918948709,100.455882352941,1.18187911196286,0.011765155850311
6,1006,"2ch_IP6_001_pos003.tif",173.89,3761.31,440,879,100.65,143,138,30.89,3623.31,1.19036608863198,0.969348935760378,100.455882352941,1.18187911196286,0.011765155850311
7,1006,"2ch_IP6_001_pos003.tif",174.95,3600.97,440,879,101.2,143,143,31.95,3457.97,1.23121387283237,0.925115306002333,100.455882352941,1.18187911196286,0.011765155850311
8,1006,"2ch_IP6_001_pos003.tif",175.99,3425.81,439,879,102.3,145,136,30.99,3289.81,1.19421965317919,0.880127237899558,100.455882352941,1.18187911196286,0.011765155850311
9,1006,"2ch_IP6_001_pos003.tif",177.27,3294.16,438,880,102.85,144,136,33.27,3158.16,1.28208092485549,0.844906738579088,100.455882352941,1.18187911196286,0.011765155850311
10,1006,"2ch_IP6_001_pos003.tif",179.85,3560.87,436,874,100.1,146,143,33.85,3417.87,1.30443159922929,0.914387299752801,100.455882352941,1.18187911196286,0.011765155850311
11,1006,"2ch_IP6_001_pos003.tif",182.13,3806.92,438,878,100.1,147,144,35.13,3662.92,1.35375722543353,0.979945851659229,100.455882352941,1.18187911196286,0.011765155850311
12,1006,"2ch_IP6_001_pos003.tif",172.43,2751.39,438,879,100.65,146,159,26.43,2592.39,1.01849710982659,0.693545539182638,100.455882352941,1.18187911196286,0.011765155850311
13,1006,"2ch_IP6_001_pos003.tif",172.88,2857.54,439,879,100.65,145,145,27.88,2712.54,1.07437379576108,0.725689428232046,100.455882352941,1.18187911196286,0.011765155850311
14,1006,"2ch_IP6_001_pos003.tif",189.46,3713.44,439,879,101.2,151,141,38.46,3572.44,1.48208092485549,0.955739617109163,100.455882352941,1.18187911196286,0.011765155850311
15,1006,"2ch_IP6_001_pos003.tif",192.85,4621.95,440,879,101.2,154,147,38.85,4474.95,1.4971098265896,1.19718931586889,100.455882352941,1.18187911196286,0.011765155850311
16,1006,"2ch_IP6_001_pos003.tif",194.98,4649.61,439,878,99,156,277,38.98,4372.61,1.50211946050096,1.16981015976971,100.455882352941,1.18187911196286,0.011765155850311
0,1012,"2ch_IP6_001_pos004.tif",159.9,3857.14,300,922,102.85,136,157,23.9,3700.14,1,1,100.488235294118,1.6241853161436,0.0161629399838677
1,1012,"2ch_IP6_001_pos004.tif",155.44,3042.64,299,924,101.75,135,151,20.44,2891.64,0.855230125523012,0.781494754252542,100.488235294118,1.6241853161436,0.0161629399838677
2,1012,"2ch_IP6_001_pos004.tif",146.16,2178.44,296,923,101.75,134,146,12.16,2032.44,0.508786610878661,0.549287324263406,100.488235294118,1.6241853161436,0.0161629399838677
3,1012,"2ch_IP6_001_pos004.tif",164.28,4361.13,301,920,96.8,137,139,27.28,4222.13,1.14142259414226,1.14107304047955,100.488235294118,1.6241853161436,0.0161629399838677
4,1012,"2ch_IP6_001_pos004.tif",167.2,4432.46,296,922,100.65,140,141,27.2,4291.46,1.13807531380753,1.15981016934494,100.488235294118,1.6241853161436,0.0161629399838677
5,1012,"2ch_IP6_001_pos004.tif",169.56,4279.47,296,924,100.65,142,141,27.56,4138.47,1.15313807531381,1.11846308518056,100.488235294118,1.6241853161436,0.0161629399838677
6,1012,"2ch_IP6_001_pos004.tif",170.13,4484.81,295,922,99.55,143,143,27.13,4341.81,1.13514644351464,1.17341776257115,100.488235294118,1.6241853161436,0.0161629399838677
7,1012,"2ch_IP6_001_pos004.tif",171.34,4412.6,294,921,99.55,144,162,27.34,4250.6,1.14393305439331,1.14876734393834,100.488235294118,1.6241853161436,0.0161629399838677
8,1012,"2ch_IP6_001_pos004.tif",171.02,4052.1,292,922,100.1,143,161,28.02,3891.1,1.17238493723849,1.05160885804321,100.488235294118,1.6241853161436,0.0161629399838677
9,1012,"2ch_IP6_001_pos004.tif",168.4,3875.84,295,926,96.8,143,153,25.4,3722.84,1.06276150627615,1.00613490300367,100.488235294118,1.6241853161436,0.0161629399838677
10,1012,"2ch_IP6_001_pos004.tif",175.36,3827.17,295,924,101.75,144,163,31.36,3664.17,1.31213389121339,0.990278746209603,100.488235294118,1.6241853161436,0.0161629399838677
11,1012,"2ch_IP6_001_pos004.tif",178.72,3868.41,291,919,101.2,145,161,33.72,3707.41,1.41087866108787,1.00196479052144,100.488235294118,1.6241853161436,0.0161629399838677
12,1012,"2ch_IP6_001_pos004.tif",176.23,3784.8,295,922,100.65,143,177,33.23,3607.8,1.39037656903766,0.975044187517229,100.488235294118,1.6241853161436,0.0161629399838677
13,1012,"2ch_IP6_001_pos004.tif",181.34,4135.67,293,923,100.65,148,164.7,33.34,3970.97,1.39497907949791,1.07319452777462,100.488235294118,1.6241853161436,0.0161629399838677
14,1012,"2ch_IP6_001_pos004.tif",186.28,4708.85,300,929,100.65,153,156,33.28,4552.85,1.39246861924686,1.23045344230218,100.488235294118,1.6241853161436,0.0161629399838677
15,1012,"2ch_IP6_001_pos004.tif",188.4,3695.77,296,924,101.2,153,151,35.4,3544.77,1.48117154811715,0.958009696930386,100.488235294118,1.6241853161436,0.0161629399838677
16,1012,"2ch_IP6_001_pos004.tif",190.87,4458.39,294,920,101.75,157,161,33.87,4297.39,1.41715481171548,1.16141281140714,100.488235294118,1.6241853161436,0.0161629399838677
0,1014,"2ch_IP6_001_pos004.tif",172.26,4472.58,892,746,79.2,136,157,36.26,4315.58,1,1,79.1352941176471,1.19684020261196,0.0151239749084987
1,1014,"2ch_IP6_001_pos004.tif",170.23,3976.81,885,751,79.75,135,151,35.23,3825.81,0.971594043022614,0.886511198958193,79.1352941176471,1.19684020261196,0.0151239749084987
2,1014,"2ch_IP6_001_pos004.tif",161.52,2805.02,888,747,80.3,134,146,27.52,2659.02,0.758963044677331,0.616144295784112,79.1352941176471,1.19684020261196,0.0151239749084987
3,1014,"2ch_IP6_001_pos004.tif",175.81,4091.75,889,742,80.3,137,139,38.81,3952.75,1.07032542746828,0.91592555345979,79.1352941176471,1.19684020261196,0.0151239749084987
4,1014,"2ch_IP6_001_pos004.tif",180.53,4542.07,890,739,79.75,140,141,40.53,4401.07,1.11776061776062,1.0198096200279,79.1352941176471,1.19684020261196,0.0151239749084987
5,1014,"2ch_IP6_001_pos004.tif",183.41,4569.48,887,746,79.2,142,141,41.41,4428.48,1.14202978488693,1.02616102586443,79.1352941176471,1.19684020261196,0.0151239749084987
6,1014,"2ch_IP6_001_pos004.tif",183.95,4660.68,889,743,79.75,143,143,40.95,4517.68,1.12934362934363,1.0468303217644,79.1352941176471,1.19684020261196,0.0151239749084987
7,1014,"2ch_IP6_001_pos004.tif",186.41,4879.05,877,751,78.65,144,162,42.41,4717.05,1.1696083838941,1.09302805184935,79.1352941176471,1.19684020261196,0.0151239749084987
8,1014,"2ch_IP6_001_pos004.tif",188.32,4205.15,876,750,80.3,143,161,45.32,4044.15,1.24986210700496,0.937104630200344,79.1352941176471,1.19684020261196,0.0151239749084987
9,1014,"2ch_IP6_001_pos004.tif",189.27,4131.36,876,750,80.3,143,153,46.27,3978.36,1.27606177606178,0.921859865881295,79.1352941176471,1.19684020261196,0.0151239749084987
10,1014,"2ch_IP6_001_pos004.tif",192.97,4223.96,877,750,80.85,144,163,48.97,4060.96,1.35052399338114,0.94099981925952,79.1352941176471,1.19684020261196,0.0151239749084987
11,1014,"2ch_IP6_001_pos004.tif",192.76,4340.93,877,753,78.1,145,161,47.76,4179.93,1.31715388858246,0.968567376806826,79.1352941176471,1.19684020261196,0.0151239749084987
12,1014,"2ch_IP6_001_pos004.tif",176.97,3031.92,877,751,78.65,143,177,33.97,2854.92,0.93684500827358,0.661537962452324,79.1352941176471,1.19684020261196,0.0151239749084987
13,1014,"2ch_IP6_001_pos004.tif",196.17,4361.02,875,750,78.65,148,164.7,48.17,4196.32,1.3284611141754,0.972365244069163,79.1352941176471,1.19684020261196,0.0151239749084987
14,1014,"2ch_IP6_001_pos004.tif",205.78,5235.37,875,751,77.55,153,156,52.78,5079.37,1.45559845559846,1.17698432192197,79.1352941176471,1.19684020261196,0.0151239749084987
15,1014,"2ch_IP6_001_pos004.tif",206.89,5318.25,876,747,77,153,151,53.89,5167.25,1.48621070049641,1.19734774931759,79.1352941176471,1.19684020261196,0.0151239749084987
16,1014,"2ch_IP6_001_pos004.tif",211.35,5381.55,877,749,77,157,161,54.35,5220.55,1.49889685603971,1.20969834877351,79.1352941176471,1.19684020261196,0.0151239749084987
0,1028,"2ch_IP6_001_pos005.tif",169.74,3996.82,911,342,94.05,134,148,35.74,3848.82,1,1,93.9852941176471,0.545940903933966,0.00580879071624311
1,1028,"2ch_IP6_001_pos005.tif",172.28,3571.81,911,341,95.15,135,177,37.28,3394.81,1.04308897593732,0.882039170447046,93.9852941176471,0.545940903933966,0.00580879071624311
2,1028,"2ch_IP6_001_pos005.tif",174.09,3903.57,911,342,94.6,135,150,39.09,3753.57,1.09373251259093,0.975252155206011,93.9852941176471,0.545940903933966,0.00580879071624311
3,1028,"2ch_IP6_001_pos005.tif",174.78,3795.16,908,341,95.15,136,141,38.78,3654.16,1.08505875769446,0.949423459657765,93.9852941176471,0.545940903933966,0.00580879071624311
4,1028,"2ch_IP6_001_pos005.tif",176.68,4129.39,910,342,93.5,138,156,38.68,3973.39,1.08226077224398,1.03236576405236,93.9852941176471,0.545940903933966,0.00580879071624311
5,1028,"2ch_IP6_001_pos005.tif",179.54,4237.84,907,342,93.5,139,145,40.54,4092.84,1.13430330162283,1.06340125025332,93.9852941176471,0.545940903933966,0.00580879071624311
6,1028,"2ch_IP6_001_pos005.tif",180.73,4281.25,902,341,93.5,140,139,40.73,4142.25,1.13961947397873,1.07623895115906,93.9852941176471,0.545940903933966,0.00580879071624311
7,1028,"2ch_IP6_001_pos005.tif",182.78,4374.71,902,341,93.5,141.7,148,41.08,4226.71,1.1494124230554,1.09818333930919,93.9852941176471,0.545940903933966,0.00580879071624311
8,1028,"2ch_IP6_001_pos005.tif",184.15,4360.01,905,343,93.5,143,156,41.15,4204.01,1.15137101287073,1.09228542774149,93.9852941176471,0.545940903933966,0.00580879071624311
9,1028,"2ch_IP6_001_pos005.tif",186.71,4072.4,902,341,94.05,144,157,42.71,3915.4,1.19501958589815,1.01729880846597,93.9852941176471,0.545940903933966,0.00580879071624311
10,1028,"2ch_IP6_001_pos005.tif",189.33,3924.17,899,341,94.05,144,147,45.33,3777.17,1.26832680470062,0.981383904677278,93.9852941176471,0.545940903933966,0.00580879071624311
11,1028,"2ch_IP6_001_pos005.tif",186.01,3454.1,902,339,93.5,141,142,45.01,3312.1,1.25937325125909,0.8605494671094,93.9852941176471,0.545940903933966,0.00580879071624311
12,1028,"2ch_IP6_001_pos005.tif",182.7,3208.34,901,338,93.5,141,142,41.7,3066.34,1.16675993284835,0.796696130242516,93.9852941176471,0.545940903933966,0.00580879071624311
13,1028,"2ch_IP6_001_pos005.tif",197.78,3920.03,904,339,94.05,147,162,50.78,3758.03,1.42081701175154,0.976410951928123,93.9852941176471,0.545940903933966,0.00580879071624311
14,1028,"2ch_IP6_001_pos005.tif",201.3,4044.32,905,337,94.05,151,151,50.3,3893.32,1.40738668158926,1.01156198523184,93.9852941176471,0.545940903933966,0.00580879071624311
15,1028,"2ch_IP6_001_pos005.tif",204.16,4034.02,904,340,94.05,153,147,51.16,3887.02,1.43144935646335,1.00992511990688,93.9852941176471,0.545940903933966,0.00580879071624311
16,1028,"2ch_IP6_001_pos005.tif",207.31,4123.51,904,338,94.05,154,149,53.31,3974.51,1.49160604364857,1.03265676233235,93.9852941176471,0.545940903933966,0.00580879071624311
0,1030,"2ch_IP6_001_pos005.tif",162.07,3984.6,231,390,84.7,134,148,28.07,3836.6,1,1,84.8294117647059,0.837044432723223,0.00986738461708258
1,1030,"2ch_IP6_001_pos005.tif",162.67,3449.87,230,392,85.8,135,177,27.67,3272.87,0.985749910936943,0.853065213991555,84.8294117647059,0.837044432723223,0.00986738461708258
2,1030,"2ch_IP6_001_pos005.tif",162.1,3414.66,229,391,85.8,135,150,27.1,3264.66,0.965443534022088,0.850925298441328,84.8294117647059,0.837044432723223,0.00986738461708258
3,1030,"2ch_IP6_001_pos005.tif",165.01,3550.5,228,391,86.9,136,141,29.01,3409.5,1.03348770929818,0.888677474847521,84.8294117647059,0.837044432723223,0.00986738461708258
4,1030,"2ch_IP6_001_pos005.tif",166.85,4147.18,227,391,84.15,138,156,28.85,3991.18,1.02778767367296,1.04029088255226,84.8294117647059,0.837044432723223,0.00986738461708258
5,1030,"2ch_IP6_001_pos005.tif",168.75,4382.32,226,391,83.6,139,145,29.75,4237.32,1.05985037406484,1.10444664546734,84.8294117647059,0.837044432723223,0.00986738461708258
6,1030,"2ch_IP6_001_pos005.tif",170.87,4453.95,227,391,83.6,140,139,30.87,4314.95,1.0997506234414,1.12468070687588,84.8294117647059,0.837044432723223,0.00986738461708258
7,1030,"2ch_IP6_001_pos005.tif",172.79,4119.23,226,390,84.15,141.7,148,31.0899999999999,3971.23,1.10758817242608,1.03509096595944,84.8294117647059,0.837044432723223,0.00986738461708258
8,1030,"2ch_IP6_001_pos005.tif",173.57,4301.06,226,391,84.15,143,156,30.57,4145.06,1.0890630566441,1.08039931189074,84.8294117647059,0.837044432723223,0.00986738461708258
9,1030,"2ch_IP6_001_pos005.tif",176.46,4170.2,226,391,84.7,144,157,32.46,4013.2,1.15639472746705,1.04603033936298,84.8294117647059,0.837044432723223,0.00986738461708258
10,1030,"2ch_IP6_001_pos005.tif",178.57,4148.24,226,391,84.7,144,147,34.57,4001.24,1.23156394727467,1.04291299588177,84.8294117647059,0.837044432723223,0.00986738461708258
11,1030,"2ch_IP6_001_pos005.tif",168.62,2587.63,226,391,85.25,141,142,27.62,2445.63,0.983968649804062,0.637447218891727,84.8294117647059,0.837044432723223,0.00986738461708258
12,1030,"2ch_IP6_001_pos005.tif",159.05,2384.01,226,388,84.7,141,142,18.05,2242.01,0.643035268970432,0.584374185476724,84.8294117647059,0.837044432723223,0.00986738461708258
13,1030,"2ch_IP6_001_pos005.tif",182.49,4168.42,227,388,84.7,147,162,35.49,4006.42,1.2643391521197,1.04426314966376,84.8294117647059,0.837044432723223,0.00986738461708258
14,1030,"2ch_IP6_001_pos005.tif",188.1,4355.77,227,390,84.7,151,151,37.1,4204.77,1.3216957605985,1.09596257102643,84.8294117647059,0.837044432723223,0.00986738461708258
15,1030,"2ch_IP6_001_pos005.tif",190.15,4646.87,227,389,85.25,153,147,37.15,4499.87,1.32347702173139,1.17287963300839,84.8294117647059,0.837044432723223,0.00986738461708258
16,1030,"2ch_IP6_001_pos005.tif",192.4,4151.02,226,388,85.25,154,149,38.4,4002.02,1.36800855005344,1.04311630089141,84.8294117647059,0.837044432723223,0.00986738461708258
0,1033,"2ch_IP6_001_pos005.tif",170.65,4577.87,1046,534,76.45,134,148,36.65,4429.87,1,1,76.9352941176471,0.750159296808504,0.00975052224615381
1,1033,"2ch_IP6_001_pos005.tif",171.88,4320.93,1043,535,77,135,177,36.88,4143.93,1.006275579809,0.935451830414888,76.9352941176471,0.750159296808504,0.00975052224615381
2,1033,"2ch_IP6_001_pos005.tif",174.64,4414.03,1043,533,77,135,150,39.64,4264.03,1.08158253751705,0.96256323548998,76.9352941176471,0.750159296808504,0.00975052224615381
3,1033,"2ch_IP6_001_pos005.tif",175.94,4432.87,1043,532,77.55,136,141,39.94,4291.87,1.08976807639836,0.968847844293399,76.9352941176471,0.750159296808504,0.00975052224615381
4,1033,"2ch_IP6_001_pos005.tif",177.27,4489.71,1043,531,77.55,138,156,39.27,4333.71,1.07148703956344,0.978292816719227,76.9352941176471,0.750159296808504,0.00975052224615381
5,1033,"2ch_IP6_001_pos005.tif",179.81,4245.18,1042,532,78.1,139,145,40.81,4100.18,1.11350613915416,0.925575694094861,76.9352941176471,0.750159296808504,0.00975052224615381
6,1033,"2ch_IP6_001_pos005.tif",181.48,4365.23,1043,530,78.1,140,139,41.48,4226.23,1.13178717598909,0.954030253709477,76.9352941176471,0.750159296808504,0.00975052224615381
7,1033,"2ch_IP6_001_pos005.tif",183.42,4427.59,1043,530,78.1,141.7,148,41.7199999999999,4279.59,1.13833560709413,0.966075753916029,76.9352941176471,0.750159296808504,0.00975052224615381
8,1033,"2ch_IP6_001_pos005.tif",187.02,4542.58,1043,531,77,143,156,44.02,4386.58,1.20109140518417,0.990227704198995,76.9352941176471,0.750159296808504,0.00975052224615381
9,1033,"2ch_IP6_001_pos005.tif",189.05,4609.91,1043,530,77,144,157,45.05,4452.91,1.22919508867667,1.00520105556145,76.9352941176471,0.750159296808504,0.00975052224615381
10,1033,"2ch_IP6_001_pos005.tif",190.23,4629.49,1041,531,76.45,144,147,46.23,4482.49,1.26139154160982,1.01187845241508,76.9352941176471,0.750159296808504,0.00975052224615381
11,1033,"2ch_IP6_001_pos005.tif",187.11,3773.76,1044,529,77,141,142,46.11,3631.76,1.2581173260573,0.819834442094238,76.9352941176471,0.750159296808504,0.00975052224615381
12,1033,"2ch_IP6_001_pos005.tif",189.45,4282.35,1042,529,76.45,141,142,48.45,4140.35,1.32196452933151,0.934643680288586,76.9352941176471,0.750159296808504,0.00975052224615381
13,1033,"2ch_IP6_001_pos005.tif",198.98,5207.02,1042,528,75.9,147,162,51.98,5045.02,1.41828103683492,1.13886412016605,76.9352941176471,0.750159296808504,0.00975052224615381
14,1033,"2ch_IP6_001_pos005.tif",201.47,5213.92,1042,532,76.45,151,151,50.47,5062.92,1.37708049113233,1.14290487079756,76.9352941176471,0.750159296808504,0.00975052224615381
15,1033,"2ch_IP6_001_pos005.tif",204.44,5333.24,1042,528,75.9,153,147,51.44,5186.24,1.40354706684857,1.17074315950581,76.9352941176471,0.750159296808504,0.00975052224615381
16,1033,"2ch_IP6_001_pos005.tif",208.25,5537.4,1043,530,75.9,154,149,54.25,5388.4,1.48021828103683,1.21637881021339,76.9352941176471,0.750159296808504,0.00975052224615381
0,1041,"2ch_IP6_001_pos006.tif",162.79,4915.65,816,625,118.8,132,152,30.79,4763.65,1,1,119.738235294118,1.14653409943903,0.00957533820857436
1,1041,"2ch_IP6_001_pos006.tif",164.74,5313.48,826,638,117.7,133,148,31.74,5165.48,1.03085417343293,1.08435338448459,119.738235294118,1.14653409943903,0.00957533820857436
2,1041,"2ch_IP6_001_pos006.tif",167.43,5274.06,822,635,118.8,134,142,33.43,5132.06,1.08574212406626,1.07733775571253,119.738235294118,1.14653409943903,0.00957533820857436
3,1041,"2ch_IP6_001_pos006.tif",168.67,5067,818,640,119.9,135,141,33.67,4926,1.09353686261773,1.03408100931009,119.738235294118,1.14653409943903,0.00957533820857436
4,1041,"2ch_IP6_001_pos006.tif",171.48,5181.87,820,639,118.8,137,151,34.48,5030.87,1.11984410522897,1.05609564094759,119.738235294118,1.14653409943903,0.00957533820857436
5,1041,"2ch_IP6_001_pos006.tif",173.04,4972.74,817,639,119.35,138,144,35.04,4828.74,1.13803182851575,1.01366389218351,119.738235294118,1.14653409943903,0.00957533820857436
6,1041,"2ch_IP6_001_pos006.tif",175.36,5072.2,818,639,119.9,139,137,36.36,4935.2,1.18090289054888,1.0360123014915,119.738235294118,1.14653409943903,0.00957533820857436
7,1041,"2ch_IP6_001_pos006.tif",177.38,4780.37,818,638,120.45,140,154,37.38,4626.37,1.21403052939266,0.971181761884269,119.738235294118,1.14653409943903,0.00957533820857436
8,1041,"2ch_IP6_001_pos006.tif",179.26,5036.58,818,638,119.9,141,143,38.26,4893.58,1.24261123741475,1.02727530360123,119.738235294118,1.14653409943903,0.00957533820857436
9,1041,"2ch_IP6_001_pos006.tif",181.48,3958.98,818,638,122.1,141,145,40.48,3813.98,1.31471256901591,0.800642364573384,119.738235294118,1.14653409943903,0.00957533820857436
10,1041,"2ch_IP6_001_pos006.tif",177.61,3463.09,816,639,121,138,165,39.61,3298.09,1.28645664176681,0.692345155500509,119.738235294118,1.14653409943903,0.00957533820857436
11,1041,"2ch_IP6_001_pos006.tif",175.88,4374.58,814,638,120.45,138,149,37.88,4225.58,1.23026956804157,0.887046697385408,119.738235294118,1.14653409943903,0.00957533820857436
12,1041,"2ch_IP6_001_pos006.tif",189.02,5446.12,817,638,120.45,143,151,46.02,5295.12,1.49464111724586,1.11156781039749,119.738235294118,1.14653409943903,0.00957533820857436
13,1041,"2ch_IP6_001_pos006.tif",193.37,5787.65,817,638,120.45,148,155,45.37,5632.65,1.47353036700227,1.18242314191849,119.738235294118,1.14653409943903,0.00957533820857436
14,1041,"2ch_IP6_001_pos006.tif",196.65,6119.84,817,638,120.45,150,163,46.65,5956.84,1.51510230594349,1.25047809977643,119.738235294118,1.14653409943903,0.00957533820857436
15,1041,"2ch_IP6_001_pos006.tif",199.08,6271.85,814,637,117.7,152,153,47.08,6118.85,1.52906787918155,1.28448773524503,119.738235294118,1.14653409943903,0.00957533820857436
16,1041,"2ch_IP6_001_pos006.tif",202.8,6214.33,816,637,119.35,152,148,50.8,6066.33,1.64988632672946,1.27346257596591,119.738235294118,1.14653409943903,0.00957533820857436
0,1042,"2ch_IP6_001_pos006.tif",161.61,5018.41,1038,820,102.85,132,152,29.61,4866.41,1,1,102.202941176471,0.590939555981429,0.00578202103754599
1,1042,"2ch_IP6_001_pos006.tif",164.12,4814,1038,821,103.4,133,148,31.12,4666,1.05099628503884,0.958817691070008,102.202941176471,0.590939555981429,0.00578202103754599
2,1042,"2ch_IP6_001_pos006.tif",166.89,4996.38,1038,821,102.3,134,142,32.89,4854.38,1.11077338736913,0.997527951816637,102.202941176471,0.590939555981429,0.00578202103754599
3,1042,"2ch_IP6_001_pos006.tif",168.39,5173.89,1036,820,102.85,135,141,33.39,5032.89,1.12765957446808,1.03421002340534,102.202941176471,0.590939555981429,0.00578202103754599
4,1042,"2ch_IP6_001_pos006.tif",170.19,5255.53,1036,819,102.85,137,151,33.19,5104.53,1.1209050996285,1.04893134774916,102.202941176471,0.590939555981429,0.00578202103754599
5,1042,"2ch_IP6_001_pos006.tif",172.15,5592.86,1035,821,101.75,138,144,34.15,5448.86,1.15332657885849,1.11968781915211,102.202941176471,0.590939555981429,0.00578202103754599
6,1042,"2ch_IP6_001_pos006.tif",173.99,5317.48,1036,820,102.3,139,137,34.99,5180.48,1.18169537318473,1.06453833524097,102.202941176471,0.590939555981429,0.00578202103754599
7,1042,"2ch_IP6_001_pos006.tif",175.74,5396.79,1036,820,102.3,140,154,35.74,5242.79,1.20702465383316,1.07734243518323,102.202941176471,0.590939555981429,0.00578202103754599
8,1042,"2ch_IP6_001_pos006.tif",178.75,5553.64,1036,818,102.3,141,143,37.75,5410.64,1.27490712597096,1.11183398028526,102.202941176471,0.590939555981429,0.00578202103754599
9,1042,"2ch_IP6_001_pos006.tif",179.4,5139.82,1036,821,102.85,141,145,38.4,4994.82,1.29685916919959,1.02638700808193,102.202941176471,0.590939555981429,0.00578202103754599
10,1042,"2ch_IP6_001_pos006.tif",176.98,4493.41,1034,821,101.75,138,165,38.98,4328.41,1.31644714623438,0.889446224218675,102.202941176471,0.590939555981429,0.00578202103754599
11,1042,"2ch_IP6_001_pos006.tif",179.64,4748.34,1034,819,101.75,138,149,41.64,4599.34,1.40628166160081,0.945119708368181,102.202941176471,0.590939555981429,0.00578202103754599
12,1042,"2ch_IP6_001_pos006.tif",187.23,5763.85,1035,819,101.75,143,151,44.23,5612.85,1.49375211077339,1.15338617173645,102.202941176471,0.590939555981429,0.00578202103754599
13,1042,"2ch_IP6_001_pos006.tif",190.68,5723.54,1036,817,101.2,148,155,42.68,5568.54,1.44140493076663,1.14428089700621,102.202941176471,0.590939555981429,0.00578202103754599
14,1042,"2ch_IP6_001_pos006.tif",192.66,5639.66,1035,820,101.75,150,163,42.66,5476.66,1.44072948328267,1.12540044920177,102.202941176471,0.590939555981429,0.00578202103754599
15,1042,"2ch_IP6_001_pos006.tif",196.62,5900.95,1035,819,101.75,152,153,44.62,5747.95,1.50692333671057,1.18114790985552,102.202941176471,0.590939555981429,0.00578202103754599
16,1042,"2ch_IP6_001_pos006.tif",198.81,5701.85,1035,821,101.75,152,148,46.81,5553.85,1.58088483620398,1.14126224465263,102.202941176471,0.590939555981429,0.00578202103754599
0,1057,"2ch_IP6_001_pos008.tif",175.77,4981.17,849,824,91.85,140,152,35.77,4829.17,1,1,95.15,1.59167757413366,0.0167280880098125
1,1057,"2ch_IP6_001_pos008.tif",175.89,4641.3,847,825,93.5,140,147,35.89,4494.3,1.00335476656416,0.930656820944386,95.15,1.59167757413366,0.0167280880098125
2,1057,"2ch_IP6_001_pos008.tif",176.43,4483.27,855,824,94.6,140,174,36.43,4309.27,1.01845121610288,0.892341748167905,95.15,1.59167757413366,0.0167280880098125
3,1057,"2ch_IP6_001_pos008.tif",176.1,4106.66,851,824,95.15,140,174,36.1,3932.66,1.00922560805144,0.8143552618773,95.15,1.59167757413366,0.0167280880098125
4,1057,"2ch_IP6_001_pos008.tif",177.54,4857.11,854,822,92.4,140,184,37.54,4673.11,1.04948280682136,0.967683887707411,95.15,1.59167757413366,0.0167280880098125
5,1057,"2ch_IP6_001_pos008.tif",179.03,3940.01,848,821,96.25,141,154,38.03,3786.01,1.06318143695834,0.783987724598637,95.15,1.59167757413366,0.0167280880098125
6,1057,"2ch_IP6_001_pos008.tif",180.13,3844.57,849,820,96.8,141,176,39.13,3668.57,1.09393346379648,0.759668845785094,95.15,1.59167757413366,0.0167280880098125
7,1057,"2ch_IP6_001_pos008.tif",181.51,3841.68,849,820,96.8,142,172,39.51,3669.68,1.10455689124965,0.759898698948266,95.15,1.59167757413366,0.0167280880098125
8,1057,"2ch_IP6_001_pos008.tif",180.95,3537.2,848,819,96.25,143,152,37.95,3385.2,1.06094492591557,0.700990025201018,95.15,1.59167757413366,0.0167280880098125
9,1057,"2ch_IP6_001_pos008.tif",173.86,3281.57,849,819,95.7,143,146,30.86,3135.57,0.86273413474979,0.649297912477714,95.15,1.59167757413366,0.0167280880098125
10,1057,"2ch_IP6_001_pos008.tif",170.61,2507.94,847,818,97.35,144,152,26.61,2355.94,0.74391948560246,0.487856091212362,95.15,1.59167757413366,0.0167280880098125
11,1057,"2ch_IP6_001_pos008.tif",179.47,3592.15,851,819,93.5,145,153,34.47,3439.15,0.963656695554934,0.712161717230911,95.15,1.59167757413366,0.0167280880098125
12,1057,"2ch_IP6_001_pos008.tif",188.69,4050.9,850,817,94.05,146,182,42.69,3868.9,1.19345820519989,0.80115216486477,95.15,1.59167757413366,0.0167280880098125
13,1057,"2ch_IP6_001_pos008.tif",194.49,4492.93,848,818,95.7,148,159,46.49,4333.93,1.29969247973162,0.897448215738937,95.15,1.59167757413366,0.0167280880098125
14,1057,"2ch_IP6_001_pos008.tif",197.17,4331.59,849,818,95.7,149,161,48.17,4170.59,1.34665921162986,0.863624598015808,95.15,1.59167757413366,0.0167280880098125
15,1057,"2ch_IP6_001_pos008.tif",200.62,5021.51,845,826,95.7,152.7,155,47.92,4866.51,1.33967011462119,1.00773217757917,95.15,1.59167757413366,0.0167280880098125
16,1057,"2ch_IP6_001_pos008.tif",203.12,4140.48,844,824,96.25,154,166,49.12,3974.48,1.37321778026279,0.823015135106033,95.15,1.59167757413366,0.0167280880098125
0,1065,"2ch_IP6_001_pos009.tif",172.38,6436.83,1005,688,96.8,135,148,37.38,6288.83,1,1,99.6470588235294,1.64121435492855,0.0164702739278544
1,1065,"2ch_IP6_001_pos009.tif",171.96,6223.4,1021,687,99,135,138,36.96,6085.4,0.988764044943821,0.96765217059453,99.6470588235294,1.64121435492855,0.0164702739278544
2,1065,"2ch_IP6_001_pos009.tif",173.23,6072.85,1017,685,99.55,135.7,147,37.5299999999999,5925.85,1.00401284109149,0.942281791684622,99.6470588235294,1.64121435492855,0.0164702739278544
3,1065,"2ch_IP6_001_pos009.tif",173.05,5368.36,1017,685,100.1,133,148,40.05,5220.36,1.07142857142857,0.830100352529803,99.6470588235294,1.64121435492855,0.0164702739278544
4,1065,"2ch_IP6_001_pos009.tif",173.85,5560.94,1016,685,100.65,133,144,40.85,5416.94,1.0928303905832,0.861358949120902,99.6470588235294,1.64121435492855,0.0164702739278544
5,1065,"2ch_IP6_001_pos009.tif",177.19,6021.92,1015,684,100.1,136,150,41.19,5871.92,1.10192616372392,0.933706269687684,99.6470588235294,1.64121435492855,0.0164702739278544
6,1065,"2ch_IP6_001_pos009.tif",177.36,6001.72,1016,686,100.65,138,143,39.36,5858.72,1.05296950240771,0.931607310103787,99.6470588235294,1.64121435492855,0.0164702739278544
7,1065,"2ch_IP6_001_pos009.tif",179.67,6110.62,1014,685,99.55,139,146,40.67,5964.62,1.08801498127341,0.948446690401871,99.6470588235294,1.64121435492855,0.0164702739278544
8,1065,"2ch_IP6_001_pos009.tif",182.44,6138.82,1016,684,100.1,140,168,42.44,5970.82,1.13536650615302,0.949432565357944,99.6470588235294,1.64121435492855,0.0164702739278544
9,1065,"2ch_IP6_001_pos009.tif",184.41,6158.95,1012,688,101.2,142,164,42.41,5994.95,1.13456393793472,0.953269527082144,99.6470588235294,1.64121435492855,0.0164702739278544
10,1065,"2ch_IP6_001_pos009.tif",186.98,5906.14,1014,685,101.2,143,148,43.98,5758.14,1.17656500802568,0.91561387412285,99.6470588235294,1.64121435492855,0.0164702739278544
11,1065,"2ch_IP6_001_pos009.tif",189.59,6179.25,1011,689,100.1,144,152,45.59,6027.25,1.21963616907437,0.958405617579105,99.6470588235294,1.64121435492855,0.0164702739278544
12,1065,"2ch_IP6_001_pos009.tif",191.47,5443.87,1012,694,99.55,145,152,46.47,5291.87,1.24317817014446,0.841471307063476,99.6470588235294,1.64121435492855,0.0164702739278544
13,1065,"2ch_IP6_001_pos009.tif",194.1,6567.86,1010,685,94.6,147,145,47.1,6422.86,1.26003210272873,1.02131239038104,99.6470588235294,1.64121435492855,0.0164702739278544
14,1065,"2ch_IP6_001_pos009.tif",198.09,5896.79,1016,685,100.1,148,148,50.09,5748.79,1.34002140181915,0.914127111084256,99.6470588235294,1.64121435492855,0.0164702739278544
15,1065,"2ch_IP6_001_pos009.tif",200.29,5122.79,1013,691,100.1,151,163,49.29,4959.79,1.31861958266453,0.788666572319493,99.6470588235294,1.64121435492855,0.0164702739278544
16,1065,"2ch_IP6_001_pos009.tif",203.29,5936.7,1013,686,100.65,151,152.7,52.29,5784,1.39887640449438,0.919725926762212,99.6470588235294,1.64121435492855,0.0164702739278544
0,1068,"2ch_IP6_001_pos009.tif",167.23,4896.31,508,536,67.65,135,148,32.23,4748.31,1,1,67.1,1.02895578136283,0.0153346614212047
1,1068,"2ch_IP6_001_pos009.tif",167.32,3340.48,505,543,68.2,135,138,32.32,3202.48,1.00279242941359,0.67444627667528,67.1,1.02895578136283,0.0153346614212047
2,1068,"2ch_IP6_001_pos009.tif",167.46,4800.13,504,534,67.65,135.7,147,31.76,4653.13,0.985417313062363,0.979954973453713,67.1,1.02895578136283,0.0153346614212047
3,1068,"2ch_IP6_001_pos009.tif",166.55,3928.88,505,532,69.3,133,148,33.55,3780.88,1.04095563139932,0.796258037070031,67.1,1.02895578136283,0.0153346614212047
4,1068,"2ch_IP6_001_pos009.tif",166.43,3915.79,503,535,69.3,133,144,33.43,3771.79,1.0372323921812,0.794343671748475,67.1,1.02895578136283,0.0153346614212047
5,1068,"2ch_IP6_001_pos009.tif",170.83,5189.04,506,536,66.55,136,150,34.83,5039.04,1.08067018305926,1.06122810010298,67.1,1.02895578136283,0.0153346614212047
6,1068,"2ch_IP6_001_pos009.tif",173.18,5476.45,502,536,66.55,138,143,35.18,5333.45,1.09152963077878,1.12323121278939,67.1,1.02895578136283,0.0153346614212047
7,1068,"2ch_IP6_001_pos009.tif",176.27,5040.7,503,533,67.1,139,146,37.27,4894.7,1.15637604716103,1.03082991632812,67.1,1.02895578136283,0.0153346614212047
8,1068,"2ch_IP6_001_pos009.tif",179.38,5514.52,504,533,67.1,140,168,39.38,5346.52,1.22184300341297,1.12598377106802,67.1,1.02895578136283,0.0153346614212047
9,1068,"2ch_IP6_001_pos009.tif",181.33,5657.26,503,533,66.55,142,164,39.33,5493.26,1.22029165373875,1.15688739783207,67.1,1.02895578136283,0.0153346614212047
10,1068,"2ch_IP6_001_pos009.tif",184.3,5275.88,503,534,66.55,143,148,41.3,5127.88,1.28141483090289,1.07993791475283,67.1,1.02895578136283,0.0153346614212047
11,1068,"2ch_IP6_001_pos009.tif",185.86,5062,503,533,67.1,144,152,41.86,4910,1.29878994725411,1.03405211538421,67.1,1.02895578136283,0.0153346614212047
12,1068,"2ch_IP6_001_pos009.tif",188.83,5441.83,501,533,66,145,152,43.83,5289.83,1.35991312441824,1.11404478646087,67.1,1.02895578136283,0.0153346614212047
13,1068,"2ch_IP6_001_pos009.tif",192.18,5236.78,503,534,66,147,145,45.18,5091.78,1.40179956562209,1.07233520979043,67.1,1.02895578136283,0.0153346614212047
14,1068,"2ch_IP6_001_pos009.tif",195.33,5531.34,503,533,66,148,148,47.33,5383.34,1.4685076016134,1.13373810892718,67.1,1.02895578136283,0.0153346614212047
15,1068,"2ch_IP6_001_pos009.tif",199.1,5649.55,504,533,66.55,151,163,48.1,5486.55,1.49239838659634,1.15547426347479,67.1,1.02895578136283,0.0153346614212047
16,1068,"2ch_IP6_001_pos009.tif",200.28,5186.7,503,533,66.55,151,152.7,49.28,5034,1.52901023890785,1.06016666982569,67.1,1.02895578136283,0.0153346614212047
0,1073,"2ch_IP6_001_pos009.tif",162.02,5467.2,326,691,46.75,135,148,27.02,5319.2,1,1,47.3970588235294,0.783515831890799,0.0165308956154435
1,1073,"2ch_IP6_001_pos009.tif",163.4,5661.87,362,698,47.85,135,138,28.4,5523.87,1.05107327905255,1.03847759061513,47.3970588235294,0.783515831890799,0.0165308956154435
2,1073,"2ch_IP6_001_pos009.tif",166.01,5504,398,697,48.95,135.7,147,30.3099999999999,5357,1.12176165803109,1.00710633177922,47.3970588235294,0.783515831890799,0.0165308956154435
3,1073,"2ch_IP6_001_pos009.tif",162.35,4842.33,420,696,48.4,133,148,29.35,4694.33,1.08623242042931,0.88252556775455,47.3970588235294,0.783515831890799,0.0165308956154435
4,1073,"2ch_IP6_001_pos009.tif",164.49,5046.89,421,695,48.4,133,144,31.49,4902.89,1.16543301258327,0.921734471349075,47.3970588235294,0.783515831890799,0.0165308956154435
5,1073,"2ch_IP6_001_pos009.tif",169.61,5824.75,421,695,47.85,136,150,33.61,5674.75,1.24389341228719,1.06684275830952,47.3970588235294,0.783515831890799,0.0165308956154435
6,1073,"2ch_IP6_001_pos009.tif",171.41,6054.69,421,695,46.75,138,143,33.41,5911.69,1.23649148778682,1.11138705068431,47.3970588235294,0.783515831890799,0.0165308956154435
7,1073,"2ch_IP6_001_pos009.tif",173.35,6121.08,421,695,47.3,139,146,34.35,5975.08,1.27128053293856,1.12330425627914,47.3970588235294,0.783515831890799,0.0165308956154435
8,1073,"2ch_IP6_001_pos009.tif",176.36,6091.61,421,695,47.3,140,168,36.36,5923.61,1.34566987416728,1.1136279891713,47.3970588235294,0.783515831890799,0.0165308956154435
9,1073,"2ch_IP6_001_pos009.tif",178.47,6107.19,421,695,47.3,142,164,36.47,5943.19,1.34974093264249,1.11730899383366,47.3970588235294,0.783515831890799,0.0165308956154435
10,1073,"2ch_IP6_001_pos009.tif",180.51,6048.41,421,695,47.3,143,148,37.51,5900.41,1.38823094004441,1.10926643104226,47.3970588235294,0.783515831890799,0.0165308956154435
11,1073,"2ch_IP6_001_pos009.tif",181.92,6154.27,421,695,46.75,144,152,37.92,6002.27,1.40340488527017,1.1284159272071,47.3970588235294,0.783515831890799,0.0165308956154435
12,1073,"2ch_IP6_001_pos009.tif",184.67,6292.06,422,696,47.3,145,152,39.67,6140.06,1.46817172464841,1.15432019852609,47.3970588235294,0.783515831890799,0.0165308956154435
13,1073,"2ch_IP6_001_pos009.tif",187.67,6050.64,421,694,46.75,147,145,40.67,5905.64,1.50518134715026,1.11024966160325,47.3970588235294,0.783515831890799,0.0165308956154435
14,1073,"2ch_IP6_001_pos009.tif",192.1,6211.69,422,694,47.85,148,148,44.1,6063.69,1.63212435233161,1.13996277635735,47.3970588235294,0.783515831890799,0.0165308956154435
15,1073,"2ch_IP6_001_pos009.tif",194.39,6217.57,423,694,47.3,151,163,43.39,6054.57,1.60584752035529,1.13824823281696,47.3970588235294,0.783515831890799,0.0165308956154435
16,1073,"2ch_IP6_001_pos009.tif",197.34,6299.81,422,694,45.65,151,152.7,46.34,6147.11,1.71502590673575,1.15564558580238,47.3970588235294,0.783515831890799,0.0165308956154435
0,1078,"2ch_IP6_001_pos010.tif",183.49,4492.57,984,308,95.15,139,146,44.49,4346.57,1,1,95.2147058823529,0.697935506037798,0.00733012300537026
1,1078,"2ch_IP6_001_pos010.tif",180.57,4557.29,1008,325,94.05,139,152,41.57,4405.29,0.934367273544616,1.01350950289539,95.2147058823529,0.697935506037798,0.00733012300537026
2,1078,"2ch_IP6_001_pos010.tif",167.28,2757.8,1020,326,95.7,136,144,31.28,2613.8,0.703079343672735,0.601347729359012,95.2147058823529,0.697935506037798,0.00733012300537026
3,1078,"2ch_IP6_001_pos010.tif",167.47,3255.5,1034,313,94.05,137,141,30.47,3114.5,0.684873005169701,0.716542008986396,95.2147058823529,0.697935506037798,0.00733012300537026
4,1078,"2ch_IP6_001_pos010.tif",181.87,4481.74,1044,308,95.7,141,139,40.87,4342.74,0.918633400764217,0.999118845434446,95.2147058823529,0.697935506037798,0.00733012300537026
5,1078,"2ch_IP6_001_pos010.tif",185.26,4658.44,1038,305,96.25,142,140,43.26,4518.44,0.972353337828725,1.03954152354615,95.2147058823529,0.697935506037798,0.00733012300537026
6,1078,"2ch_IP6_001_pos010.tif",188.15,4906.66,1037,304,95.15,143,142,45.15,4764.66,1.01483479433581,1.09618848885443,95.2147058823529,0.697935506037798,0.00733012300537026
7,1078,"2ch_IP6_001_pos010.tif",189.9,4978.9,1037,304,95.15,145,146.7,44.9,4832.2,1.00921555405709,1.11172717798172,95.2147058823529,0.697935506037798,0.00733012300537026
8,1078,"2ch_IP6_001_pos010.tif",191.97,4954.98,1038,303,95.15,146,150,45.97,4804.98,1.03326590244999,1.1054647687717,95.2147058823529,0.697935506037798,0.00733012300537026
9,1078,"2ch_IP6_001_pos010.tif",194.38,4972.31,1037,304,95.15,148,144,46.38,4828.31,1.04248145650708,1.11083221942819,95.2147058823529,0.697935506037798,0.00733012300537026
10,1078,"2ch_IP6_001_pos010.tif",197.69,4760.76,1036,306,95.7,149,147,48.69,4613.76,1.0944032366824,1.06147145910454,95.2147058823529,0.697935506037798,0.00733012300537026
11,1078,"2ch_IP6_001_pos010.tif",199.09,5085.89,1038,303,95.7,150,146,49.09,4939.89,1.10339402112834,1.13650303572702,95.2147058823529,0.697935506037798,0.00733012300537026
12,1078,"2ch_IP6_001_pos010.tif",202.48,4991.1,1037,305,95.15,152,158,50.48,4833.1,1.13463699707799,1.1119342378013,95.2147058823529,0.697935506037798,0.00733012300537026
13,1078,"2ch_IP6_001_pos010.tif",204.62,4737.1,1037,304,96.25,153,157,51.62,4580.1,1.16026073274893,1.05372742185217,95.2147058823529,0.697935506037798,0.00733012300537026
14,1078,"2ch_IP6_001_pos010.tif",207.23,4700.54,1037,305,95.7,155,191,52.23,4509.54,1.17397167902899,1.03749393199695,95.2147058823529,0.697935506037798,0.00733012300537026
15,1078,"2ch_IP6_001_pos010.tif",209.19,5331.46,1037,303,94.6,156,156,53.19,5175.46,1.19554956169926,1.19069979317025,95.2147058823529,0.697935506037798,0.00733012300537026
16,1078,"2ch_IP6_001_pos010.tif",212.19,5463.39,1037,303,94.05,158,189,54.19,5274.39,1.21802652281412,1.21346026867162,95.2147058823529,0.697935506037798,0.00733012300537026
0,1079,"2ch_IP6_001_pos010.tif",181.27,3925.2,1151,590,91.3,139,146,42.27,3779.2,1,1,92.0441176470588,0.613107441884472,0.00666101710307463
1,1079,"2ch_IP6_001_pos010.tif",179.16,4027.09,1148,585,90.75,139,152,40.16,3875.09,0.950082801040927,1.02537309483489,92.0441176470588,0.613107441884472,0.00666101710307463
2,1079,"2ch_IP6_001_pos010.tif",163.97,2975.01,1147,585,92.4,136,144,27.97,2831.01,0.661698604211024,0.749102984758679,92.0441176470588,0.613107441884472,0.00666101710307463
3,1079,"2ch_IP6_001_pos010.tif",175.28,3227.73,1148,574,91.3,137,141,38.28,3086.73,0.905606813342796,0.816768099068586,92.0441176470588,0.613107441884472,0.00666101710307463
4,1079,"2ch_IP6_001_pos010.tif",182.93,3939.65,1145,576,92.4,141,139,41.93,3800.65,0.991956470309912,1.00567580440305,92.0441176470588,0.613107441884472,0.00666101710307463
5,1079,"2ch_IP6_001_pos010.tif",185.87,4022.58,1147,574,92.4,142,140,43.87,3882.58,1.03785190442394,1.0273549957663,92.0441176470588,0.613107441884472,0.00666101710307463
6,1079,"2ch_IP6_001_pos010.tif",188.63,4362.4,1147,576,91.85,143,142,45.63,4220.4,1.07948899929028,1.11674428450466,92.0441176470588,0.613107441884472,0.00666101710307463
7,1079,"2ch_IP6_001_pos010.tif",191.85,4079.84,1148,576,92.4,145,146.7,46.85,3933.14,1.10835107641353,1.04073348856901,92.0441176470588,0.613107441884472,0.00666101710307463
8,1079,"2ch_IP6_001_pos010.tif",194.02,4253.57,1147,575,91.3,146,150,48.02,4103.57,1.13603028152354,1.08583033446232,92.0441176470588,0.613107441884472,0.00666101710307463
9,1079,"2ch_IP6_001_pos010.tif",195.9,4251.68,1147,576,91.85,148,144,47.9,4107.68,1.13319138869174,1.08691786621507,92.0441176470588,0.613107441884472,0.00666101710307463
10,1079,"2ch_IP6_001_pos010.tif",199.04,4030.82,1147,575,92.4,149,147,50.04,3883.82,1.18381831085876,1.02768310753599,92.0441176470588,0.613107441884472,0.00666101710307463
11,1079,"2ch_IP6_001_pos010.tif",200.94,4108.08,1143,575,92.4,150,146,50.94,3962.08,1.20511000709723,1.04839119390347,92.0441176470588,0.613107441884472,0.00666101710307463
12,1079,"2ch_IP6_001_pos010.tif",204.9,4395.27,1143,575,91.85,152,158,52.9,4237.27,1.25147859001656,1.12120819220999,92.0441176470588,0.613107441884472,0.00666101710307463
13,1079,"2ch_IP6_001_pos010.tif",207.44,4131.52,1144,578,92.4,153,157,54.44,3974.52,1.2879110480246,1.05168289585097,92.0441176470588,0.613107441884472,0.00666101710307463
14,1079,"2ch_IP6_001_pos010.tif",209.9,4514.15,1140,577,92.95,155,191,54.9,4323.15,1.29879347054649,1.14393257832345,92.0441176470588,0.613107441884472,0.00666101710307463
15,1079,"2ch_IP6_001_pos010.tif",213.41,4633.91,1145,578,91.85,156,156,57.41,4477.91,1.35817364561154,1.18488304403048,92.0441176470588,0.613107441884472,0.00666101710307463
16,1079,"2ch_IP6_001_pos010.tif",215.28,4375,1143,582,92.95,158,189,57.28,4186,1.3550981783771,1.10764182895851,92.0441176470588,0.613107441884472,0.00666101710307463
0,1086,"2ch_IP6_002_pos001.tif",194.02,3298.72,623,494,104.5,143,138,51.02,3160.72,1,1,105.891176470588,0.676903633770545,0.00639244605955018
1,1086,"2ch_IP6_002_pos001.tif",192.62,3131.55,622,494,105.05,142,150,50.62,2981.55,0.992159937279498,0.943313548811663,105.891176470588,0.676903633770545,0.00639244605955018
2,1086,"2ch_IP6_002_pos001.tif",190.76,3302.14,623,494,105.6,140,144,50.76,3158.14,0.994903959231674,0.999183730289301,105.891176470588,0.676903633770545,0.00639244605955018
3,1086,"2ch_IP6_002_pos001.tif",189.49,2921.36,622,493,106.15,141,153,48.49,2768.36,0.950411603292826,0.875863727252019,105.891176470588,0.676903633770545,0.00639244605955018
4,1086,"2ch_IP6_002_pos001.tif",188.62,3003.65,623,492,106.7,140,162,48.62,2841.65,0.952959623676989,0.899051481940824,105.891176470588,0.676903633770545,0.00639244605955018
5,1086,"2ch_IP6_002_pos001.tif",187.14,3087.06,623,491,106.7,140,161,47.14,2926.06,0.923951391611132,0.925757422359462,105.891176470588,0.676903633770545,0.00639244605955018
6,1086,"2ch_IP6_002_pos001.tif",188.92,3125.81,623,490,106.7,140,173,48.92,2952.81,0.958839670717365,0.934220683894809,105.891176470588,0.676903633770545,0.00639244605955018
7,1086,"2ch_IP6_002_pos001.tif",188.28,2631.38,622,490,107.25,139,171,49.28,2460.38,0.965895727165817,0.778423903414412,105.891176470588,0.676903633770545,0.00639244605955018
8,1086,"2ch_IP6_002_pos001.tif",185.79,2862.28,622,490,105.6,135,165,50.79,2697.28,0.995491963935711,0.853375180338657,105.891176470588,0.676903633770545,0.00639244605955018
9,1086,"2ch_IP6_002_pos001.tif",184.47,2537.68,621,489,106.15,135,168,49.47,2369.68,0.969619756958055,0.749727910096434,105.891176470588,0.676903633770545,0.00639244605955018
10,1086,"2ch_IP6_002_pos001.tif",187.55,2650.94,620,488,106.15,139,164,48.55,2486.94,0.951587612700902,0.786827052064087,105.891176470588,0.676903633770545,0.00639244605955018
11,1086,"2ch_IP6_002_pos001.tif",189.6,3135.48,621,488,105.6,140,163,49.6,2972.48,0.972167777342218,0.940443949479865,105.891176470588,0.676903633770545,0.00639244605955018
12,1086,"2ch_IP6_002_pos001.tif",193.48,3406.32,620,488,105.6,142,180,51.48,3226.32,1.00901607212858,1.02075476473715,105.891176470588,0.676903633770545,0.00639244605955018
13,1086,"2ch_IP6_002_pos001.tif",196.02,3256.2,621,488,105.6,142,162,54.02,3094.2,1.05880047040376,0.978954162342757,105.891176470588,0.676903633770545,0.00639244605955018
14,1086,"2ch_IP6_002_pos001.tif",199.13,3427.28,620,488,105.6,144,204,55.13,3223.28,1.08055664445316,1.0197929585664,105.891176470588,0.676903633770545,0.00639244605955018
15,1086,"2ch_IP6_002_pos001.tif",200.5,3312.85,620,487,105.6,146,163,54.5,3149.85,1.06820854566837,0.996560910172366,105.891176470588,0.676903633770545,0.00639244605955018
16,1086,"2ch_IP6_002_pos001.tif",203.72,3240.03,619,486,105.6,146,438,57.72,2802.03,1.1313210505684,0.886516363360247,105.891176470588,0.676903633770545,0.00639244605955018
0,1107,"2ch_IP6_002_pos003.tif",194.72,4454.33,968,359,96.25,143,156,51.72,4298.33,1,1,98.1264705882353,1.11805043030531,0.0113939737524744
1,1107,"2ch_IP6_002_pos003.tif",195.4,4297.97,968,356,96.8,143,129,52.4,4168.97,1.01314771848415,0.969904590852727,98.1264705882353,1.11805043030531,0.0113939737524744
2,1107,"2ch_IP6_002_pos003.tif",198.19,4303.16,966,355,96.8,144,144,54.19,4159.16,1.04775715390565,0.96762230912936,98.1264705882353,1.11805043030531,0.0113939737524744
3,1107,"2ch_IP6_002_pos003.tif",199.71,3512.77,966,350,96.25,143,148,56.71,3364.77,1.09648105181748,0.782808672205252,98.1264705882353,1.11805043030531,0.0113939737524744
4,1107,"2ch_IP6_002_pos003.tif",200.54,4411.07,965,354,96.8,142,162,58.54,4249.07,1.13186388244393,0.988539735199484,98.1264705882353,1.11805043030531,0.0113939737524744
5,1107,"2ch_IP6_002_pos003.tif",201.18,4315.44,965,353,97.9,142,189,59.18,4126.44,1.14423820572312,0.960010050414928,98.1264705882353,1.11805043030531,0.0113939737524744
6,1107,"2ch_IP6_002_pos003.tif",202.03,3884.49,964,352,98.45,144,206,58.03,3678.49,1.12200309358082,0.855795157654252,98.1264705882353,1.11805043030531,0.0113939737524744
7,1107,"2ch_IP6_002_pos003.tif",204.05,3955.6,963,351,98.45,144,202,60.05,3753.6,1.16105955143078,0.87326938601736,98.1264705882353,1.11805043030531,0.0113939737524744
8,1107,"2ch_IP6_002_pos003.tif",206.45,3565.86,964,351,99,145,177,61.45,3388.86,1.18812838360402,0.788413174418902,98.1264705882353,1.11805043030531,0.0113939737524744
9,1107,"2ch_IP6_002_pos003.tif",206.85,3681.72,964,349,99,145,201,61.85,3480.72,1.19586233565352,0.809784265051776,98.1264705882353,1.11805043030531,0.0113939737524744
10,1107,"2ch_IP6_002_pos003.tif",209.68,3778.84,963,349,99,146,192,63.68,3586.84,1.23124516627997,0.834472923205059,98.1264705882353,1.11805043030531,0.0113939737524744
11,1107,"2ch_IP6_002_pos003.tif",210.05,3865.28,962,349,99.55,146,183,64.05,3682.28,1.23839907192575,0.85667689544544,98.1264705882353,1.11805043030531,0.0113939737524744
12,1107,"2ch_IP6_002_pos003.tif",215.41,3955,962,348,99.55,147,221,68.41,3734,1.32269914926527,0.868709475540501,98.1264705882353,1.11805043030531,0.0113939737524744
13,1107,"2ch_IP6_002_pos003.tif",214.97,4026.07,962,346,98.45,148,206,66.97,3820.07,1.29485692188708,0.888733531394751,98.1264705882353,1.11805043030531,0.0113939737524744
14,1107,"2ch_IP6_002_pos003.tif",216.78,3763.87,961,347,99,148,202,68.78,3561.87,1.32985305491106,0.828663690316937,98.1264705882353,1.11805043030531,0.0113939737524744
15,1107,"2ch_IP6_002_pos003.tif",217.4,4018.13,960,345,98.45,150,191,67.4,3827.13,1.30317092034029,0.890376029760395,98.1264705882353,1.11805043030531,0.0113939737524744
16,1107,"2ch_IP6_002_pos003.tif",218.87,3996.62,960,345,98.45,149,188,69.87,3808.62,1.35092807424594,0.886069706141688,98.1264705882353,1.11805043030531,0.0113939737524744
0,1129,"2ch_IP6_002_pos005.tif",178,2221.86,1053,422,144.65,137,205,41,2016.86,1,1,141.867647058824,2.0895529707684,0.014728890018892
1,1129,"2ch_IP6_002_pos005.tif",175.75,2365.1,1102,432,144.1,137,301.7,38.75,2063.4,0.945121951219512,1.02307547375623,141.867647058824,2.0895529707684,0.014728890018892
2,1129,"2ch_IP6_002_pos005.tif",174.57,1968.95,1117,422,145.2,134,184,40.57,1784.95,0.989512195121951,0.885014329204803,141.867647058824,2.0895529707684,0.014728890018892
3,1129,"2ch_IP6_002_pos005.tif",170.73,1707.43,1111,417,145.2,131,165,39.73,1542.43,0.969024390243902,0.764768005711849,141.867647058824,2.0895529707684,0.014728890018892
4,1129,"2ch_IP6_002_pos005.tif",147.83,959.07,1098,402,143,128,133,19.83,826.07,0.483658536585366,0.409582221869639,141.867647058824,2.0895529707684,0.014728890018892
5,1129,"2ch_IP6_002_pos005.tif",143.34,803.05,1135,414,143.55,128,124,15.34,679.05,0.374146341463415,0.33668673085886,141.867647058824,2.0895529707684,0.014728890018892
6,1129,"2ch_IP6_002_pos005.tif",167.22,1987.97,1148,406,141.9,132,130,35.22,1857.97,0.859024390243902,0.921219122794839,141.867647058824,2.0895529707684,0.014728890018892
7,1129,"2ch_IP6_002_pos005.tif",179.13,3574.88,1144,407,139.7,138,126,41.13,3448.88,1.00317073170732,1.71002449351963,141.867647058824,2.0895529707684,0.014728890018892
8,1129,"2ch_IP6_002_pos005.tif",182.89,3557.1,1144,407,139.15,140,128,42.89,3429.1,1.04609756097561,1.70021716926311,141.867647058824,2.0895529707684,0.014728890018892
9,1129,"2ch_IP6_002_pos005.tif",186.27,3228.67,1144,404,141.35,142,130,44.27,3098.67,1.07975609756098,1.53638328887479,141.867647058824,2.0895529707684,0.014728890018892
10,1129,"2ch_IP6_002_pos005.tif",189.21,3021.27,1143,407,142.45,144,131,45.21,2890.27,1.10268292682927,1.43305435181421,141.867647058824,2.0895529707684,0.014728890018892
11,1129,"2ch_IP6_002_pos005.tif",191.59,3627.04,1144,402,140.8,144,133,47.59,3494.04,1.16073170731707,1.73241573535099,141.867647058824,2.0895529707684,0.014728890018892
12,1129,"2ch_IP6_002_pos005.tif",193.94,3716.16,1143,403,140.8,147,131,46.94,3585.16,1.14487804878049,1.77759487520205,141.867647058824,2.0895529707684,0.014728890018892
13,1129,"2ch_IP6_002_pos005.tif",195.86,3516.95,1143,401,140.25,147,141,48.86,3375.95,1.19170731707317,1.67386432375078,141.867647058824,2.0895529707684,0.014728890018892
14,1129,"2ch_IP6_002_pos005.tif",198.99,3408.35,1145,400,139.7,148,142,50.99,3266.35,1.24365853658537,1.61952242594925,141.867647058824,2.0895529707684,0.014728890018892
15,1129,"2ch_IP6_002_pos005.tif",200.89,3463,1144,398,140.8,148,133,52.89,3330,1.29,1.65108138393344,141.867647058824,2.0895529707684,0.014728890018892
16,1129,"2ch_IP6_002_pos005.tif",202.89,4032.91,1145,403,139.15,150,136,52.89,3896.91,1.29,1.93216683359281,141.867647058824,2.0895529707684,0.014728890018892
0,1131,"2ch_IP6_002_pos005.tif",170.72,3958.4,1333,530,89.65,137,205,33.72,3753.4,1,1,90.8470588235294,1.13777065299801,0.0125240229868986
1,1131,"2ch_IP6_002_pos005.tif",170.86,3838.31,1334,532,90.2,137,301.7,33.86,3536.61,1.00415183867141,0.942241700857889,90.8470588235294,1.13777065299801,0.0125240229868986
2,1131,"2ch_IP6_002_pos005.tif",170.29,3762.6,1334,535,90.75,134,184,36.29,3578.6,1.07621589561091,0.953428891138701,90.8470588235294,1.13777065299801,0.0125240229868986
3,1131,"2ch_IP6_002_pos005.tif",166.49,3020.02,1333,531,90.2,131,165,35.49,2855.02,1.05249110320285,0.76064901156285,90.8470588235294,1.13777065299801,0.0125240229868986
4,1131,"2ch_IP6_002_pos005.tif",143.49,1106.96,1332,531,93.5,128,133,15.49,973.96,0.459371293001187,0.259487398092396,90.8470588235294,1.13777065299801,0.0125240229868986
5,1131,"2ch_IP6_002_pos005.tif",133.49,877.67,1335,527,93.5,128,124,5.49000000000001,753.67,0.162811387900356,0.200796611072627,90.8470588235294,1.13777065299801,0.0125240229868986
6,1131,"2ch_IP6_002_pos005.tif",158.22,2546.54,1334,526,91.3,132,130,26.22,2416.54,0.777580071174377,0.643826930249907,90.8470588235294,1.13777065299801,0.0125240229868986
7,1131,"2ch_IP6_002_pos005.tif",173.11,4136.03,1333,528,89.65,138,126,35.11,4010.03,1.04122182680902,1.06837267544093,90.8470588235294,1.13777065299801,0.0125240229868986
8,1131,"2ch_IP6_002_pos005.tif",177.22,4658.19,1333,527,89.65,140,128,37.22,4530.19,1.10379596678529,1.20695635956733,90.8470588235294,1.13777065299801,0.0125240229868986
9,1131,"2ch_IP6_002_pos005.tif",180.65,4572.71,1333,524,90.2,142,130,38.65,4442.71,1.14620403321471,1.18364949112804,90.8470588235294,1.13777065299801,0.0125240229868986
10,1131,"2ch_IP6_002_pos005.tif",183.56,4456.31,1332,526,90.75,144,131,39.56,4325.31,1.17319098457889,1.15237118346033,90.8470588235294,1.13777065299801,0.0125240229868986
11,1131,"2ch_IP6_002_pos005.tif",185.65,4287.85,1332,523,91.3,144,133,41.65,4154.85,1.23517200474496,1.10695635956733,90.8470588235294,1.13777065299801,0.0125240229868986
12,1131,"2ch_IP6_002_pos005.tif",188.7,4468.39,1331,522,90.2,147,131,41.7,4337.39,1.23665480427046,1.15558959876379,90.8470588235294,1.13777065299801,0.0125240229868986
13,1131,"2ch_IP6_002_pos005.tif",190.83,4465.58,1330,523,90.75,147,141,43.83,4324.58,1.29982206405694,1.15217669313156,90.8470588235294,1.13777065299801,0.0125240229868986
14,1131,"2ch_IP6_002_pos005.tif",192.58,4454.28,1330,521,90.75,148,142,44.58,4312.28,1.3220640569395,1.14889966430436,90.8470588235294,1.13777065299801,0.0125240229868986
15,1131,"2ch_IP6_002_pos005.tif",194.12,4459.93,1330,521,90.75,148,133,46.12,4326.93,1.36773428232503,1.15280279213513,90.8470588235294,1.13777065299801,0.0125240229868986
16,1131,"2ch_IP6_002_pos005.tif",196.92,4281.08,1332,525,91.3,150,136,46.92,4145.08,1.3914590747331,1.10435338626312,90.8470588235294,1.13777065299801,0.0125240229868986
0,1161,"2ch_IP6_002_pos007.tif",156.03,4042.66,665,845,76.45,131,142,25.03,3900.66,1,1,75.5764705882353,1.13483446577282,0.0150157113310538
1,1161,"2ch_IP6_002_pos007.tif",156.12,3963.54,667,844,77,131,133,25.12,3830.54,1.00359568517779,0.98202355498813,75.5764705882353,1.13483446577282,0.0150157113310538
2,1161,"2ch_IP6_002_pos007.tif",157.57,3917.34,666,843,77,132,135,25.57,3782.34,1.02157411106672,0.969666671794004,75.5764705882353,1.13483446577282,0.0150157113310538
3,1161,"2ch_IP6_002_pos007.tif",158.87,3620.62,666,844,77.55,132,132,26.87,3488.62,1.07351178585697,0.894366594371209,75.5764705882353,1.13483446577282,0.0150157113310538
4,1161,"2ch_IP6_002_pos007.tif",157.59,3242.97,666,844,77.55,131,132,26.59,3110.97,1.0623252097483,0.797549645444617,75.5764705882353,1.13483446577282,0.0150157113310538
5,1161,"2ch_IP6_002_pos007.tif",160.35,3792.5,666,843,75.9,129,128,31.35,3664.5,1.25249700359568,0.939456399686207,75.5764705882353,1.13483446577282,0.0150157113310538
6,1161,"2ch_IP6_002_pos007.tif",163.73,4312.57,670,845,74.8,132,128,31.73,4184.57,1.26767878545745,1.07278511841586,75.5764705882353,1.13483446577282,0.0150157113310538
7,1161,"2ch_IP6_002_pos007.tif",166.45,4394.96,668,842,74.25,135,131,31.45,4263.96,1.25649220934878,1.09313808432419,75.5764705882353,1.13483446577282,0.0150157113310538
8,1161,"2ch_IP6_002_pos007.tif",169.52,4427.1,668,842,74.25,136,132,33.52,4295.1,1.33919296843787,1.10112134869484,75.5764705882353,1.13483446577282,0.0150157113310538
9,1161,"2ch_IP6_002_pos007.tif",171.86,4757.54,667,842,74.25,138,141,33.86,4616.54,1.3527766679984,1.18352791578861,75.5764705882353,1.13483446577282,0.0150157113310538
10,1161,"2ch_IP6_002_pos007.tif",175.5,4734.34,667,841,74.8,139,153,36.5,4581.34,1.45825009988014,1.1745038019207,75.5764705882353,1.13483446577282,0.0150157113310538
11,1161,"2ch_IP6_002_pos007.tif",178.13,4623.44,665,841,75.35,139,151,39.13,4472.44,1.56332401118658,1.14658544964186,75.5764705882353,1.13483446577282,0.0150157113310538
12,1161,"2ch_IP6_002_pos007.tif",180.29,4584.36,664,840,74.8,141,175,39.29,4409.36,1.56971634039153,1.13041382740357,75.5764705882353,1.13483446577282,0.0150157113310538
13,1161,"2ch_IP6_002_pos007.tif",183.97,4410.69,662,839,75.35,142,175,41.97,4235.69,1.67678785457451,1.08589059287403,75.5764705882353,1.13483446577282,0.0150157113310538
14,1161,"2ch_IP6_002_pos007.tif",185.65,4587.94,664,839,74.8,144,155,41.65,4432.94,1.6640031961646,1.13645895822758,75.5764705882353,1.13483446577282,0.0150157113310538
15,1161,"2ch_IP6_002_pos007.tif",188.64,4515.75,662,837,75.35,145,156,43.64,4359.75,1.74350779065122,1.11769546692098,75.5764705882353,1.13483446577282,0.0150157113310538
16,1161,"2ch_IP6_002_pos007.tif",191.09,4519.68,662,837,75.35,146,135,45.09,4384.68,1.80143827407111,1.12408669302118,75.5764705882353,1.13483446577282,0.0150157113310538
0,1171,"2ch_IP6_002_pos008.tif",158.64,3042.88,1202,409,109.45,132,133.7,26.64,2909.18,1,1,108.091176470588,0.850227045801159,0.00786583210177666
1,1171,"2ch_IP6_002_pos008.tif",160.26,3500.67,1203,410,107.8,133,147,27.26,3353.67,1.02327327327327,1.15278875834428,108.091176470588,0.850227045801159,0.00786583210177666
2,1171,"2ch_IP6_002_pos008.tif",162.63,3348.19,1202,409,108.35,134,139,28.63,3209.19,1.0746996996997,1.10312527928832,108.091176470588,0.850227045801159,0.00786583210177666
3,1171,"2ch_IP6_002_pos008.tif",164.73,3440.08,1203,406,107.25,136,139,28.73,3301.08,1.07845345345345,1.13471149946033,108.091176470588,0.850227045801159,0.00786583210177666
4,1171,"2ch_IP6_002_pos008.tif",167.3,3320.86,1206,406,107.8,136,134,31.3,3186.86,1.17492492492493,1.09544957685671,108.091176470588,0.850227045801159,0.00786583210177666
5,1171,"2ch_IP6_002_pos008.tif",169.88,3386.86,1204,408,107.8,138,134,31.88,3252.86,1.1966966966967,1.1181363820733,108.091176470588,0.850227045801159,0.00786583210177666
6,1171,"2ch_IP6_002_pos008.tif",172.63,3511.7,1204,407,107.8,139,138,33.63,3373.7,1.26238738738739,1.15967385998804,108.091176470588,0.850227045801159,0.00786583210177666
7,1171,"2ch_IP6_002_pos008.tif",176.11,3507.99,1203,405,107.25,141,133,35.11,3374.99,1.31794294294294,1.16011728390818,108.091176470588,0.850227045801159,0.00786583210177666
8,1171,"2ch_IP6_002_pos008.tif",179.42,3866.95,1203,404,107.25,143,133,36.42,3733.95,1.36711711711712,1.28350600512859,108.091176470588,0.850227045801159,0.00786583210177666
9,1171,"2ch_IP6_002_pos008.tif",182.57,3832.84,1203,405,107.25,144,144,38.57,3688.84,1.44782282282282,1.26799991750253,108.091176470588,0.850227045801159,0.00786583210177666
10,1171,"2ch_IP6_002_pos008.tif",186.21,3945.17,1204,406,107.8,147,151,39.21,3794.17,1.47184684684685,1.30420599619137,108.091176470588,0.850227045801159,0.00786583210177666
11,1171,"2ch_IP6_002_pos008.tif",189.55,3972.95,1203,405,107.25,148,152,41.55,3820.95,1.55968468468469,1.31341133927773,108.091176470588,0.850227045801159,0.00786583210177666
12,1171,"2ch_IP6_002_pos008.tif",192.33,4115.53,1202,403,107.8,150,151,42.33,3964.53,1.58896396396397,1.36276545280801,108.091176470588,0.850227045801159,0.00786583210177666
13,1171,"2ch_IP6_002_pos008.tif",196.01,3992.46,1203,402,108.35,153,153,43.01,3839.46,1.61448948948949,1.31977395692257,108.091176470588,0.850227045801159,0.00786583210177666
14,1171,"2ch_IP6_002_pos008.tif",199.69,3562.54,1201,402,109.45,154,145,45.69,3417.54,1.71509009009009,1.17474339848342,108.091176470588,0.850227045801159,0.00786583210177666
15,1171,"2ch_IP6_002_pos008.tif",203.52,3687.15,1199,402,109.45,156,142,47.52,3545.15,1.78378378378379,1.21860799263023,108.091176470588,0.850227045801159,0.00786583210177666
16,1171,"2ch_IP6_002_pos008.tif",205.47,3699.23,1198,401,109.45,157,134,48.47,3565.23,1.81944444444445,1.22551028124764,108.091176470588,0.850227045801159,0.00786583210177666
0,1172,"2ch_IP6_002_pos008.tif",164.63,4307.36,512,697,100.65,132,133.7,32.63,4173.66,1,1,101.361764705882,0.796188068973948,0.00785491522650792
1,1172,"2ch_IP6_002_pos008.tif",165.5,4646.31,577,701,100.65,133,147,32.5,4499.31,0.99601593625498,1.07802504276822,101.361764705882,0.796188068973948,0.00785491522650792
2,1172,"2ch_IP6_002_pos008.tif",165.91,4347.9,605,695,101.2,134,139,31.91,4208.9,0.977934416181428,1.00844342854952,101.361764705882,0.796188068973948,0.00785491522650792
3,1172,"2ch_IP6_002_pos008.tif",167.36,4480.59,608,691,101.75,136,139,31.36,4341.59,0.961078761875575,1.04023566845407,101.361764705882,0.796188068973948,0.00785491522650792
4,1172,"2ch_IP6_002_pos008.tif",169.29,3920.52,612,689,102.3,136,134,33.29,3786.52,1.02022678516702,0.907242084884729,101.361764705882,0.796188068973948,0.00785491522650792
5,1172,"2ch_IP6_002_pos008.tif",170.91,4145.46,608,685,102.3,138,134,32.91,4011.46,1.00858106037389,0.961137227277737,101.361764705882,0.796188068973948,0.00785491522650792
6,1172,"2ch_IP6_002_pos008.tif",173.46,4292.6,609,684,102.85,139,138,34.46,4154.6,1.0560833588722,0.995433264808346,101.361764705882,0.796188068973948,0.00785491522650792
7,1172,"2ch_IP6_002_pos008.tif",175.91,4424.54,604,682,101.75,141,133,34.91,4291.54,1.06987434875881,1.02824379561344,101.361764705882,0.796188068973948,0.00785491522650792
8,1172,"2ch_IP6_002_pos008.tif",179.09,3896.8,605,681,102.3,143,133,36.09,3763.8,1.10603738890591,0.901798421529305,101.361764705882,0.796188068973948,0.00785491522650792
9,1172,"2ch_IP6_002_pos008.tif",182.16,3881.33,605,682,102.3,144,144,38.16,3737.33,1.16947594238431,0.895456266202805,101.361764705882,0.796188068973948,0.00785491522650792
10,1172,"2ch_IP6_002_pos008.tif",185.63,4174.17,605,681,101.2,147,151,38.63,4023.17,1.18387986515477,0.963942918206083,101.361764705882,0.796188068973948,0.00785491522650792
11,1172,"2ch_IP6_002_pos008.tif",188.04,4907.23,606,681,100.65,148,152,40.04,4755.23,1.22709163346614,1.13934292683161,101.361764705882,0.796188068973948,0.00785491522650792
12,1172,"2ch_IP6_002_pos008.tif",190.62,4991.57,603,680,100.65,150,151,40.62,4840.57,1.24486668709776,1.1597902081147,101.361764705882,0.796188068973948,0.00785491522650792
13,1172,"2ch_IP6_002_pos008.tif",193.73,4785.35,604,680,100.65,153,153,40.73,4632.35,1.24823781795893,1.1099011419234,101.361764705882,0.796188068973948,0.00785491522650792
14,1172,"2ch_IP6_002_pos008.tif",196.7,4734.27,603,678,100.65,154,145,42.7,4589.27,1.30861170701808,1.09957926615968,101.361764705882,0.796188068973948,0.00785491522650792
15,1172,"2ch_IP6_002_pos008.tif",200.03,4717.43,603,679,100.65,156,142,44.03,4575.43,1.34937174379405,1.09626323179176,101.361764705882,0.796188068973948,0.00785491522650792
16,1172,"2ch_IP6_002_pos008.tif",202.02,4840.62,602,677,100.65,157,134,45.02,4706.62,1.37971192154459,1.12769607490787,101.361764705882,0.796188068973948,0.00785491522650792
0,1187,"2ch_IP6_002_pos010.tif",173.75,1011.16,1170,237,138.6,140,275,33.75,736.16,1,1,136.594117647059,1.00931324934042,0.00738914139735032
1,1187,"2ch_IP6_002_pos010.tif",175.23,4413.87,1170,184,135.85,141,238,34.23,4175.87,1.01422222222222,5.67250326016083,136.594117647059,1.00931324934042,0.00738914139735032
2,1187,"2ch_IP6_002_pos010.tif",176.65,3305.89,1170,183,138.05,143,180,33.65,3125.89,0.997037037037037,4.24621006302978,136.594117647059,1.00931324934042,0.00738914139735032
3,1187,"2ch_IP6_002_pos010.tif",179.38,3910.21,1170,183,136.95,144,245,35.38,3665.21,1.0482962962963,4.97882253857857,136.594117647059,1.00931324934042,0.00738914139735032
4,1187,"2ch_IP6_002_pos010.tif",181.9,3905.94,1170,183,136.95,145,227,36.9,3678.94,1.09333333333333,4.99747337535318,136.594117647059,1.00931324934042,0.00738914139735032
5,1187,"2ch_IP6_002_pos010.tif",183.83,3241.57,1169,182,138.05,147,208,36.83,3033.57,1.09125925925926,4.12080254292545,136.594117647059,1.00931324934042,0.00738914139735032
6,1187,"2ch_IP6_002_pos010.tif",184.9,3171.35,1169,174,138.05,148,214,36.9,2957.35,1.09333333333333,4.01726526841991,136.594117647059,1.00931324934042,0.00738914139735032
7,1187,"2ch_IP6_002_pos010.tif",187.82,4059.19,1170,180,135.85,149,218,38.82,3841.19,1.15022222222222,5.2178738317757,136.594117647059,1.00931324934042,0.00738914139735032
8,1187,"2ch_IP6_002_pos010.tif",190.13,3709.82,1169,178,136.4,152,211,38.13,3498.82,1.12977777777778,4.75279830471637,136.594117647059,1.00931324934042,0.00738914139735032
9,1187,"2ch_IP6_002_pos010.tif",192.8,3985.95,1168,178,135.85,153,204,39.8,3781.95,1.17925925925926,5.13740219517496,136.594117647059,1.00931324934042,0.00738914139735032
10,1187,"2ch_IP6_002_pos010.tif",196.1,3870.38,1168,179,136.4,155.7,216,40.3999999999999,3654.38,1.19703703703704,4.96411106281243,136.594117647059,1.00931324934042,0.00738914139735032
11,1187,"2ch_IP6_002_pos010.tif",197.95,4093.06,1167,176,135.85,158,186,39.95,3907.06,1.1837037037037,5.30735166268203,136.594117647059,1.00931324934042,0.00738914139735032
12,1187,"2ch_IP6_002_pos010.tif",201.44,4108.89,1167,177,135.85,159,168,42.44,3940.89,1.25748148148148,5.35330634644643,136.594117647059,1.00931324934042,0.00738914139735032
13,1187,"2ch_IP6_002_pos010.tif",205.01,4102.32,1166,176,135.85,160,157,45.01,3945.32,1.33362962962963,5.35932405998696,136.594117647059,1.00931324934042,0.00738914139735032
14,1187,"2ch_IP6_002_pos010.tif",207.16,3737.79,1165,177,136.4,163,157,44.16,3580.79,1.30844444444444,4.86414638122147,136.594117647059,1.00931324934042,0.00738914139735032
15,1187,"2ch_IP6_002_pos010.tif",210.16,3018.69,1165,181,135.85,166,156,44.16,2862.69,1.30844444444444,3.88867909150185,136.594117647059,1.00931324934042,0.00738914139735032
16,1187,"2ch_IP6_002_pos010.tif",213.33,4213.82,1165,173,135.3,166,156,47.33,4057.82,1.40237037037037,5.51214409910889,136.594117647059,1.00931324934042,0.00738914139735032
0,1189,"2ch_IP6_002_pos010.tif",174.89,4628.72,439,403,99.55,140,275,34.89,4353.72,1,1,98.9352941176471,1.49214240962056,0.0150820030700692
1,1189,"2ch_IP6_002_pos010.tif",178.18,4019.96,438,400,100.1,141,238,37.18,3781.96,1.06563485239324,0.868673226574056,98.9352941176471,1.49214240962056,0.0150820030700692
2,1189,"2ch_IP6_002_pos010.tif",179.86,3219.58,456,400,94.6,143,180,36.86,3039.58,1.05646316996274,0.698156978400081,98.9352941176471,1.49214240962056,0.0150820030700692
3,1189,"2ch_IP6_002_pos010.tif",182.09,4420.71,439,397,100.65,144,245,38.09,4175.71,1.09171682430496,0.959113126246061,98.9352941176471,1.49214240962056,0.0150820030700692
4,1189,"2ch_IP6_002_pos010.tif",185.04,4505.12,438,393,100.65,145,227,40.04,4278.12,1.14760676411579,0.982635539262975,98.9352941176471,1.49214240962056,0.0150820030700692
5,1189,"2ch_IP6_002_pos010.tif",187.43,4681.25,438,393,100.65,147,208,40.43,4473.25,1.15878475207796,1.02745468243249,98.9352941176471,1.49214240962056,0.0150820030700692
6,1189,"2ch_IP6_002_pos010.tif",190.12,4067.5,438,396,100.1,148,214,42.12,3853.5,1.20722269991402,0.885105151456685,98.9352941176471,1.49214240962056,0.0150820030700692
7,1189,"2ch_IP6_002_pos010.tif",192.96,4292.96,439,399,100.1,149,218,43.96,4074.96,1.25995987388937,0.935971996361732,98.9352941176471,1.49214240962056,0.0150820030700692
8,1189,"2ch_IP6_002_pos010.tif",196.89,5358.75,438,394,98.45,152,211,44.89,5147.75,1.286615075953,1.1823796661246,98.9352941176471,1.49214240962056,0.0150820030700692
9,1189,"2ch_IP6_002_pos010.tif",199.71,5229.32,439,398,98.45,153,204,46.71,5025.32,1.33877901977644,1.15425888665325,98.9352941176471,1.49214240962056,0.0150820030700692
10,1189,"2ch_IP6_002_pos010.tif",203.09,5128.26,438,393,98.45,155.7,216,47.39,4912.26,1.35826884494124,1.12829028968331,98.9352941176471,1.49214240962056,0.0150820030700692
11,1189,"2ch_IP6_002_pos010.tif",206.08,5292.13,437,390,98.45,158,186,48.08,5106.13,1.378045285182,1.17282002517387,98.9352941176471,1.49214240962056,0.0150820030700692
12,1189,"2ch_IP6_002_pos010.tif",210.39,5872.86,438,392,97.9,159,168,51.39,5704.86,1.47291487532244,1.31034150106116,98.9352941176471,1.49214240962056,0.0150820030700692
13,1189,"2ch_IP6_002_pos010.tif",213.23,5991.93,436,391,97.9,160,157,53.23,5834.93,1.52565204929779,1.34021710169694,98.9352941176471,1.49214240962056,0.0150820030700692
14,1189,"2ch_IP6_002_pos010.tif",216.53,5321.56,435,390,98.45,163,157,53.53,5164.56,1.53425050157638,1.18624073206361,98.9352941176471,1.49214240962056,0.0150820030700692
15,1189,"2ch_IP6_002_pos010.tif",219.77,4548.94,441,391,99,166,156,53.77,4392.94,1.54112926339926,1.00900838822892,98.9352941176471,1.49214240962056,0.0150820030700692
16,1189,"2ch_IP6_002_pos010.tif",223.47,5519.27,450,383,98.45,166,156,57.47,5363.27,1.64717684150186,1.23188216054317,98.9352941176471,1.49214240962056,0.0150820030700692
0,1198,"2ch_IP6_003_pos001.tif",193.28,3341.81,1098,379,139.15,153,140,40.28,3201.81,1,1,139.117647058824,0.879797770880934,0.00632412773994752
1,1198,"2ch_IP6_003_pos001.tif",196.41,4114.98,1098,378,138.6,157,132,39.41,3982.98,0.978401191658391,1.24397762515577,139.117647058824,0.879797770880934,0.00632412773994752
2,1198,"2ch_IP6_003_pos001.tif",200.67,3857.68,1097,379,139.7,158,130,42.67,3727.68,1.05933465739821,1.16424147591519,139.117647058824,0.879797770880934,0.00632412773994752
3,1198,"2ch_IP6_003_pos001.tif",205.61,3473.48,1096,380,140.8,162,130,43.61,3343.48,1.08267130089374,1.04424684787667,139.117647058824,0.879797770880934,0.00632412773994752
4,1198,"2ch_IP6_003_pos001.tif",210.31,3063.32,1096,380,141.35,165,130,45.31,2933.32,1.12487586891758,0.916144305876988,139.117647058824,0.879797770880934,0.00632412773994752
5,1198,"2ch_IP6_003_pos001.tif",213.7,3923.05,1100,380,138.6,168,129,45.7,3794.05,1.13455809334657,1.184970376131,139.117647058824,0.879797770880934,0.00632412773994752
6,1198,"2ch_IP6_003_pos001.tif",217.98,5514.64,1100,380,137.5,170,132,47.98,5382.64,1.19116186693148,1.68112411417292,139.117647058824,0.879797770880934,0.00632412773994752
7,1198,"2ch_IP6_003_pos001.tif",222.65,3961.31,1099,382,138.6,173,131,49.65,3830.31,1.23262164846077,1.1962952205159,139.117647058824,0.879797770880934,0.00632412773994752
8,1198,"2ch_IP6_003_pos001.tif",228.19,3527.72,1099,378,139.15,176,131,52.19,3396.72,1.29568023833168,1.06087494261059,139.117647058824,0.879797770880934,0.00632412773994752
9,1198,"2ch_IP6_003_pos001.tif",232,4647.99,1097,379,139.15,178,127,54,4520.99,1.34061569016882,1.41201070644417,139.117647058824,0.879797770880934,0.00632412773994752
10,1198,"2ch_IP6_003_pos001.tif",238.45,3707.99,1098,380,139.15,181,129,57.45,3578.99,1.42626613704071,1.11780211817691,139.117647058824,0.879797770880934,0.00632412773994752
11,1198,"2ch_IP6_003_pos001.tif",241.75,3711.19,1098,377,139.15,182,127,59.75,3584.19,1.48336643495531,1.11942619955588,139.117647058824,0.879797770880934,0.00632412773994752
12,1198,"2ch_IP6_003_pos001.tif",246.07,4328.32,1102,379,138.6,182,129,64.07,4199.32,1.59061569016882,1.31154565698777,139.117647058824,0.879797770880934,0.00632412773994752
13,1198,"2ch_IP6_003_pos001.tif",249.95,3735.81,1101,378,139.15,187,129,62.95,3606.81,1.56281032770606,1.1264909535544,139.117647058824,0.879797770880934,0.00632412773994752
14,1198,"2ch_IP6_003_pos001.tif",251.55,4041.37,1100,372,139.15,188,126,63.55,3915.37,1.57770605759682,1.22286144399574,139.117647058824,0.879797770880934,0.00632412773994752
15,1198,"2ch_IP6_003_pos001.tif",253.33,4062.59,1099,370,138.6,188,126,65.33,3936.59,1.62189672293942,1.22948894531531,139.117647058824,0.879797770880934,0.00632412773994752
16,1198,"2ch_IP6_003_pos001.tif",256.65,3854.33,1099,368,138.6,191,129,65.65,3725.33,1.6298411122145,1.16350751606123,139.117647058824,0.879797770880934,0.00632412773994752
0,1200,"2ch_IP6_003_pos001.tif",189.06,3948.6,526,883,94.6,153,140,36.06,3808.6,1,1,93.9205882352941,1.28294812145813,0.0136599242569055
1,1200,"2ch_IP6_003_pos001.tif",195.13,3797.05,527,883,94.6,157,132,38.13,3665.05,1.05740432612313,0.962308984928845,93.9205882352941,1.28294812145813,0.0136599242569055
2,1200,"2ch_IP6_003_pos001.tif",198.7,3741.62,528,885,94.6,158,130,40.7,3611.62,1.12867443150305,0.948280207950428,93.9205882352941,1.28294812145813,0.0136599242569055
3,1200,"2ch_IP6_003_pos001.tif",204.15,3710.62,525,883,94.05,162,130,42.15,3580.62,1.16888519134775,0.940140734128026,93.9205882352941,1.28294812145813,0.0136599242569055
4,1200,"2ch_IP6_003_pos001.tif",206.6,5156.96,521,887,89.1,165,130,41.6,5026.96,1.15363283416528,1.3198970750407,93.9205882352941,1.28294812145813,0.0136599242569055
5,1200,"2ch_IP6_003_pos001.tif",239.33,4128.97,526,885,93.5,168,129,71.33,3999.97,1.97809206877427,1.05024680985139,93.9205882352941,1.28294812145813,0.0136599242569055
6,1200,"2ch_IP6_003_pos001.tif",221.93,3683.97,527,885,94.05,170,132,51.93,3551.97,1.44009983361065,0.932618284934096,93.9205882352941,1.28294812145813,0.0136599242569055
7,1200,"2ch_IP6_003_pos001.tif",223.83,3788.98,528,886,94.6,173,131,50.83,3657.98,1.4095951192457,0.960452659769994,93.9205882352941,1.28294812145813,0.0136599242569055
8,1200,"2ch_IP6_003_pos001.tif",228.99,3775.79,528,885,94.05,176,131,52.99,3644.79,1.46949528563505,0.956989444940398,93.9205882352941,1.28294812145813,0.0136599242569055
9,1200,"2ch_IP6_003_pos001.tif",231.57,4055.26,528,883,94.6,178,127,53.57,3928.26,1.48557958957293,1.03141836895447,93.9205882352941,1.28294812145813,0.0136599242569055
10,1200,"2ch_IP6_003_pos001.tif",237.18,3735.99,528,886,94.05,181,129,56.18,3606.99,1.5579589572934,0.947064538150502,93.9205882352941,1.28294812145813,0.0136599242569055
11,1200,"2ch_IP6_003_pos001.tif",240.44,4048.45,527,882,94.6,182,127,58.44,3921.45,1.62063227953411,1.02963031035026,93.9205882352941,1.28294812145813,0.0136599242569055
12,1200,"2ch_IP6_003_pos001.tif",245.47,3830.31,529,881,94.05,182,129,63.47,3701.31,1.76012201885746,0.971829543664339,93.9205882352941,1.28294812145813,0.0136599242569055
13,1200,"2ch_IP6_003_pos001.tif",247.12,3882.29,530,884,94.05,187,129,60.12,3753.29,1.66722129783694,0.985477603318805,93.9205882352941,1.28294812145813,0.0136599242569055
14,1200,"2ch_IP6_003_pos001.tif",250.33,3739.14,530,884,94.05,188,126,62.33,3613.14,1.72850804215197,0.948679304731397,93.9205882352941,1.28294812145813,0.0136599242569055
15,1200,"2ch_IP6_003_pos001.tif",253.98,3795.58,530,884,94.05,188,126,65.98,3669.58,1.82972823072657,0.963498398361603,93.9205882352941,1.28294812145813,0.0136599242569055
16,1200,"2ch_IP6_003_pos001.tif",257.67,3826.47,530,884,94.05,191,129,66.67,3697.47,1.84886300610094,0.970821299165047,93.9205882352941,1.28294812145813,0.0136599242569055
0,1244,"2ch_IP6_003_pos004.tif",214.08,4929.91,553,410,59.4,159,141,55.08,4788.91,1,1,61.7941176470588,1.06402572116191,0.017218883636128
1,1244,"2ch_IP6_003_pos004.tif",220.46,5471.77,552,410,64.35,162,138,58.46,5333.77,1.06136528685548,1.11377536850766,61.7941176470588,1.06402572116191,0.017218883636128
2,1244,"2ch_IP6_003_pos004.tif",224.45,5919.32,554,411,61.05,166,134,58.45,5785.32,1.06118373275236,1.20806613613536,61.7941176470588,1.06402572116191,0.017218883636128
3,1244,"2ch_IP6_003_pos004.tif",231.55,5996.24,551,411,62.15,168,134,63.55,5862.24,1.15377632534495,1.22412824630239,61.7941176470588,1.06402572116191,0.017218883636128
4,1244,"2ch_IP6_003_pos004.tif",235.62,5726.65,551,410,61.6,171,136,64.62,5590.65,1.17320261437908,1.1674159673078,61.7941176470588,1.06402572116191,0.017218883636128
5,1244,"2ch_IP6_003_pos004.tif",240.73,6153,549,410,59.95,174,137,66.73,6016,1.21151053013798,1.25623576137367,61.7941176470588,1.06402572116191,0.017218883636128
6,1244,"2ch_IP6_003_pos004.tif",246.73,5994.92,552,412,62.15,177,139,69.73,5855.92,1.2659767610748,1.22280853054244,61.7941176470588,1.06402572116191,0.017218883636128
7,1244,"2ch_IP6_003_pos004.tif",249.84,5845.33,553,411,61.05,178,151,71.84,5694.33,1.3042846768337,1.18906598787616,61.7941176470588,1.06402572116191,0.017218883636128
8,1244,"2ch_IP6_003_pos004.tif",255.05,5593.71,552,413,62.15,181,144,74.05,5449.71,1.34440813362382,1.13798547059769,61.7941176470588,1.06402572116191,0.017218883636128
9,1244,"2ch_IP6_003_pos004.tif",260.98,5786.9,553,412,61.6,183,136,77.98,5650.9,1.41575889615105,1.17999711834217,61.7941176470588,1.06402572116191,0.017218883636128
10,1244,"2ch_IP6_003_pos004.tif",266.95,5986.99,552,410,62.15,186,135,80.95,5851.99,1.4696804647785,1.22198788450817,61.7941176470588,1.06402572116191,0.017218883636128
11,1244,"2ch_IP6_003_pos004.tif",272.23,5691.72,553,411,62.15,188,138,84.23,5553.72,1.52923021060276,1.15970440037503,61.7941176470588,1.06402572116191,0.017218883636128
12,1244,"2ch_IP6_003_pos004.tif",274.9,5752.52,552,410,62.15,191,136,83.9,5616.52,1.52323892519971,1.17281803166065,61.7941176470588,1.06402572116191,0.017218883636128
13,1244,"2ch_IP6_003_pos004.tif",282.89,5704.6,552,411,62.15,190,135,92.89,5569.6,1.68645606390704,1.1630203950377,61.7941176470588,1.06402572116191,0.017218883636128
14,1244,"2ch_IP6_003_pos004.tif",284.51,5953.44,552,409,62.15,193,138,91.51,5815.44,1.66140159767611,1.21435566757362,61.7941176470588,1.06402572116191,0.017218883636128
15,1244,"2ch_IP6_003_pos004.tif",286.39,5712.46,553,410,62.15,195,131,91.39,5581.46,1.65922294843863,1.16549695024546,61.7941176470588,1.06402572116191,0.017218883636128
16,1244,"2ch_IP6_003_pos004.tif",291.16,5803.82,553,411,62.15,198,130,93.16,5673.82,1.69135802469136,1.18478317612985,61.7941176470588,1.06402572116191,0.017218883636128
0,1250,"2ch_IP6_003_pos005.tif",268.69,2629.68,591,541,121.55,183,130,85.69,2499.68,1,1,121,1.53113519977826,0.0126540099155228
1,1250,"2ch_IP6_003_pos005.tif",274.84,2394.9,589,538,122.65,185,125,89.84,2269.9,1.04843038861011,0.908076233757921,121,1.53113519977826,0.0126540099155228
2,1250,"2ch_IP6_003_pos005.tif",282.17,2531.31,595,531,121,189,125,93.17,2406.31,1.08729139922978,0.962647218844012,121,1.53113519977826,0.0126540099155228
3,1250,"2ch_IP6_003_pos005.tif",291.56,2402.33,593,530,121,192,127,99.56,2275.33,1.16186252771619,0.910248511809512,121,1.53113519977826,0.0126540099155228
4,1250,"2ch_IP6_003_pos005.tif",297.96,2381.83,592,530,121,195,127,102.96,2254.83,1.201540436457,0.902047462075146,121,1.53113519977826,0.0126540099155228
5,1250,"2ch_IP6_003_pos005.tif",305.6,2541.21,591,532,121,198,130,107.6,2411.21,1.25568911191504,0.964607469756129,121,1.53113519977826,0.0126540099155228
6,1250,"2ch_IP6_003_pos005.tif",314.4,2567.79,594,531,121,202,133,112.4,2434.79,1.31170498307854,0.974040677206683,121,1.53113519977826,0.0126540099155228
7,1250,"2ch_IP6_003_pos005.tif",322.3,3084.64,592,532,120.45,206,125,116.3,2959.64,1.35721787839888,1.18400755296678,121,1.53113519977826,0.0126540099155228
8,1250,"2ch_IP6_003_pos005.tif",330.84,2510.66,591,530,121,209,131,121.84,2379.66,1.42186952970008,0.951985854189336,121,1.53113519977826,0.0126540099155228
9,1250,"2ch_IP6_003_pos005.tif",339.04,2828.47,591,532,121.55,213,130,126.04,2698.47,1.47088341696814,1.07952617935096,121,1.53113519977826,0.0126540099155228
10,1250,"2ch_IP6_003_pos005.tif",347.29,2728.9,592,532,121.55,215,127,132.29,2601.9,1.54382074921228,1.04089323433399,121,1.53113519977826,0.0126540099155228
11,1250,"2ch_IP6_003_pos005.tif",354.22,2363.33,592,532,122.1,219,125,135.22,2238.33,1.57801377056833,0.895446617166997,121,1.53113519977826,0.0126540099155228
12,1250,"2ch_IP6_003_pos005.tif",360.98,3876.88,585,534,115.5,221,129,139.98,3747.88,1.63356284280546,1.49934391602125,121,1.53113519977826,0.0126540099155228
13,1250,"2ch_IP6_003_pos005.tif",370.04,3310.81,591,532,120.45,225,128,145.04,3182.81,1.69261290699031,1.27328698073353,121,1.53113519977826,0.0126540099155228
14,1250,"2ch_IP6_003_pos005.tif",377.99,2279.74,589,533,122.1,227.7,126,150.29,2153.74,1.75388026607539,0.861606285604557,121,1.53113519977826,0.0126540099155228
15,1250,"2ch_IP6_003_pos005.tif",386.05,2825.28,590,536,121.55,230,124,156.05,2701.28,1.82109931147158,1.08065032324138,121,1.53113519977826,0.0126540099155228
16,1250,"2ch_IP6_003_pos005.tif",393.5,3073.26,590,534,121.55,233,130,160.5,2943.26,1.87303069202941,1.17745471420342,121,1.53113519977826,0.0126540099155228
0,1251,"2ch_IP6_003_pos005.tif",273.82,3476.53,1257,338,113.3,183,130,90.82,3346.53,1,1,115.176470588235,1.08370280275816,0.00940906417103608
1,1251,"2ch_IP6_003_pos005.tif",281.66,3697.06,1256,338,113.85,185,125,96.66,3572.06,1.06430301695662,1.06739219430276,115.176470588235,1.08370280275816,0.00940906417103608
2,1251,"2ch_IP6_003_pos005.tif",286.78,3063.91,1256,343,113.85,189,125,97.78,2938.91,1.07663510240035,0.878196221160426,115.176470588235,1.08370280275816,0.00940906417103608
3,1251,"2ch_IP6_003_pos005.tif",292.87,3551.29,1256,338,114.4,192,127,100.87,3424.29,1.11065844527637,1.02323600864179,115.176470588235,1.08370280275816,0.00940906417103608
4,1251,"2ch_IP6_003_pos005.tif",299.05,3647.27,1256,337,114.95,195,127,104.05,3520.27,1.14567275930412,1.05191646272408,115.176470588235,1.08370280275816,0.00940906417103608
5,1251,"2ch_IP6_003_pos005.tif",306.59,3360.62,1257,337,115.5,198,130,108.59,3230.62,1.19566174851354,0.96536412343532,115.176470588235,1.08370280275816,0.00940906417103608
6,1251,"2ch_IP6_003_pos005.tif",313.97,3372.36,1257,334,115.5,202,133,111.97,3239.36,1.23287822065624,0.967975783871652,115.176470588235,1.08370280275816,0.00940906417103608
7,1251,"2ch_IP6_003_pos005.tif",321.67,3832.92,1256,336,114.95,206,125,115.67,3707.92,1.27361814578287,1.1079894696895,115.176470588235,1.08370280275816,0.00940906417103608
8,1251,"2ch_IP6_003_pos005.tif",328.88,3229.05,1257,336,116.6,209,131,119.88,3098.05,1.31997357410262,0.925749955924495,115.176470588235,1.08370280275816,0.00940906417103608
9,1251,"2ch_IP6_003_pos005.tif",336.97,3244.42,1257,337,116.6,213,130,123.97,3114.42,1.3650077075534,0.930641589945406,115.176470588235,1.08370280275816,0.00940906417103608
10,1251,"2ch_IP6_003_pos005.tif",344.99,3393,1258,337,116.6,215,127,129.99,3266,1.43129266681348,0.975936268313746,115.176470588235,1.08370280275816,0.00940906417103608
11,1251,"2ch_IP6_003_pos005.tif",351.49,3003.52,1257,337,117.15,219,125,132.49,2878.52,1.45881964325039,0.860150663523112,115.176470588235,1.08370280275816,0.00940906417103608
12,1251,"2ch_IP6_003_pos005.tif",358.77,3458.25,1259,340,115.5,221,129,137.77,3329.25,1.51695661748514,0.994836442524047,115.176470588235,1.08370280275816,0.00940906417103608
13,1251,"2ch_IP6_003_pos005.tif",365.9,3803.82,1258,338,114.95,225,128,140.9,3675.82,1.55142039198414,1.09839744451716,115.176470588235,1.08370280275816,0.00940906417103608
14,1251,"2ch_IP6_003_pos005.tif",373.13,3901.55,1257,337,114.95,227.7,126,145.43,3775.55,1.60129927328782,1.1281984622878,115.176470588235,1.08370280275816,0.00940906417103608
15,1251,"2ch_IP6_003_pos005.tif",376.97,3946.41,1259,340,114.4,230,124,146.97,3822.41,1.61825589077296,1.14220102613752,115.176470588235,1.08370280275816,0.00940906417103608
16,1251,"2ch_IP6_003_pos005.tif",383.45,3897.04,1258,338,114.95,233,130,150.45,3767.04,1.65657344197313,1.12565552975769,115.176470588235,1.08370280275816,0.00940906417103608
0,1260,"2ch_IP6_003_pos006.tif",243.89,3394.3,1346,594,118.8,177,155,66.89,3239.3,1,1,118.411764705882,0.607641293179183,0.00513159562048987
1,1260,"2ch_IP6_003_pos006.tif",249.16,3296.36,1344,593,118.8,175,140,74.16,3156.36,1.10868590222754,0.974395702775291,118.411764705882,0.607641293179183,0.00513159562048987
2,1260,"2ch_IP6_003_pos006.tif",253.54,3163.74,1345,596,118.8,177,132,76.54,3031.74,1.14426670653311,0.935924428117186,118.411764705882,0.607641293179183,0.00513159562048987
3,1260,"2ch_IP6_003_pos006.tif",258.31,3117.43,1343,595,118.25,180,135,78.31,2982.43,1.17072806099566,0.920702003519279,118.411764705882,0.607641293179183,0.00513159562048987
4,1260,"2ch_IP6_003_pos006.tif",264.76,3228.44,1345,595,118.25,183,138,81.76,3090.44,1.22230527732097,0.954045627141666,118.411764705882,0.607641293179183,0.00513159562048987
5,1260,"2ch_IP6_003_pos006.tif",270.59,3166.45,1343,594,118.25,186,151,84.59,3015.45,1.2646135446255,0.930895563856389,118.411764705882,0.607641293179183,0.00513159562048987
6,1260,"2ch_IP6_003_pos006.tif",277.74,3349.02,1344,593,118.25,189,149.7,88.74,3199.32,1.32665570339363,0.987657827308369,118.411764705882,0.607641293179183,0.00513159562048987
7,1260,"2ch_IP6_003_pos006.tif",282.38,3256.47,1346,593,118.8,192,135,90.38,3121.47,1.35117356854537,0.963624857222239,118.411764705882,0.607641293179183,0.00513159562048987
8,1260,"2ch_IP6_003_pos006.tif",289.42,3197.35,1346,594,118.8,194,134,95.42,3063.35,1.42652115413365,0.945682709227302,118.411764705882,0.607641293179183,0.00513159562048987
9,1260,"2ch_IP6_003_pos006.tif",295.63,3386.8,1344,594,118.25,197,126,98.63,3260.8,1.47451039019285,1.00663723643997,118.411764705882,0.607641293179183,0.00513159562048987
10,1260,"2ch_IP6_003_pos006.tif",302.22,3242.63,1344,590,118.8,199,127,103.22,3115.63,1.54313051278218,0.96182199857994,118.411764705882,0.607641293179183,0.00513159562048987
11,1260,"2ch_IP6_003_pos006.tif",306.33,3951.52,1348,594,116.6,200,130,106.33,3821.52,1.58962475706384,1.17973636279443,118.411764705882,0.607641293179183,0.00513159562048987
12,1260,"2ch_IP6_003_pos006.tif",312.33,3336.77,1345,593,118.25,202,127,110.33,3209.77,1.64942442816565,0.990883832926867,118.411764705882,0.607641293179183,0.00513159562048987
13,1260,"2ch_IP6_003_pos006.tif",315.2,3102.89,1345,594,118.25,204,132,111.2,2970.89,1.66243085663029,0.917139505448708,118.411764705882,0.607641293179183,0.00513159562048987
14,1260,"2ch_IP6_003_pos006.tif",309.71,3237.63,1347,593,117.7,204,134,105.71,3103.63,1.58035580804306,0.958117494520421,118.411764705882,0.607641293179183,0.00513159562048987
15,1260,"2ch_IP6_003_pos006.tif",290.32,2093.48,1345,593,119.35,204.7,132,85.6199999999999,1961.48,1.28001195993422,0.605525885222116,118.411764705882,0.607641293179183,0.00513159562048987
16,1260,"2ch_IP6_003_pos006.tif",315.25,2656.97,1346,593,118.8,204,134,111.25,2522.97,1.66317835251906,0.778862717253728,118.411764705882,0.607641293179183,0.00513159562048987
0,1262,"2ch_IP6_003_pos006.tif",240.28,4311.39,496,836,81.95,177,155,63.28,4156.39,1,1,81.6264705882353,1.23074134760553,0.0150777234239859
1,1262,"2ch_IP6_003_pos006.tif",244.46,4895.63,496,838,81.95,175,140,69.46,4755.63,1.09766118836915,1.14417318875274,81.6264705882353,1.23074134760553,0.0150777234239859
2,1262,"2ch_IP6_003_pos006.tif",248.93,4571.64,501,834,80.3,177,132,71.93,4439.64,1.13669405815424,1.06814808042556,81.6264705882353,1.23074134760553,0.0150777234239859
3,1262,"2ch_IP6_003_pos006.tif",255.41,5227.16,492,825,79.75,180,135,75.41,5092.16,1.19168773704172,1.22514008550689,81.6264705882353,1.23074134760553,0.0150777234239859
4,1262,"2ch_IP6_003_pos006.tif",261.7,4755.51,496,838,80.3,183,138,78.7,4617.51,1.2436788874842,1.11094242840542,81.6264705882353,1.23074134760553,0.0150777234239859
5,1262,"2ch_IP6_003_pos006.tif",269.69,4061.99,497,837,83.05,186,151,83.69,3910.99,1.32253476611884,0.94095837974781,81.6264705882353,1.23074134760553,0.0150777234239859
6,1262,"2ch_IP6_003_pos006.tif",275.75,4726.81,499,833,81.95,189,149.7,86.75,4577.11,1.37089127686473,1.10122245506317,81.6264705882353,1.23074134760553,0.0150777234239859
7,1262,"2ch_IP6_003_pos006.tif",281.78,4193.04,499,833,83.05,192,135,89.78,4058.04,1.41877370417193,0.976337639153207,81.6264705882353,1.23074134760553,0.0150777234239859
8,1262,"2ch_IP6_003_pos006.tif",286.84,4458.55,499,837,82.5,194,134,92.84,4324.55,1.46713021491783,1.04045818607012,81.6264705882353,1.23074134760553,0.0150777234239859
9,1262,"2ch_IP6_003_pos006.tif",293.49,4346.12,498,837,82.5,197,126,96.49,4220.12,1.52481036662453,1.015333017354,81.6264705882353,1.23074134760553,0.0150777234239859
10,1262,"2ch_IP6_003_pos006.tif",299.77,4305.48,498,836,82.5,199,127,100.77,4178.48,1.59244627054362,1.0053147081963,81.6264705882353,1.23074134760553,0.0150777234239859
11,1262,"2ch_IP6_003_pos006.tif",305.56,4304.66,497,835,82.5,200,130,105.56,4174.66,1.66814159292035,1.00439564140997,81.6264705882353,1.23074134760553,0.0150777234239859
12,1262,"2ch_IP6_003_pos006.tif",310.21,4449.49,492,835,80.3,202,127,108.21,4322.49,1.71001896333755,1.03996256366703,81.6264705882353,1.23074134760553,0.0150777234239859
13,1262,"2ch_IP6_003_pos006.tif",314.95,4720.05,496,835,80.85,204,132,110.95,4588.05,1.7533185840708,1.10385454685436,81.6264705882353,1.23074134760553,0.0150777234239859
14,1262,"2ch_IP6_003_pos006.tif",316.46,4197.87,497,834,82.5,204,134,112.46,4063.87,1.77718078381795,0.977740298672646,81.6264705882353,1.23074134760553,0.0150777234239859
15,1262,"2ch_IP6_003_pos006.tif",320.96,4365.27,494,835,79.2,204.7,132,116.26,4233.27,1.83723135271808,1.01849682055822,81.6264705882353,1.23074134760553,0.0150777234239859
16,1262,"2ch_IP6_003_pos006.tif",331.22,4032.55,497,835,82.5,204,134,127.22,3898.55,2.01042983565107,0.937965397857275,81.6264705882353,1.23074134760553,0.0150777234239859
0,1268,"2ch_IP6_003_pos007.tif",261.15,3408.21,448,423,81.95,170,138,91.15,3270.21,1,1,85.8323529411765,1.58537664851197,0.0184706185277069
1,1268,"2ch_IP6_003_pos007.tif",265.95,4116.3,436,422,87.45,172,138,93.95,3978.3,1.03071859572134,1.21652737897566,85.8323529411765,1.58537664851197,0.0184706185277069
2,1268,"2ch_IP6_003_pos007.tif",270.81,3840.19,435,422,88.55,175,138,95.81,3702.19,1.05112452002194,1.13209549233841,85.8323529411765,1.58537664851197,0.0184706185277069
3,1268,"2ch_IP6_003_pos007.tif",277.89,3983.93,435,423,88.55,178,142,99.89,3841.93,1.09588590235875,1.17482669308699,85.8323529411765,1.58537664851197,0.0184706185277069
4,1268,"2ch_IP6_003_pos007.tif",283.48,4067.52,443,422,83.6,181,130,102.48,3937.52,1.12430060340099,1.20405723179857,85.8323529411765,1.58537664851197,0.0184706185277069
5,1268,"2ch_IP6_003_pos007.tif",291.4,4509.01,435,422,86.9,183,136,108.4,4373.01,1.18924849149753,1.33722604970323,85.8323529411765,1.58537664851197,0.0184706185277069
6,1268,"2ch_IP6_003_pos007.tif",298.14,4979.66,435,421,85.8,188,138,110.14,4841.66,1.20833790455293,1.48053488919672,85.8323529411765,1.58537664851197,0.0184706185277069
7,1268,"2ch_IP6_003_pos007.tif",305.91,4779.44,436,424,85.8,189,135,116.91,4644.44,1.28261108063631,1.42022683558548,85.8323529411765,1.58537664851197,0.0184706185277069
8,1268,"2ch_IP6_003_pos007.tif",311.69,3527.22,435,430,85.8,192,138,119.69,3389.22,1.31311025781679,1.03639215830176,85.8323529411765,1.58537664851197,0.0184706185277069
9,1268,"2ch_IP6_003_pos007.tif",318.26,5095.14,434,422,84.7,196,136,122.26,4959.14,1.34130554031816,1.51645918763627,85.8323529411765,1.58537664851197,0.0184706185277069
10,1268,"2ch_IP6_003_pos007.tif",326.64,4875.18,435,424,85.8,196,137,130.64,4738.18,1.43324190894131,1.44889166139178,85.8323529411765,1.58537664851197,0.0184706185277069
11,1268,"2ch_IP6_003_pos007.tif",332.98,4837.04,436,422,85.8,199,134,133.98,4703.04,1.46988480526605,1.43814617409891,85.8323529411765,1.58537664851197,0.0184706185277069
12,1268,"2ch_IP6_003_pos007.tif",339.13,4704.61,434,421,85.25,201,129,138.13,4575.61,1.51541415249589,1.39917925760119,85.8323529411765,1.58537664851197,0.0184706185277069
13,1268,"2ch_IP6_003_pos007.tif",342.1,4524.47,435,423,85.8,201,130,141.1,4394.47,1.54799780581459,1.34378831940456,85.8323529411765,1.58537664851197,0.0184706185277069
14,1268,"2ch_IP6_003_pos007.tif",341.85,4290.73,434,422,85.8,201,130,140.85,4160.73,1.54525507405376,1.27231278725219,85.8323529411765,1.58537664851197,0.0184706185277069
15,1268,"2ch_IP6_003_pos007.tif",341.77,4129.58,434,422,85.8,203,131,138.77,3998.58,1.52243554580362,1.22272881558065,85.8323529411765,1.58537664851197,0.0184706185277069
16,1268,"2ch_IP6_003_pos007.tif",356.6,4414.63,436,421,85.8,203,133,153.6,4281.63,1.68513439385628,1.30928289008963,85.8323529411765,1.58537664851197,0.0184706185277069
0,1285,"2ch_IP6_003_pos009.tif",204.31,3119.58,1081,940,110,154,157,50.31,2962.58,1,1,108.608823529412,1.20055134392985,0.0110539024815487
1,1285,"2ch_IP6_003_pos009.tif",208.93,3414.74,1081,942,110.55,158,157,50.93,3257.74,1.01232359371894,1.09962937709699,108.608823529412,1.20055134392985,0.0110539024815487
2,1285,"2ch_IP6_003_pos009.tif",214.03,3199.89,1081,940,111.1,161,155,53.03,3044.89,1.05406479825084,1.02778321598067,108.608823529412,1.20055134392985,0.0110539024815487
3,1285,"2ch_IP6_003_pos009.tif",219.15,4229.07,1080,941,108.9,163,146,56.15,4083.07,1.11608030212681,1.378214259193,108.608823529412,1.20055134392985,0.0110539024815487
4,1285,"2ch_IP6_003_pos009.tif",223.81,4187.52,1080,941,108.9,167,150,56.81,4037.52,1.12919896640827,1.36283914695974,108.608823529412,1.20055134392985,0.0110539024815487
5,1285,"2ch_IP6_003_pos009.tif",227.34,4575.19,1078,941,107.25,169,145,58.34,4430.19,1.15961041542437,1.49538240317561,108.608823529412,1.20055134392985,0.0110539024815487
6,1285,"2ch_IP6_003_pos009.tif",233.5,4064.4,1080,939,108.35,171,139,62.5,3925.4,1.24229775392566,1.32499375544289,108.608823529412,1.20055134392985,0.0110539024815487
7,1285,"2ch_IP6_003_pos009.tif",237.8,4192.64,1081,942,108.9,174,137,63.8,4055.64,1.26813754720731,1.3689554374903,108.608823529412,1.20055134392985,0.0110539024815487
8,1285,"2ch_IP6_003_pos009.tif",242.89,4432.6,1082,941,108.9,177,141,65.89,4291.6,1.30967998409859,1.44860223183847,108.608823529412,1.20055134392985,0.0110539024815487
9,1285,"2ch_IP6_003_pos009.tif",245.8,4219.29,1080,942,108.35,178,134,67.8,4085.29,1.34764460345856,1.37896360604608,108.608823529412,1.20055134392985,0.0110539024815487
10,1285,"2ch_IP6_003_pos009.tif",251.85,4258.57,1080,941,108.35,181,140,70.85,4118.57,1.40826873385013,1.39019705796974,108.608823529412,1.20055134392985,0.0110539024815487
11,1285,"2ch_IP6_003_pos009.tif",255.54,4415.98,1080,940,108.35,183,136,72.54,4279.98,1.44186046511628,1.44467997488675,108.608823529412,1.20055134392985,0.0110539024815487
12,1285,"2ch_IP6_003_pos009.tif",258.46,4329.04,1081,943,108.9,186,131,72.46,4198.04,1.44027032399125,1.41702165004827,108.608823529412,1.20055134392985,0.0110539024815487
13,1285,"2ch_IP6_003_pos009.tif",262.19,4352.81,1081,941,108.35,187,134,75.19,4218.81,1.49453388988273,1.42403243119173,108.608823529412,1.20055134392985,0.0110539024815487
14,1285,"2ch_IP6_003_pos009.tif",266.75,5318.45,1079,941,106.15,189,133,77.75,5185.45,1.54541840588352,1.75031560329173,108.608823529412,1.20055134392985,0.0110539024815487
15,1285,"2ch_IP6_003_pos009.tif",270.79,4919.52,1082,941,107.8,191,137,79.79,4782.52,1.58596700457166,1.61430914945757,108.608823529412,1.20055134392985,0.0110539024815487
16,1285,"2ch_IP6_003_pos009.tif",274.21,4703.18,1079,942,107.25,192,138,82.21,4565.18,1.63406877360366,1.54094741745371,108.608823529412,1.20055134392985,0.0110539024815487
0,1309,"2ch_IP6_004_pos001.tif",210.14,3339.53,1039,355,151.25,152,139,58.14,3200.53,1,1,149.211764705882,2.69278720681313,0.0180467486067268
1,1309,"2ch_IP6_004_pos001.tif",211.99,3143.47,1043,363,151.25,152,145,59.99,2998.47,1.03181974544204,0.936866706451744,149.211764705882,2.69278720681313,0.0180467486067268
2,1309,"2ch_IP6_004_pos001.tif",214.95,3857.5,1043,360,148.5,155,158,59.95,3699.5,1.03113175094599,1.15590230368095,149.211764705882,2.69278720681313,0.0180467486067268
3,1309,"2ch_IP6_004_pos001.tif",215.61,4278.46,1038,361,144.1,155,151,60.61,4127.46,1.04248366013072,1.28961765707555,149.211764705882,2.69278720681313,0.0180467486067268
4,1309,"2ch_IP6_004_pos001.tif",219.62,3250.02,1043,358,151.25,157,139,62.62,3111.02,1.07705538355693,0.972032757074609,149.211764705882,2.69278720681313,0.0180467486067268
5,1309,"2ch_IP6_004_pos001.tif",222.92,4242.29,1041,351,148.5,159,136,63.92,4106.29,1.09941520467836,1.28300312760699,149.211764705882,2.69278720681313,0.0180467486067268
6,1309,"2ch_IP6_004_pos001.tif",224.83,2826.89,1040,350,151.8,159,140,65.83,2686.89,1.13226694186447,0.83951408048042,149.211764705882,2.69278720681313,0.0180467486067268
7,1309,"2ch_IP6_004_pos001.tif",229.29,3558.79,1041,359,150.7,163,138,66.29,3420.79,1.14017887856897,1.06881985171206,149.211764705882,2.69278720681313,0.0180467486067268
8,1309,"2ch_IP6_004_pos001.tif",231.53,2943.12,1040,363,150.7,164,137,67.53,2806.12,1.16150670794634,0.876767285418352,149.211764705882,2.69278720681313,0.0180467486067268
9,1309,"2ch_IP6_004_pos001.tif",234.53,2797.13,1039,363,150.7,166,132,68.53,2665.13,1.17870657034744,0.832715206543916,149.211764705882,2.69278720681313,0.0180467486067268
10,1309,"2ch_IP6_004_pos001.tif",238.24,3010.29,1039,359,149.05,167,131,71.24,2879.29,1.22531819745442,0.89962912392635,149.211764705882,2.69278720681313,0.0180467486067268
11,1309,"2ch_IP6_004_pos001.tif",241.29,4080.21,1047,356,144.1,170,131,71.29,3949.21,1.22617819057448,1.23392375637785,149.211764705882,2.69278720681313,0.0180467486067268
12,1309,"2ch_IP6_004_pos001.tif",245.16,4912.62,1045,351,146.85,171,145,74.16,4767.62,1.27554179566563,1.48963452928109,149.211764705882,2.69278720681313,0.0180467486067268
13,1309,"2ch_IP6_004_pos001.tif",250.18,4248.26,1040,348,150.7,173,145,77.18,4103.26,1.32748538011696,1.28205640940719,149.211764705882,2.69278720681313,0.0180467486067268
14,1309,"2ch_IP6_004_pos001.tif",249.73,4322.7,1038,357,144.65,175,161,74.73,4161.7,1.28534571723426,1.30031588518152,149.211764705882,2.69278720681313,0.0180467486067268
15,1309,"2ch_IP6_004_pos001.tif",252.68,3229.8,1046,357,151.25,177,154,75.68,3075.8,1.30168558651531,0.961028329682896,149.211764705882,2.69278720681313,0.0180467486067268
16,1309,"2ch_IP6_004_pos001.tif",257.61,3519.66,1045,351,151.25,177,153,80.61,3366.66,1.38648090815274,1.0519070278985,149.211764705882,2.69278720681313,0.0180467486067268
0,1310,"2ch_IP6_004_pos001.tif",210.58,4005.48,723,368,95.7,152,139,58.58,3866.48,1,1,96.5735294117647,1.37580858577997,0.0142462286939299
1,1310,"2ch_IP6_004_pos001.tif",212.3,4548.08,748,354,94.05,152,145,60.3,4403.08,1.02936155684534,1.13878256191678,96.5735294117647,1.37580858577997,0.0142462286939299
2,1310,"2ch_IP6_004_pos001.tif",215.23,3981.29,747,350,96.8,155,158,60.23,3823.29,1.02816660976442,0.988829633154704,96.5735294117647,1.37580858577997,0.0142462286939299
3,1310,"2ch_IP6_004_pos001.tif",218.89,4135.99,748,350,95.7,155,151,63.89,3984.99,1.09064527142369,1.03065061761602,96.5735294117647,1.37580858577997,0.0142462286939299
4,1310,"2ch_IP6_004_pos001.tif",220.67,3805.3,753,345,96.25,157,139,63.67,3666.3,1.0868897234551,0.948226810949494,96.5735294117647,1.37580858577997,0.0142462286939299
5,1310,"2ch_IP6_004_pos001.tif",223.44,4037.93,750,348,96.8,159,136,64.44,3901.93,1.10003414134517,1.00916854606774,96.5735294117647,1.37580858577997,0.0142462286939299
6,1310,"2ch_IP6_004_pos001.tif",225.49,4108.81,750,344,96.8,159,140,66.49,3968.81,1.13502902014339,1.02646593283814,96.5735294117647,1.37580858577997,0.0142462286939299
7,1310,"2ch_IP6_004_pos001.tif",229.38,3745.21,752,344,97.35,163,138,66.38,3607.21,1.1331512461591,0.932944176615423,96.5735294117647,1.37580858577997,0.0142462286939299
8,1310,"2ch_IP6_004_pos001.tif",232.7,3792.7,757,344,97.9,164,137,68.7,3655.7,1.17275520655514,0.945485299290311,96.5735294117647,1.37580858577997,0.0142462286939299
9,1310,"2ch_IP6_004_pos001.tif",236.16,3912.84,759,344,96.8,166,132,70.16,3780.84,1.19767838852851,0.9778506548592,96.5735294117647,1.37580858577997,0.0142462286939299
10,1310,"2ch_IP6_004_pos001.tif",239.43,4021.43,758,341,96.8,167,131,72.43,3890.43,1.23642881529532,1.0061942645507,96.5735294117647,1.37580858577997,0.0142462286939299
11,1310,"2ch_IP6_004_pos001.tif",242.98,3561.94,763,342,97.35,170,131,72.98,3430.94,1.2458176852168,0.887354906788604,96.5735294117647,1.37580858577997,0.0142462286939299
12,1310,"2ch_IP6_004_pos001.tif",247.69,1833.04,758,341,100.1,171,145,76.69,1688.04,1.30914988050529,0.436583145393226,96.5735294117647,1.37580858577997,0.0142462286939299
13,1310,"2ch_IP6_004_pos001.tif",248.73,3889.98,762,342,96.8,173,145,75.73,3744.98,1.29276203482417,0.968576069189547,96.5735294117647,1.37580858577997,0.0142462286939299
14,1310,"2ch_IP6_004_pos001.tif",251.21,3889.23,762,341,96.25,175,161,76.21,3728.23,1.30095595766473,0.964243963501686,96.5735294117647,1.37580858577997,0.0142462286939299
15,1310,"2ch_IP6_004_pos001.tif",253.75,1903.79,759,356,96.25,177,154,76.75,1749.79,1.31017412086036,0.452553743973847,96.5735294117647,1.37580858577997,0.0142462286939299
16,1310,"2ch_IP6_004_pos001.tif",256.72,4569.21,762,339,94.05,177,153,79.72,4416.21,1.36087401843633,1.14217841550971,96.5735294117647,1.37580858577997,0.0142462286939299
0,1320,"2ch_IP6_004_pos003.tif",197.59,3651.73,936,597,137.5,147,177,50.59,3474.73,1,1,135.655882352941,1.09898850553321,0.00810129635716002
1,1320,"2ch_IP6_004_pos003.tif",200.34,4645.88,935,590,138.05,148,176,52.34,4469.88,1.03459181656454,1.28639635309794,135.655882352941,1.09898850553321,0.00810129635716002
2,1320,"2ch_IP6_004_pos003.tif",204.36,5071.41,937,598,135.3,150,153,54.36,4918.41,1.07452065625618,1.41547976389532,135.655882352941,1.09898850553321,0.00810129635716002
3,1320,"2ch_IP6_004_pos003.tif",208.21,4492.59,939,595,136.4,151,260,57.21,4232.59,1.13085590037557,1.21810615501061,135.655882352941,1.09898850553321,0.00810129635716002
4,1320,"2ch_IP6_004_pos003.tif",211.19,5293.78,937,593,136.4,152,225,59.19,5068.78,1.1699940699743,1.45875506873915,135.655882352941,1.09898850553321,0.00810129635716002
5,1320,"2ch_IP6_004_pos003.tif",215.13,5912.73,935,594,134.75,156,166,59.13,5746.73,1.16880806483495,1.65386375344271,135.655882352941,1.09898850553321,0.00810129635716002
6,1320,"2ch_IP6_004_pos003.tif",217.75,4708.43,935,597,135.3,156,157,61.75,4551.43,1.22059695592014,1.30986580252279,135.655882352941,1.09898850553321,0.00810129635716002
7,1320,"2ch_IP6_004_pos003.tif",221.08,5193.32,936,595,135.85,157,151,64.08,5042.32,1.26665348883179,1.45114008858242,135.655882352941,1.09898850553321,0.00810129635716002
8,1320,"2ch_IP6_004_pos003.tif",223.63,5269.64,936,592,135.85,159,164,64.63,5105.64,1.27752520260921,1.4693630872039,135.655882352941,1.09898850553321,0.00810129635716002
9,1320,"2ch_IP6_004_pos003.tif",227.76,5322.06,936,593,135.3,160,163,67.76,5159.06,1.33939513737893,1.48473694358986,135.655882352941,1.09898850553321,0.00810129635716002
10,1320,"2ch_IP6_004_pos003.tif",230.28,5319.33,937,593,135.3,162,155,68.28,5164.33,1.34967384858668,1.48625360819402,135.655882352941,1.09898850553321,0.00810129635716002
11,1320,"2ch_IP6_004_pos003.tif",234.07,5724.85,935,591,135.85,164,170.7,70.07,5554.15,1.38505633524412,1.59844074215838,135.655882352941,1.09898850553321,0.00810129635716002
12,1320,"2ch_IP6_004_pos003.tif",237.26,6513.33,937,591,134.75,166,174,71.26,6339.33,1.40857877050801,1.82440937857042,135.655882352941,1.09898850553321,0.00810129635716002
13,1320,"2ch_IP6_004_pos003.tif",240.11,7370.28,939,593,133.1,168,150,72.11,7220.28,1.42538050998221,2.07793986870922,135.655882352941,1.09898850553321,0.00810129635716002
14,1320,"2ch_IP6_004_pos003.tif",244.18,6394.95,936,589,135.3,170,157,74.18,6237.95,1.46629768728998,1.7952330109102,135.655882352941,1.09898850553321,0.00810129635716002
15,1320,"2ch_IP6_004_pos003.tif",247.42,6182.52,938,590,135.3,171,156,76.42,6026.52,1.51057521249259,1.7343851176926,135.655882352941,1.09898850553321,0.00810129635716002
16,1320,"2ch_IP6_004_pos003.tif",251.6,6174.26,935,592,135.85,174,161,77.6,6013.26,1.53389998023325,1.73056899384988,135.655882352941,1.09898850553321,0.00810129635716002
0,1335,"2ch_IP6_004_pos004.tif",198,4488.32,600,707,101.2,147,136,51,4352.32,1,1,102.655882352941,1.42816341337191,0.0139121439574378
1,1335,"2ch_IP6_004_pos004.tif",198.13,4261.72,607,708,101.75,148,136,50.13,4125.72,0.982941176470588,0.947935813543122,102.655882352941,1.42816341337191,0.0139121439574378
2,1335,"2ch_IP6_004_pos004.tif",200.62,4326.39,600,689,100.1,149,140,51.62,4186.39,1.0121568627451,0.961875505477539,102.655882352941,1.42816341337191,0.0139121439574378
3,1335,"2ch_IP6_004_pos004.tif",203.8,4129.71,599,706,101.75,152,140,51.8,3989.71,1.0156862745098,0.916685813543122,102.655882352941,1.42816341337191,0.0139121439574378
4,1335,"2ch_IP6_004_pos004.tif",207.42,5599.91,598,695,100.65,152,145,55.42,5454.91,1.08666666666667,1.25333385412837,102.655882352941,1.42816341337191,0.0139121439574378
5,1335,"2ch_IP6_004_pos004.tif",211.11,4756.89,597,699,102.85,153,147,58.11,4609.89,1.13941176470588,1.05917993162267,102.655882352941,1.42816341337191,0.0139121439574378
6,1335,"2ch_IP6_004_pos004.tif",213.25,4175.26,599,695,103.4,155,154,58.25,4021.26,1.1421568627451,0.923934820969047,102.655882352941,1.42816341337191,0.0139121439574378
7,1335,"2ch_IP6_004_pos004.tif",216.84,4153.41,599,697,103.4,157,152,59.84,4001.41,1.17333333333333,0.919374034997427,102.655882352941,1.42816341337191,0.0139121439574378
8,1335,"2ch_IP6_004_pos004.tif",219.4,5407.9,595,695,101.2,159,160,60.4,5247.9,1.1843137254902,1.20577071538857,102.655882352941,1.42816341337191,0.0139121439574378
9,1335,"2ch_IP6_004_pos004.tif",223.07,4478.23,600,695,103.95,161,157,62.07,4321.23,1.21705882352941,0.992856683332108,102.655882352941,1.42816341337191,0.0139121439574378
10,1335,"2ch_IP6_004_pos004.tif",225.39,4622.45,598,695,103.95,162,159,63.39,4463.45,1.24294117647059,1.02553350856555,102.655882352941,1.42816341337191,0.0139121439574378
11,1335,"2ch_IP6_004_pos004.tif",229.94,4684.69,599,696,103.4,164,153,65.94,4531.69,1.29294117647059,1.04121250275715,102.655882352941,1.42816341337191,0.0139121439574378
12,1335,"2ch_IP6_004_pos004.tif",232.58,3958.99,600,696,104.5,167,143,65.58,3815.99,1.28588235294118,0.876771469009632,102.655882352941,1.42816341337191,0.0139121439574378
13,1335,"2ch_IP6_004_pos004.tif",235.73,4086.07,600,695,104.5,168,151,67.73,3935.07,1.32803921568627,0.904131589589001,102.655882352941,1.42816341337191,0.0139121439574378
14,1335,"2ch_IP6_004_pos004.tif",239.82,3965.04,599,697,104.5,169,155,70.82,3810.04,1.38862745098039,0.875404382030733,102.655882352941,1.42816341337191,0.0139121439574378
15,1335,"2ch_IP6_004_pos004.tif",242.99,5547.02,600,694,101.75,172,146,70.99,5401.02,1.39196078431373,1.24095195206235,102.655882352941,1.42816341337191,0.0139121439574378
16,1335,"2ch_IP6_004_pos004.tif",245.42,4764.35,600,696,102.3,173,147,72.42,4617.35,1.42,1.06089396000294,102.655882352941,1.42816341337191,0.0139121439574378
0,1337,"2ch_IP6_004_pos004.tif",200.49,5719.6,950,804,86.35,147,136,53.49,5583.6,1,1,86.1882352941176,0.637997210947252,0.00740237004238554
1,1337,"2ch_IP6_004_pos004.tif",201.72,4140.62,1005,806,86.9,148,136,53.72,4004.62,1.00429986913442,0.717211118274948,86.1882352941176,0.637997210947252,0.00740237004238554
2,1337,"2ch_IP6_004_pos004.tif",203.88,5824.32,998,802,84.7,149,140,54.88,5684.32,1.02598616563844,1.0180385414428,86.1882352941176,0.637997210947252,0.00740237004238554
3,1337,"2ch_IP6_004_pos004.tif",206.29,5816,996,797,85.25,152,140,54.29,5676,1.0149560665545,1.01654846335697,86.1882352941176,0.637997210947252,0.00740237004238554
4,1337,"2ch_IP6_004_pos004.tif",209.42,5730.79,997,796,85.8,152,145,57.42,5585.79,1.07347167694896,1.00039222007307,86.1882352941176,0.637997210947252,0.00740237004238554
5,1337,"2ch_IP6_004_pos004.tif",212.57,6132.54,996,795,85.8,153,147,59.57,5985.54,1.11366610581417,1.07198581560284,86.1882352941176,0.637997210947252,0.00740237004238554
6,1337,"2ch_IP6_004_pos004.tif",216.52,6203.4,998,794,85.8,155,154,61.52,6049.4,1.15012151804076,1.08342288129522,86.1882352941176,0.637997210947252,0.00740237004238554
7,1337,"2ch_IP6_004_pos004.tif",218.62,6181.65,996,794,86.9,157,152,61.62,6029.65,1.15199102636007,1.07988573680063,86.1882352941176,0.637997210947252,0.00740237004238554
8,1337,"2ch_IP6_004_pos004.tif",222.14,5982.57,996,793,86.35,159,160,63.14,5822.57,1.18040755281361,1.04279855290494,86.1882352941176,0.637997210947252,0.00740237004238554
9,1337,"2ch_IP6_004_pos004.tif",224.81,5829.73,997,792,86.9,161,157,63.81,5672.73,1.192933258553,1.01596281968622,86.1882352941176,0.637997210947252,0.00740237004238554
10,1337,"2ch_IP6_004_pos004.tif",228.89,5980.65,996,792,86.9,162,159,66.89,5821.65,1.25051411478781,1.04263378465506,86.1882352941176,0.637997210947252,0.00740237004238554
11,1337,"2ch_IP6_004_pos004.tif",232.03,6922.15,997,790,86.35,164,153,68.03,6769.15,1.27182650962797,1.21232717243356,86.1882352941176,0.637997210947252,0.00740237004238554
12,1337,"2ch_IP6_004_pos004.tif",234.69,6185.51,998,789,85.8,167,143,67.69,6042.51,1.26547018134231,1.0821889103804,86.1882352941176,0.637997210947252,0.00740237004238554
13,1337,"2ch_IP6_004_pos004.tif",237.24,6843.49,997,789,85.8,168,151,69.24,6692.49,1.29444756029164,1.19859767891683,86.1882352941176,0.637997210947252,0.00740237004238554
14,1337,"2ch_IP6_004_pos004.tif",242.41,8004.8,997,790,86.35,169,155,73.41,7849.8,1.37240605720695,1.40586718246293,86.1882352941176,0.637997210947252,0.00740237004238554
15,1337,"2ch_IP6_004_pos004.tif",245.83,7089.47,997,790,86.9,172,146,73.83,6943.47,1.38025799214807,1.24354717386632,86.1882352941176,0.637997210947252,0.00740237004238554
16,1337,"2ch_IP6_004_pos004.tif",249.05,7060.04,998,791,86.35,173,147,76.05,6913.04,1.42176107683679,1.2380972849058,86.1882352941176,0.637997210947252,0.00740237004238554
0,1338,"2ch_IP6_004_pos004.tif",196.91,3718.55,918,215,90.75,147,136,49.91,3582.55,1,1,89.3911764705882,1.50771301294768,0.0168664634752151
1,1338,"2ch_IP6_004_pos004.tif",199.5,3425.98,928,213,91.3,148,136,51.5,3289.98,1.03185734321779,0.918334705726368,89.3911764705882,1.50771301294768,0.0168664634752151
2,1338,"2ch_IP6_004_pos004.tif",201.2,3836.56,919,213,89.1,149,140,52.2,3696.56,1.04588258865959,1.0318237009951,89.3911764705882,1.50771301294768,0.0168664634752151
3,1338,"2ch_IP6_004_pos004.tif",203.92,3905.24,917,213,89.65,152,140,51.92,3765.24,1.04027249048287,1.05099440342773,89.3911764705882,1.50771301294768,0.0168664634752151
4,1338,"2ch_IP6_004_pos004.tif",207.14,4073.9,916,214,88.55,152,145,55.14,3928.9,1.10478861951513,1.09667694798398,89.3911764705882,1.50771301294768,0.0168664634752151
5,1338,"2ch_IP6_004_pos004.tif",210.31,3921.82,918,212,89.1,153,147,57.31,3774.82,1.14826688038469,1.0536684763646,89.3911764705882,1.50771301294768,0.0168664634752151
6,1338,"2ch_IP6_004_pos004.tif",213.2,4143.09,918,212,88.55,155,154,58.2,3989.09,1.16609897816069,1.11347783003726,89.3911764705882,1.50771301294768,0.0168664634752151
7,1338,"2ch_IP6_004_pos004.tif",216.28,3903.45,919,212,89.1,157,152,59.28,3751.45,1.18773792827089,1.04714518987872,89.3911764705882,1.50771301294768,0.0168664634752151
8,1338,"2ch_IP6_004_pos004.tif",219.08,4035.5,919,213,89.1,159,160,60.08,3875.5,1.20376678020437,1.08177136397259,89.3911764705882,1.50771301294768,0.0168664634752151
9,1338,"2ch_IP6_004_pos004.tif",222.6,4104.7,916,215,89.65,161,157,61.6,3947.7,1.23422159887798,1.1019246067745,89.3911764705882,1.50771301294768,0.0168664634752151
10,1338,"2ch_IP6_004_pos004.tif",226.6,3684.37,919,213,90.2,162,159,64.6,3525.37,1.29432979362853,0.984039301614771,89.3911764705882,1.50771301294768,0.0168664634752151
11,1338,"2ch_IP6_004_pos004.tif",229.49,3717.51,919,213,90.2,164,153,65.49,3564.51,1.31216189140453,0.994964480607389,89.3911764705882,1.50771301294768,0.0168664634752151
12,1338,"2ch_IP6_004_pos004.tif",229.72,4432.82,922,214,86.35,167,143,62.72,4289.82,1.25666199158485,1.19742083153061,89.3911764705882,1.50771301294768,0.0168664634752151
13,1338,"2ch_IP6_004_pos004.tif",233.32,3243.64,930,213,85.8,168,151,65.32,3092.64,1.30875576036866,0.863251036273046,89.3911764705882,1.50771301294768,0.0168664634752151
14,1338,"2ch_IP6_004_pos004.tif",239.39,4348.63,917,214,90.75,169,155,70.39,4193.63,1.41033860949709,1.17057124115504,89.3911764705882,1.50771301294768,0.0168664634752151
15,1338,"2ch_IP6_004_pos004.tif",242.55,4136.93,918,214,90.75,172,146,70.55,3990.93,1.41354437988379,1.11399143068485,89.3911764705882,1.50771301294768,0.0168664634752151
16,1338,"2ch_IP6_004_pos004.tif",246.14,4148.83,918,214,90.75,173,147,73.14,4001.83,1.46543778801843,1.11703395626021,89.3911764705882,1.50771301294768,0.0168664634752151
0,1350,"2ch_IP6_004_pos006.tif",198.71,1294.39,1202,385,105.6,148,151,50.71,1143.39,1,1,106.15,0.972271824131503,0.00915941426407445
1,1350,"2ch_IP6_004_pos006.tif",203.57,3361.23,1202,403,103.4,151,147,52.57,3214.23,1.03667915598501,2.8111405557159,106.15,0.972271824131503,0.00915941426407445
2,1350,"2ch_IP6_004_pos006.tif",206.31,2816.07,1204,404,106.15,152,151,54.31,2665.07,1.0709919148097,2.33084949142462,106.15,0.972271824131503,0.00915941426407445
3,1350,"2ch_IP6_004_pos006.tif",209.08,3063.49,1203,403,106.7,154,145,55.08,2918.49,1.08617629658844,2.55248865216593,106.15,0.972271824131503,0.00915941426407445
4,1350,"2ch_IP6_004_pos006.tif",210.67,3335.72,1202,401,106.7,154,136,56.67,3199.72,1.11753105896273,2.79845022258372,106.15,0.972271824131503,0.00915941426407445
5,1350,"2ch_IP6_004_pos006.tif",213.12,3375.44,1202,407,106.15,154,143,59.12,3232.44,1.165845000986,2.82706688006717,106.15,0.972271824131503,0.00915941426407445
6,1350,"2ch_IP6_004_pos006.tif",215.55,3466.72,1205,403,106.7,155,157,60.55,3309.72,1.19404456714652,2.89465536693517,106.15,0.972271824131503,0.00915941426407445
7,1350,"2ch_IP6_004_pos006.tif",216.93,3528.12,1206,405,106.15,156,164,60.93,3364.12,1.20153815815421,2.94223318377806,106.15,0.972271824131503,0.00915941426407445
8,1350,"2ch_IP6_004_pos006.tif",218.97,3908.6,1203,404,105.05,158,152,60.97,3756.6,1.20232695720765,3.28549313882402,106.15,0.972271824131503,0.00915941426407445
9,1350,"2ch_IP6_004_pos006.tif",221.56,3713.1,1203,405,106.7,158,157,63.56,3556.1,1.25340169591796,3.11013739843798,106.15,0.972271824131503,0.00915941426407445
10,1350,"2ch_IP6_004_pos006.tif",224.69,3860.2,1206,406,106.7,160,161,64.69,3699.2,1.27568526917768,3.235291545317,106.15,0.972271824131503,0.00915941426407445
11,1350,"2ch_IP6_004_pos006.tif",227.28,3741.99,1206,407,106.7,160,152,67.28,3589.99,1.32676000788799,3.13977732882044,106.15,0.972271824131503,0.00915941426407445
12,1350,"2ch_IP6_004_pos006.tif",230.38,4157.01,1204,408,105.05,162,163,68.38,3994.01,1.34845198185762,3.49313007810109,106.15,0.972271824131503,0.00915941426407445
13,1350,"2ch_IP6_004_pos006.tif",231.97,3270.8,1206,408,107.25,164,147,67.97,3123.8,1.34036679155985,2.73205118113679,106.15,0.972271824131503,0.00915941426407445
14,1350,"2ch_IP6_004_pos006.tif",234.52,4099.33,1206,407,105.6,165,155,69.52,3944.33,1.37093275488069,3.44968033654309,106.15,0.972271824131503,0.00915941426407445
15,1350,"2ch_IP6_004_pos006.tif",236.06,3834.41,1207,408,106.7,166,149,70.06,3685.41,1.38158154210215,3.22323091858421,106.15,0.972271824131503,0.00915941426407445
16,1350,"2ch_IP6_004_pos006.tif",239.3,3344.02,1208,407,107.25,167,154,72.3,3190.02,1.42575428909485,2.78996667803637,106.15,0.972271824131503,0.00915941426407445
0,1361,"2ch_IP6_004_pos007.tif",188.53,4433.59,477,698,80.3,148,128,40.53,4305.59,1,1,79.0705882352941,1.00157045800729,0.0126667890091683
1,1361,"2ch_IP6_004_pos007.tif",189.93,4744.02,482,711,78.65,149,132,40.93,4612.02,1.00986923266716,1.07117026934752,79.0705882352941,1.00157045800729,0.0126667890091683
2,1361,"2ch_IP6_004_pos007.tif",192.85,4487.84,481,711,81.95,151,134,41.85,4353.84,1.03256846780163,1.01120636196201,79.0705882352941,1.00157045800729,0.0126667890091683
3,1361,"2ch_IP6_004_pos007.tif",195.05,5032.75,486,717,78.65,151,129,44.05,4903.75,1.08684924747101,1.13892637245999,79.0705882352941,1.00157045800729,0.0126667890091683
4,1361,"2ch_IP6_004_pos007.tif",196.54,4890.97,485,720,78.65,153,135,43.54,4755.97,1.07426597582038,1.10460355026837,79.0705882352941,1.00157045800729,0.0126667890091683
5,1361,"2ch_IP6_004_pos007.tif",198.7,4825.82,485,720,78.65,153,136,45.7,4689.82,1.12755983222304,1.08923980221061,79.0705882352941,1.00157045800729,0.0126667890091683
6,1361,"2ch_IP6_004_pos007.tif",201.38,4574.88,485,719,80.3,154,133,47.38,4441.88,1.16901060942512,1.03165419837932,79.0705882352941,1.00157045800729,0.0126667890091683
7,1361,"2ch_IP6_004_pos007.tif",202.63,4688.84,485,719,79.75,154,135,48.63,4553.84,1.19985196150999,1.0576576032553,79.0705882352941,1.00157045800729,0.0126667890091683
8,1361,"2ch_IP6_004_pos007.tif",205.57,4590.42,486,720,79.2,156,132,49.57,4458.42,1.22304465827782,1.03549571603427,79.0705882352941,1.00157045800729,0.0126667890091683
9,1361,"2ch_IP6_004_pos007.tif",208.78,4847.08,485,719,78.1,157,133,51.78,4714.08,1.27757216876388,1.09487433777949,79.0705882352941,1.00157045800729,0.0126667890091683
10,1361,"2ch_IP6_004_pos007.tif",211.78,4799.33,487,718,78.1,159,134,52.78,4665.33,1.30224525043178,1.08355184771425,79.0705882352941,1.00157045800729,0.0126667890091683
11,1361,"2ch_IP6_004_pos007.tif",214.23,4807.36,487,719,78.65,160,133,54.23,4674.36,1.33802121885023,1.08564912125864,79.0705882352941,1.00157045800729,0.0126667890091683
12,1361,"2ch_IP6_004_pos007.tif",216.56,4881.8,487,718,78.1,161,134,55.56,4747.8,1.37083641746854,1.10270601706154,79.0705882352941,1.00157045800729,0.0126667890091683
13,1361,"2ch_IP6_004_pos007.tif",219.77,4653.75,486,718,79.2,163,131,56.77,4522.75,1.4006908462867,1.05043675779626,79.0705882352941,1.00157045800729,0.0126667890091683
14,1361,"2ch_IP6_004_pos007.tif",222.06,4800.44,487,719,78.65,164,133,58.06,4667.44,1.43251912163829,1.08404190830989,79.0705882352941,1.00157045800729,0.0126667890091683
15,1361,"2ch_IP6_004_pos007.tif",226.24,4849.77,486,719,78.65,167,132,59.24,4717.77,1.46163335800642,1.09573136318135,79.0705882352941,1.00157045800729,0.0126667890091683
16,1361,"2ch_IP6_004_pos007.tif",227.5,4855.08,488,719,78.65,168,127,59.5,4728.08,1.46804835924007,1.09812592467002,79.0705882352941,1.00157045800729,0.0126667890091683
0,1367,"2ch_IP6_004_pos008.tif",196.04,3173.6,1041,222,115.5,148,135,48.04,3038.6,1,1,115.597058823529,0.485563650640703,0.00420048447237715
1,1367,"2ch_IP6_004_pos008.tif",193.58,2975.87,1041,227,116.05,149,133,44.58,2842.87,0.927976686094921,0.935585466991378,115.597058823529,0.485563650640703,0.00420048447237715
2,1367,"2ch_IP6_004_pos008.tif",193.74,3532.03,1040,228,114.95,148,134,45.74,3398.03,0.952123230641133,1.11828802738103,115.597058823529,0.485563650640703,0.00420048447237715
3,1367,"2ch_IP6_004_pos008.tif",194.47,3230.75,1038,227,115.5,148,134,46.47,3096.75,0.967318900915904,1.01913710261305,115.597058823529,0.485563650640703,0.00420048447237715
4,1367,"2ch_IP6_004_pos008.tif",196.53,2944.26,1038,227,116.05,149,141,47.53,2803.26,0.989383846794338,0.922549858487461,115.597058823529,0.485563650640703,0.00420048447237715
5,1367,"2ch_IP6_004_pos008.tif",199.34,3338.01,1036,228,114.95,150,136,49.34,3202.01,1.0270607826811,1.05377805568354,115.597058823529,0.485563650640703,0.00420048447237715
6,1367,"2ch_IP6_004_pos008.tif",200.76,3402.73,1037,228,114.95,152,127,48.76,3275.73,1.01498751040799,1.07803922859211,115.597058823529,0.485563650640703,0.00420048447237715
7,1367,"2ch_IP6_004_pos008.tif",203.68,3350.59,1037,228,114.95,152,129,51.68,3221.59,1.07577019150708,1.06022181267689,115.597058823529,0.485563650640703,0.00420048447237715
8,1367,"2ch_IP6_004_pos008.tif",204.42,2993.81,1037,228,115.5,153,147,51.42,2846.81,1.07035803497086,0.936882116764299,115.597058823529,0.485563650640703,0.00420048447237715
9,1367,"2ch_IP6_004_pos008.tif",206.76,3190.76,1038,229,115.5,155,129,51.76,3061.76,1.0774354704413,1.0076219311525,115.597058823529,0.485563650640703,0.00420048447237715
10,1367,"2ch_IP6_004_pos008.tif",208.65,3161.83,1038,228,115.5,154,130,54.65,3031.83,1.13759367194005,0.997772000263279,115.597058823529,0.485563650640703,0.00420048447237715
11,1367,"2ch_IP6_004_pos008.tif",209.18,3195.01,1038,228,115.5,155,131,54.18,3064.01,1.1278101582015,1.00836240373856,115.597058823529,0.485563650640703,0.00420048447237715
12,1367,"2ch_IP6_004_pos008.tif",211.58,2764.16,1037,228,116.05,156,130,55.58,2634.16,1.15695253955038,0.86689922990851,115.597058823529,0.485563650640703,0.00420048447237715
13,1367,"2ch_IP6_004_pos008.tif",212.16,3286.06,1038,228,115.5,156,135,56.16,3151.06,1.16902581182348,1.03701046534588,115.597058823529,0.485563650640703,0.00420048447237715
14,1367,"2ch_IP6_004_pos008.tif",213.34,2896.63,1038,229,116.05,158,129,55.34,2767.63,1.15195670274771,0.910824063713552,115.597058823529,0.485563650640703,0.00420048447237715
15,1367,"2ch_IP6_004_pos008.tif",215.47,3071.43,1038,228,116.05,158,128,57.47,2943.43,1.19629475437136,0.968679655104324,115.597058823529,0.485563650640703,0.00420048447237715
16,1367,"2ch_IP6_004_pos008.tif",218.05,3062.3,1039,228,116.6,159,127,59.05,2935.3,1.22918401332223,0.966004080826697,115.597058823529,0.485563650640703,0.00420048447237715
0,1370,"2ch_IP6_004_pos008.tif",209.19,9255.91,902,849,78.1,148,135,61.19,9120.91,1,1,76.6441176470588,1.46734053146981,0.0191448551632732
1,1370,"2ch_IP6_004_pos008.tif",204.53,9640.41,905,849,76.45,149,133,55.53,9507.41,0.907501225690472,1.04237515774194,76.6441176470588,1.46734053146981,0.0191448551632732
2,1370,"2ch_IP6_004_pos008.tif",205.04,9004.64,903,848,79.75,148,134,57.04,8870.64,0.932178460532767,0.972560851932537,76.6441176470588,1.46734053146981,0.0191448551632732
3,1370,"2ch_IP6_004_pos008.tif",205.45,8980.08,904,849,79.2,148,134,57.45,8846.08,0.938878901781337,0.969868138157267,76.6441176470588,1.46734053146981,0.0191448551632732
4,1370,"2ch_IP6_004_pos008.tif",209.18,10105.98,904,844,75.9,149,141,60.18,9964.98,0.983494034973035,1.09254230115197,76.6441176470588,1.46734053146981,0.0191448551632732
5,1370,"2ch_IP6_004_pos008.tif",211.5,10354.67,903,842,75.35,150,136,61.5,10218.67,1.0050661872855,1.1203564118054,76.6441176470588,1.46734053146981,0.0191448551632732
6,1370,"2ch_IP6_004_pos008.tif",213.41,10689.84,905,842,76.45,152,127,61.41,10562.84,1.00359535871874,1.15809058525958,76.6441176470588,1.46734053146981,0.0191448551632732
7,1370,"2ch_IP6_004_pos008.tif",214.13,10004.84,904,842,76.45,152,129,62.13,9875.84,1.01536198725282,1.08276915351648,76.6441176470588,1.46734053146981,0.0191448551632732
8,1370,"2ch_IP6_004_pos008.tif",216.28,11162.57,904,843,75.9,153,147,63.28,11015.57,1.03415590782808,1.20772707986374,76.6441176470588,1.46734053146981,0.0191448551632732
9,1370,"2ch_IP6_004_pos008.tif",218.78,10835.69,907,839,76.45,155,129,63.78,10706.69,1.04232717764341,1.17386203788876,76.6441176470588,1.46734053146981,0.0191448551632732
10,1370,"2ch_IP6_004_pos008.tif",220.19,9744.13,908,839,77,154,130,66.19,9614.13,1.08171269815329,1.05407574463513,76.6441176470588,1.46734053146981,0.0191448551632732
11,1370,"2ch_IP6_004_pos008.tif",220.73,10517.77,903,846,73.15,155,131,65.73,10386.77,1.07419512992319,1.13878659037311,76.6441176470588,1.46734053146981,0.0191448551632732
12,1370,"2ch_IP6_004_pos008.tif",223.5,10222.39,907,840,76.45,156,130,67.5,10092.39,1.10312142506946,1.1065113020521,76.6441176470588,1.46734053146981,0.0191448551632732
13,1370,"2ch_IP6_004_pos008.tif",225.48,9753.97,909,840,77,156,135,69.48,9618.97,1.13547965353816,1.05460639344101,76.6441176470588,1.46734053146981,0.0191448551632732
14,1370,"2ch_IP6_004_pos008.tif",225.6,10055.72,909,840,76.45,158,129,67.6,9926.72,1.10475567903252,1.08834754426916,76.6441176470588,1.46734053146981,0.0191448551632732
15,1370,"2ch_IP6_004_pos008.tif",226.27,10229.82,907,847,75.9,158,128,68.27,10101.82,1.11570518058506,1.10754519011809,76.6441176470588,1.46734053146981,0.0191448551632732
16,1370,"2ch_IP6_004_pos008.tif",229.72,10405.62,907,848,77,159,127,70.72,10278.62,1.15574440268018,1.12692922087818,76.6441176470588,1.46734053146981,0.0191448551632732
0,1374,"2ch_IP6_004_pos009.tif",182.5,1541.83,276,977,142.45,149,166,33.5,1375.83,1,1,141.802941176471,1.21802485969028,0.00858955991733962
1,1374,"2ch_IP6_004_pos009.tif",180.88,2030.66,276,977,141.9,149,169,31.88,1861.66,0.951641791044776,1.35311775437372,141.802941176471,1.21802485969028,0.00858955991733962
2,1374,"2ch_IP6_004_pos009.tif",179.61,1385.04,277,977,143,148,137,31.61,1248.04,0.943582089552239,0.907117885203841,141.802941176471,1.21802485969028,0.00858955991733962
3,1374,"2ch_IP6_004_pos009.tif",179.16,1523.49,277,977,143,149,160,30.16,1363.49,0.900298507462686,0.991030868639294,141.802941176471,1.21802485969028,0.00858955991733962
4,1374,"2ch_IP6_004_pos009.tif",180.95,1255.25,276,976,144.1,148,164,32.95,1091.25,0.983582089552238,0.793157584876038,141.802941176471,1.21802485969028,0.00858955991733962
5,1374,"2ch_IP6_004_pos009.tif",182.8,1628.22,276,976,142.45,150,177,32.8,1451.22,0.979104477611941,1.05479601404243,141.802941176471,1.21802485969028,0.00858955991733962
6,1374,"2ch_IP6_004_pos009.tif",183.47,1341.45,276,974,143,151,146,32.47,1195.45,0.969253731343284,0.868893685993182,141.802941176471,1.21802485969028,0.00858955991733962
7,1374,"2ch_IP6_004_pos009.tif",184.96,1900.91,276,974,141.9,151,143,33.96,1757.91,1.01373134328358,1.27770872854931,141.802941176471,1.21802485969028,0.00858955991733962
8,1374,"2ch_IP6_004_pos009.tif",187.16,1751.44,276,974,141.35,152,141,35.16,1610.44,1.04955223880597,1.17052252095099,141.802941176471,1.21802485969028,0.00858955991733962
9,1374,"2ch_IP6_004_pos009.tif",189.4,3006.43,275,975,138.6,153,130,36.4,2876.43,1.0865671641791,2.09068707616493,141.802941176471,1.21802485969028,0.00858955991733962
10,1374,"2ch_IP6_004_pos009.tif",190.46,1859.59,278,975,141.35,154,130,36.46,1729.59,1.08835820895522,1.25712479012669,141.802941176471,1.21802485969028,0.00858955991733962
11,1374,"2ch_IP6_004_pos009.tif",190.83,1855.66,279,974,141.9,154,130,36.83,1725.66,1.09940298507463,1.25426833257016,141.802941176471,1.21802485969028,0.00858955991733962
12,1374,"2ch_IP6_004_pos009.tif",192.42,1887.49,278,975,141.35,155,129,37.42,1758.49,1.11701492537313,1.27813029225994,141.802941176471,1.21802485969028,0.00858955991733962
13,1374,"2ch_IP6_004_pos009.tif",193.69,2228.05,278,973,140.8,156,131,37.69,2097.05,1.12507462686567,1.52420720583212,141.802941176471,1.21802485969028,0.00858955991733962
14,1374,"2ch_IP6_004_pos009.tif",194.53,2197.23,277,974,140.8,156,130,38.53,2067.23,1.15014925373134,1.50253301643372,141.802941176471,1.21802485969028,0.00858955991733962
15,1374,"2ch_IP6_004_pos009.tif",195.03,1796.65,277,975,141.35,156,129,39.03,1667.65,1.16507462686567,1.21210469316703,141.802941176471,1.21802485969028,0.00858955991733962
16,1374,"2ch_IP6_004_pos009.tif",196.68,1747.84,278,975,141.35,156,128,40.68,1619.84,1.21432835820896,1.17735476039918,141.802941176471,1.21802485969028,0.00858955991733962
0,1376,"2ch_IP6_004_pos009.tif",205.38,2646.85,1063,865,105.05,149,166,56.38,2480.85,1,1,104.661764705882,0.424458998227707,0.00405553068420459
1,1376,"2ch_IP6_004_pos009.tif",202.5,2970.96,1063,867,105.05,149,169,53.5,2801.96,0.948918056048244,1.1294354757442,104.661764705882,0.424458998227707,0.00405553068420459
2,1376,"2ch_IP6_004_pos009.tif",200.05,3101.67,1063,866,104.5,148,137,52.05,2964.67,0.923199716211423,1.19502186750509,104.661764705882,0.424458998227707,0.00405553068420459
3,1376,"2ch_IP6_004_pos009.tif",200.16,2629.68,1062,864,105.05,149,160,51.16,2469.68,0.907413976587442,0.995497510933752,104.661764705882,0.424458998227707,0.00405553068420459
4,1376,"2ch_IP6_004_pos009.tif",201.8,2878.33,1062,864,105.05,148,164,53.8,2714.33,0.954239091876552,1.09411290485116,104.661764705882,0.424458998227707,0.00405553068420459
5,1376,"2ch_IP6_004_pos009.tif",203.46,2951.06,1061,864,105.05,150,177,53.46,2774.06,0.94820858460447,1.11818933026987,104.661764705882,0.424458998227707,0.00405553068420459
6,1376,"2ch_IP6_004_pos009.tif",205.62,3202.62,1061,864,104.5,151,146,54.62,3056.62,0.968783256473927,1.23208577705222,104.661764705882,0.424458998227707,0.00405553068420459
7,1376,"2ch_IP6_004_pos009.tif",207.1,2727.01,1061,864,105.05,151,143,56.1,2584.01,0.995033699893579,1.04158252211944,104.661764705882,0.424458998227707,0.00405553068420459
8,1376,"2ch_IP6_004_pos009.tif",208.08,3773.1,1061,864,103.95,152,141,56.08,3632.1,0.994678964171692,1.46405465868553,104.661764705882,0.424458998227707,0.00405553068420459
9,1376,"2ch_IP6_004_pos009.tif",211.18,2727.81,1062,864,105.05,153,130,58.18,2597.81,1.03192621496985,1.04714513170889,104.661764705882,0.424458998227707,0.00405553068420459
10,1376,"2ch_IP6_004_pos009.tif",212.37,3430.8,1063,864,104.5,154,130,58.37,3300.8,1.03529620432778,1.33051171977346,104.661764705882,0.424458998227707,0.00405553068420459
11,1376,"2ch_IP6_004_pos009.tif",213.78,3758.45,1062,864,103.95,154,130,59.78,3628.45,1.06030507272082,1.46258338875789,104.661764705882,0.424458998227707,0.00405553068420459
12,1376,"2ch_IP6_004_pos009.tif",215.79,3351.14,1063,864,104.5,155,129,60.79,3222.14,1.07821922667613,1.29880484511357,104.661764705882,0.424458998227707,0.00405553068420459
13,1376,"2ch_IP6_004_pos009.tif",217.12,3892.64,1062,863,103.95,156,131,61.12,3761.64,1.08407236608727,1.51627063304916,104.661764705882,0.424458998227707,0.00405553068420459
14,1376,"2ch_IP6_004_pos009.tif",219.81,2738.83,1062,864,105.05,156,130,63.81,2608.83,1.13178432068109,1.05158715762743,104.661764705882,0.424458998227707,0.00405553068420459
15,1376,"2ch_IP6_004_pos009.tif",220.27,3472.63,1063,863,104.5,156,129,64.27,3343.63,1.1399432422845,1.34777596388335,104.661764705882,0.424458998227707,0.00405553068420459
16,1376,"2ch_IP6_004_pos009.tif",222.08,3463.83,1063,863,104.5,156,128,66.08,3335.83,1.17204682511529,1.34463188020235,104.661764705882,0.424458998227707,0.00405553068420459
0,1377,"2ch_IP6_004_pos009.tif",205.48,2892.8,514,630,103.4,149,166,56.48,2726.8,1,1,101.297058823529,1.58256818457327,0.0156230418035165
1,1377,"2ch_IP6_004_pos009.tif",203.9,3110.79,513,629,103.4,149,169,54.9,2941.79,0.972025495750709,1.07884333284436,101.297058823529,1.58256818457327,0.0156230418035165
2,1377,"2ch_IP6_004_pos009.tif",201.61,3696.61,514,630,101.75,148,137,53.61,3559.61,0.949185552407932,1.30541660554496,101.297058823529,1.58256818457327,0.0156230418035165
3,1377,"2ch_IP6_004_pos009.tif",200.92,4438.89,521,629,96.25,149,160,51.92,4278.89,0.919263456090652,1.56919832771014,101.297058823529,1.58256818457327,0.0156230418035165
4,1377,"2ch_IP6_004_pos009.tif",202.95,3400.59,514,630,102.85,148,164,54.95,3236.59,0.972910764872521,1.18695540560364,101.297058823529,1.58256818457327,0.0156230418035165
5,1377,"2ch_IP6_004_pos009.tif",204.92,3066.83,514,629,102.3,150,177,54.92,2889.83,0.972379603399433,1.05978802992519,101.297058823529,1.58256818457327,0.0156230418035165
6,1377,"2ch_IP6_004_pos009.tif",206.26,3945.39,513,629,100.65,151,146,55.26,3799.39,0.978399433427762,1.39335118087135,101.297058823529,1.58256818457327,0.0156230418035165
7,1377,"2ch_IP6_004_pos009.tif",208.96,3518.41,514,629,101.2,151,143,57.96,3375.41,1.02620396600567,1.23786489658207,101.297058823529,1.58256818457327,0.0156230418035165
8,1377,"2ch_IP6_004_pos009.tif",209.62,4072.07,513,629,100.65,152,141,57.62,3931.07,1.02018413597734,1.44164221798445,101.297058823529,1.58256818457327,0.0156230418035165
9,1377,"2ch_IP6_004_pos009.tif",211.86,4072.35,514,628,100.65,153,130,58.86,3942.35,1.0421388101983,1.4457789350154,101.297058823529,1.58256818457327,0.0156230418035165
10,1377,"2ch_IP6_004_pos009.tif",214.44,3499.65,515,629,101.2,154,130,60.44,3369.65,1.07011331444759,1.23575253043861,101.297058823529,1.58256818457327,0.0156230418035165
11,1377,"2ch_IP6_004_pos009.tif",216.22,4037.54,513,629,100.65,154,130,62.22,3907.54,1.10162889518414,1.4330130555963,101.297058823529,1.58256818457327,0.0156230418035165
12,1377,"2ch_IP6_004_pos009.tif",217.19,3580.25,514,628,101.2,155,129,62.19,3451.25,1.10109773371105,1.26567771747103,101.297058823529,1.58256818457327,0.0156230418035165
13,1377,"2ch_IP6_004_pos009.tif",219.08,3622.02,515,627,101.2,156,131,63.08,3491.02,1.11685552407932,1.280262578847,101.297058823529,1.58256818457327,0.0156230418035165
14,1377,"2ch_IP6_004_pos009.tif",221.04,3667.65,515,628,101.2,156,130,65.04,3537.65,1.15155807365439,1.297363209623,101.297058823529,1.58256818457327,0.0156230418035165
15,1377,"2ch_IP6_004_pos009.tif",222.33,3655.16,515,628,101.75,156,129,66.33,3526.16,1.17439801699717,1.29314947924307,101.297058823529,1.58256818457327,0.0156230418035165
16,1377,"2ch_IP6_004_pos009.tif",223.12,3695.48,514,627,101.75,156,128,67.12,3567.48,1.18838526912181,1.30830277248056,101.297058823529,1.58256818457327,0.0156230418035165
0,1391,"2ch_IP6_004_pos010.tif",208.99,1888.5,202,410,124.85,165,219,43.99,1669.5,1,1,124.882352941176,0.531489997692394,0.00425592555853542
1,1391,"2ch_IP6_004_pos010.tif",209.07,2381.63,200,411,123.75,164,188,45.07,2193.63,1.02455103432598,1.31394429469901,124.882352941176,0.531489997692394,0.00425592555853542
2,1391,"2ch_IP6_004_pos010.tif",208.73,2342.43,199,410,123.75,163,204,45.73,2138.43,1.03955444419186,1.28088050314465,124.882352941176,0.531489997692394,0.00425592555853542
3,1391,"2ch_IP6_004_pos010.tif",208.07,1876.75,199,413,124.3,162,153,46.07,1723.75,1.04728347351671,1.03249475890985,124.882352941176,0.531489997692394,0.00425592555853542
4,1391,"2ch_IP6_004_pos010.tif",208.25,1977.14,198,412,124.85,162,144,46.25,1833.14,1.05137531257104,1.0980173704702,124.882352941176,0.531489997692394,0.00425592555853542
5,1391,"2ch_IP6_004_pos010.tif",209.73,1963.42,198,412,124.85,163,143,46.73,1820.42,1.06228688338259,1.09039832285115,124.882352941176,0.531489997692394,0.00425592555853542
6,1391,"2ch_IP6_004_pos010.tif",212.23,1977.38,198,412,124.85,163,142,49.23,1835.38,1.1191179813594,1.09935908954777,124.882352941176,0.531489997692394,0.00425592555853542
7,1391,"2ch_IP6_004_pos010.tif",212.81,2111.06,199,410,124.85,164,145,48.81,1966.06,1.1095703568993,1.17763402216232,124.882352941176,0.531489997692394,0.00425592555853542
8,1391,"2ch_IP6_004_pos010.tif",215.33,2088.52,199,411,124.85,164,149,51.33,1939.52,1.16685610365992,1.16173704702007,124.882352941176,0.531489997692394,0.00425592555853542
9,1391,"2ch_IP6_004_pos010.tif",216.53,1737.02,200,411,125.4,166,142,50.53,1595.02,1.14867015230734,0.95538784067086,124.882352941176,0.531489997692394,0.00425592555853542
10,1391,"2ch_IP6_004_pos010.tif",217.94,2290.73,200,411,124.85,166,157.7,51.94,2133.03,1.18072289156626,1.27764600179695,124.882352941176,0.531489997692394,0.00425592555853542
11,1391,"2ch_IP6_004_pos010.tif",220.7,1698.62,200,410,125.4,169,146,51.7,1552.62,1.17526710616049,0.929991015274034,124.882352941176,0.531489997692394,0.00425592555853542
12,1391,"2ch_IP6_004_pos010.tif",221.77,1745.4,200,410,125.4,168,148,53.77,1597.4,1.22232325528529,0.956813417190776,124.882352941176,0.531489997692394,0.00425592555853542
13,1391,"2ch_IP6_004_pos010.tif",225.03,1748.13,201,410,125.4,169,145,56.03,1603.13,1.27369856785633,0.960245582509733,124.882352941176,0.531489997692394,0.00425592555853542
14,1391,"2ch_IP6_004_pos010.tif",228.2,2280.39,200,409,124.85,170,143,58.2,2137.39,1.3230279609002,1.28025756214435,124.882352941176,0.531489997692394,0.00425592555853542
15,1391,"2ch_IP6_004_pos010.tif",229.98,1739.03,201,409,125.4,172,152,57.98,1587.03,1.31802682427824,0.950601976639712,124.882352941176,0.531489997692394,0.00425592555853542
16,1391,"2ch_IP6_004_pos010.tif",229.83,1812.88,201,410,125.4,174,147,55.83,1665.88,1.26915208001819,0.997831686133573,124.882352941176,0.531489997692394,0.00425592555853542
0,1393,"2ch_IP6_004_pos010.tif",213.11,3654.86,1439,441,103.95,165,219,48.11,3435.86,1,1,101.717647058824,1.00045945327487,0.00983565273286655
1,1393,"2ch_IP6_004_pos010.tif",214.2,2894.23,1428,442,99,164,188,50.2,2706.23,1.04344211182706,0.787642686256134,101.717647058824,1.00045945327487,0.00983565273286655
2,1393,"2ch_IP6_004_pos010.tif",214.8,3330.51,1438,441,102.3,163,204,51.8,3126.51,1.07669923092912,0.909964317521669,101.717647058824,1.00045945327487,0.00983565273286655
3,1393,"2ch_IP6_004_pos010.tif",213.68,3453.99,1438,440,102.85,162,153,51.68,3300.99,1.07420494699647,0.960746363355899,101.717647058824,1.00045945327487,0.00983565273286655
4,1393,"2ch_IP6_004_pos010.tif",213.31,3364.31,1438,441,102.3,162,144,51.31,3220.31,1.06651423820412,0.937264614972671,101.717647058824,1.00045945327487,0.00983565273286655
5,1393,"2ch_IP6_004_pos010.tif",215.04,3512.26,1439,439,102.3,163,143,52.04,3369.26,1.08168779879443,0.980616206713894,101.717647058824,1.00045945327487,0.00983565273286655
6,1393,"2ch_IP6_004_pos010.tif",216.78,3626.3,1439,440,101.2,163,142,53.78,3484.3,1.11785491581792,1.01409836256425,101.717647058824,1.00045945327487,0.00983565273286655
7,1393,"2ch_IP6_004_pos010.tif",217.93,3592.95,1438,440,101.2,164,145,53.93,3447.95,1.12097277073373,1.00351876968212,101.717647058824,1.00045945327487,0.00983565273286655
8,1393,"2ch_IP6_004_pos010.tif",220.59,3515.23,1438,439,101.75,164,149,56.59,3366.23,1.17626273124091,0.97973433143376,101.717647058824,1.00045945327487,0.00983565273286655
9,1393,"2ch_IP6_004_pos010.tif",221.59,3712.47,1438,440,101.2,166,142,55.59,3570.47,1.15547703180212,1.03917796417782,101.717647058824,1.00045945327487,0.00983565273286655
10,1393,"2ch_IP6_004_pos010.tif",222.7,3647.19,1438,439,101.75,166,157.7,56.7,3489.49,1.17854915817917,1.01560890141042,101.717647058824,1.00045945327487,0.00983565273286655
11,1393,"2ch_IP6_004_pos010.tif",224.78,3222.65,1439,432,101.2,169,146,55.78,3076.65,1.15942631469549,0.895452666872341,101.717647058824,1.00045945327487,0.00983565273286655
12,1393,"2ch_IP6_004_pos010.tif",227.64,3845.2,1438,439,101.2,168,148,59.64,3697.2,1.2396591145292,1.0760624705314,101.717647058824,1.00045945327487,0.00983565273286655
13,1393,"2ch_IP6_004_pos010.tif",228.76,3661.51,1440,439,101.75,169,145,59.76,3516.51,1.24215339846186,1.02347301694481,101.717647058824,1.00045945327487,0.00983565273286655
14,1393,"2ch_IP6_004_pos010.tif",231.25,3699.03,1439,440,101.75,170,143,61.25,3556.03,1.27312409062565,1.03497523181969,101.717647058824,1.00045945327487,0.00983565273286655
15,1393,"2ch_IP6_004_pos010.tif",233.1,3641.65,1438,439,101.75,172,152,61.1,3489.65,1.27000623570983,1.01565546908198,101.717647058824,1.00045945327487,0.00983565273286655
16,1393,"2ch_IP6_004_pos010.tif",234.44,3587.39,1439,442,101.75,174,147,60.44,3440.39,1.25628767408023,1.00131844720099,101.717647058824,1.00045945327487,0.00983565273286655
0,1401,"2ch_IP6_005_pos001.tif",212.15,3367.04,304,631,121.55,159,157,53.15,3210.04,1,1,121.614705882353,1.44056897460283,0.0118453517948429
1,1401,"2ch_IP6_005_pos001.tif",212.72,2268.26,302,630,122.1,158,157,54.72,2111.26,1.02953904045155,0.657705199935203,121.614705882353,1.44056897460283,0.0118453517948429
2,1401,"2ch_IP6_005_pos001.tif",213.5,3552.35,301,631,119.35,159,162,54.5,3390.35,1.02539981185325,1.0561706396182,121.614705882353,1.44056897460283,0.0118453517948429
3,1401,"2ch_IP6_005_pos001.tif",209.98,1829.23,306,631,122.1,158,159,51.98,1670.23,0.977986829727187,0.52031438860575,121.614705882353,1.44056897460283,0.0118453517948429
4,1401,"2ch_IP6_005_pos001.tif",206.86,2120.29,303,632,122.1,163,140,43.86,1980.29,0.825211665098777,0.616905085294887,121.614705882353,1.44056897460283,0.0118453517948429
5,1401,"2ch_IP6_005_pos001.tif",215.16,2364.39,303,641,121.55,164,156,51.16,2208.39,0.962558795860771,0.687963389864301,121.614705882353,1.44056897460283,0.0118453517948429
6,1401,"2ch_IP6_005_pos001.tif",222.37,3779.54,304,633,119.9,167,152,55.37,3627.54,1.041768579492,1.13006068460206,121.614705882353,1.44056897460283,0.0118453517948429
7,1401,"2ch_IP6_005_pos001.tif",227.72,2252.98,303,631,122.1,170,163,57.72,2089.98,1.0859830667921,0.651075999052971,121.614705882353,1.44056897460283,0.0118453517948429
8,1401,"2ch_IP6_005_pos001.tif",231.01,2280.87,305,632,122.1,172,143,59.01,2137.87,1.11025399811853,0.665994816263972,121.614705882353,1.44056897460283,0.0118453517948429
9,1401,"2ch_IP6_005_pos001.tif",233.25,2414.55,303,633,122.65,174,139,59.25,2275.55,1.11476952022578,0.708885247535856,121.614705882353,1.44056897460283,0.0118453517948429
10,1401,"2ch_IP6_005_pos001.tif",238.95,3065.87,304,632,121,178,133,60.95,2932.87,1.14675446848542,0.913655281554124,121.614705882353,1.44056897460283,0.0118453517948429
11,1401,"2ch_IP6_005_pos001.tif",242.05,3205.8,303,632,121.55,179,133,63.05,3072.8,1.1862652869238,0.957246638671169,121.614705882353,1.44056897460283,0.0118453517948429
12,1401,"2ch_IP6_005_pos001.tif",244.48,2744.7,304,633,122.65,181,132,63.48,2612.7,1.19435559736595,0.81391509140073,121.614705882353,1.44056897460283,0.0118453517948429
13,1401,"2ch_IP6_005_pos001.tif",247.24,2019.21,304,634,123.2,181,133,66.24,1886.21,1.24628410159925,0.58759703928923,121.614705882353,1.44056897460283,0.0118453517948429
14,1401,"2ch_IP6_005_pos001.tif",251.59,2770.24,304,632,122.65,184,132,67.59,2638.24,1.27168391345249,0.8218713785498,121.614705882353,1.44056897460283,0.0118453517948429
15,1401,"2ch_IP6_005_pos001.tif",254.67,4538.24,310,632,117.7,186,135,68.67,4403.24,1.29200376293509,1.37170876375372,121.614705882353,1.44056897460283,0.0118453517948429
16,1401,"2ch_IP6_005_pos001.tif",259.84,2634.97,306,631,123.2,187,136,72.84,2498.97,1.37046095954845,0.778485626347335,121.614705882353,1.44056897460283,0.0118453517948429
0,1402,"2ch_IP6_005_pos001.tif",215.22,2749.58,1275,702,121.55,159,157,56.22,2592.58,1,1,123.814705882353,0.844978680552495,0.00682454216186066
1,1402,"2ch_IP6_005_pos001.tif",215.32,2592.32,1275,704,122.1,158,157,57.32,2435.32,1.01956599075062,0.939342276805345,123.814705882353,0.844978680552495,0.00682454216186066
2,1402,"2ch_IP6_005_pos001.tif",214.96,2213.63,1274,705,123.2,159,162,55.96,2051.63,0.995375311277126,0.791346843684669,123.814705882353,0.844978680552495,0.00682454216186066
3,1402,"2ch_IP6_005_pos001.tif",216.55,2363.52,1273,705,123.75,158,159,58.55,2204.52,1.04144432586268,0.850318987263652,123.814705882353,0.844978680552495,0.00682454216186066
4,1402,"2ch_IP6_005_pos001.tif",219.67,1926.63,1274,706,124.3,163,140,56.67,1786.63,1.00800426894344,0.689132061498585,123.814705882353,0.844978680552495,0.00682454216186066
5,1402,"2ch_IP6_005_pos001.tif",222.11,2088.47,1276,705,124.3,164,156,58.11,1932.47,1.03361792956243,0.745384906155258,123.814705882353,0.844978680552495,0.00682454216186066
6,1402,"2ch_IP6_005_pos001.tif",226.63,2211.95,1276,704,124.3,167,152,59.63,2059.95,1.06065457132693,0.794556002129153,123.814705882353,0.844978680552495,0.00682454216186066
7,1402,"2ch_IP6_005_pos001.tif",231.26,2363,1275,703,124.85,170,163,61.26,2200,1.08964781216649,0.848575550224101,123.814705882353,0.844978680552495,0.00682454216186066
8,1402,"2ch_IP6_005_pos001.tif",234.7,2478.16,1274,705,123.75,172,143,62.7,2335.16,1.11526147278549,0.900708946300596,123.814705882353,0.844978680552495,0.00682454216186066
9,1402,"2ch_IP6_005_pos001.tif",238.46,2570.7,1276,705,123.75,174,139,64.46,2431.7,1.14656705798648,0.937945984309067,123.814705882353,0.844978680552495,0.00682454216186066
10,1402,"2ch_IP6_005_pos001.tif",241.99,2106.89,1276,704,124.3,178,133,63.99,1973.89,1.13820704375667,0.761361269469023,123.814705882353,0.844978680552495,0.00682454216186066
11,1402,"2ch_IP6_005_pos001.tif",245.8,2196.81,1276,705,124.3,179,133,66.8,2063.81,1.18818925649235,0.796044866503637,123.814705882353,0.844978680552495,0.00682454216186066
12,1402,"2ch_IP6_005_pos001.tif",249.41,2222.03,1276,704,124.3,181,132,68.41,2090.03,1.21682675204554,0.806158344197672,123.814705882353,0.844978680552495,0.00682454216186066
13,1402,"2ch_IP6_005_pos001.tif",252.79,2298.53,1276,704,124.3,181,133,71.79,2165.53,1.2769477054429,0.835279914216726,123.814705882353,0.844978680552495,0.00682454216186066
14,1402,"2ch_IP6_005_pos001.tif",257.02,2352.34,1276,705,124.3,184,132,73.02,2220.34,1.29882604055496,0.856421016902082,123.814705882353,0.844978680552495,0.00682454216186066
15,1402,"2ch_IP6_005_pos001.tif",261.24,2511.09,1276,704,123.75,186,135,75.24,2376.09,1.33831376734258,0.916496308696357,123.814705882353,0.844978680552495,0.00682454216186066
16,1402,"2ch_IP6_005_pos001.tif",264.69,2613.17,1275,705,123.75,187,136,77.69,2477.17,1.38189256492351,0.955484498067562,123.814705882353,0.844978680552495,0.00682454216186066
0,1411,"2ch_IP6_005_pos002.tif",222.79,3806.47,1176,599,148.5,158,151,64.79,3655.47,1,1,148.920588235294,0.76629360062116,0.00514565252327917
1,1411,"2ch_IP6_005_pos002.tif",220.7,3464.43,1175,599,149.6,159,153,61.7,3311.43,0.952307454854144,0.905883511559389,148.920588235294,0.76629360062116,0.00514565252327917
2,1411,"2ch_IP6_005_pos002.tif",222.04,3211.84,1177,602,150.15,160,153,62.04,3058.84,0.957555178268251,0.836784325955349,148.920588235294,0.76629360062116,0.00514565252327917
3,1411,"2ch_IP6_005_pos002.tif",225.22,3918.41,1176,599,149.6,161,142,64.22,3776.41,0.991202346041056,1.03308466489945,148.920588235294,0.76629360062116,0.00514565252327917
4,1411,"2ch_IP6_005_pos002.tif",226.44,3534.06,1175,601,150.7,163,141,63.44,3393.06,0.979163451149869,0.928214429334668,148.920588235294,0.76629360062116,0.00514565252327917
5,1411,"2ch_IP6_005_pos002.tif",231.1,3544.85,1175,600,149.6,164,137,67.1,3407.85,1.03565365025467,0.932260420684618,148.920588235294,0.76629360062116,0.00514565252327917
6,1411,"2ch_IP6_005_pos002.tif",231.85,3407.39,1175,600,149.05,166.7,140,65.1499999999999,3267.39,1.0055564130267,0.893835813178606,148.920588235294,0.76629360062116,0.00514565252327917
7,1411,"2ch_IP6_005_pos002.tif",232.63,3627.09,1174,605,149.05,168,132,64.63,3495.09,0.997530483099244,0.956126024834016,148.920588235294,0.76629360062116,0.00514565252327917
8,1411,"2ch_IP6_005_pos002.tif",235.91,4280.01,1174,601,147.95,171,135,64.91,4145.01,1.00185213767557,1.13391985161963,148.920588235294,0.76629360062116,0.00514565252327917
9,1411,"2ch_IP6_005_pos002.tif",243.35,4626.33,1174,603,147.95,172.7,133,70.6499999999999,4493.33,1.0904460564902,1.22920718813176,148.920588235294,0.76629360062116,0.00514565252327917
10,1411,"2ch_IP6_005_pos002.tif",248.94,3913.49,1174,603,148.5,176,132,72.94,3781.49,1.12579101713227,1.0344743630778,148.920588235294,0.76629360062116,0.00514565252327917
11,1411,"2ch_IP6_005_pos002.tif",252.03,3923.01,1173,603,148.5,178,137,74.03,3786.01,1.14261460101868,1.03571086618137,148.920588235294,0.76629360062116,0.00514565252327917
12,1411,"2ch_IP6_005_pos002.tif",256.3,3984.62,1174,603,148.5,180,135,76.3,3849.62,1.17765087204816,1.05311218530039,148.920588235294,0.76629360062116,0.00514565252327917
13,1411,"2ch_IP6_005_pos002.tif",258.55,3964.12,1173,601,148.5,182,136,76.55,3828.12,1.18150949220559,1.04723058867943,148.920588235294,0.76629360062116,0.00514565252327917
14,1411,"2ch_IP6_005_pos002.tif",263.44,4010.57,1175,602,148.5,182,153,81.44,3857.57,1.25698410248495,1.05528700823697,148.920588235294,0.76629360062116,0.00514565252327917
15,1411,"2ch_IP6_005_pos002.tif",266.62,3984.18,1173,601,148.5,184,148,82.62,3836.18,1.27519678962803,1.04943550350571,148.920588235294,0.76629360062116,0.00514565252327917
16,1411,"2ch_IP6_005_pos002.tif",269.46,4055.64,1176,600,148.5,187,150,82.46,3905.64,1.27272727272727,1.06843716403089,148.920588235294,0.76629360062116,0.00514565252327917
0,1417,"2ch_IP6_005_pos003.tif",186.98,1307.22,262,75,97.9,151,136,35.98,1171.22,1,1,97.7705882352941,1.14264753198567,0.0116870272810038
1,1417,"2ch_IP6_005_pos003.tif",188.34,1277.93,261,76,97.9,152,135,36.34,1142.93,1.01000555864369,0.975845699356227,97.7705882352941,1.14264753198567,0.0116870272810038
2,1417,"2ch_IP6_005_pos003.tif",190.32,1281.93,259,77,98.45,155,142,35.32,1139.93,0.9816564758199,0.973284267686686,97.7705882352941,1.14264753198567,0.0116870272810038
3,1417,"2ch_IP6_005_pos003.tif",190.98,1145.73,254,76,99,156,139,34.98,1006.73,0.972206781545303,0.859556701559058,97.7705882352941,1.14264753198567,0.0116870272810038
4,1417,"2ch_IP6_005_pos003.tif",194.01,1162.25,254,76,99,158,139,36.01,1023.25,1.00083379655364,0.873661651952665,97.7705882352941,1.14264753198567,0.0116870272810038
5,1417,"2ch_IP6_005_pos003.tif",196.56,1186.24,254,77,99.55,161,152,35.56,1034.24,0.988326848249028,0.883045029968751,97.7705882352941,1.14264753198567,0.0116870272810038
6,1417,"2ch_IP6_005_pos003.tif",198.78,1364.58,255,76,97.9,163,163.7,35.78,1200.88,0.994441356309061,1.0253240211062,97.7705882352941,1.14264753198567,0.0116870272810038
7,1417,"2ch_IP6_005_pos003.tif",200.95,1221.82,255,76,99,164,172,36.95,1049.82,1.02695942190106,0.896347398439234,97.7705882352941,1.14264753198567,0.0116870272810038
8,1417,"2ch_IP6_005_pos003.tif",203.28,1572.23,256,76,96.25,167,162,36.28,1410.23,1.00833796553641,1.20406926111234,97.7705882352941,1.14264753198567,0.0116870272810038
9,1417,"2ch_IP6_005_pos003.tif",205.26,1241.7,254,76,98.45,169,150,36.26,1091.7,1.00778210116732,0.932104984546029,97.7705882352941,1.14264753198567,0.0116870272810038
10,1417,"2ch_IP6_005_pos003.tif",208.97,1212.07,254,76,99,170,139,38.97,1073.07,1.08310172317954,0.916198493878178,97.7705882352941,1.14264753198567,0.0116870272810038
11,1417,"2ch_IP6_005_pos003.tif",210.12,1487.63,254,75,96.8,173,144,37.12,1343.63,1.03168426903835,1.14720547804853,97.7705882352941,1.14264753198567,0.0116870272810038
12,1417,"2ch_IP6_005_pos003.tif",213.25,1461.23,254,75,96.8,175,143,38.25,1318.23,1.06309060589216,1.12551868991308,97.7705882352941,1.14264753198567,0.0116870272810038
13,1417,"2ch_IP6_005_pos003.tif",216.92,1455.47,254,75,96.8,176,162,40.92,1293.47,1.1372984991662,1.1043783405338,97.7705882352941,1.14264753198567,0.0116870272810038
14,1417,"2ch_IP6_005_pos003.tif",217.78,1451.98,254,75,96.25,177,178,40.78,1273.98,1.13340744858255,1.08773757278735,97.7705882352941,1.14264753198567,0.0116870272810038
15,1417,"2ch_IP6_005_pos003.tif",220.57,1454.03,254,76,96.8,179,169,41.57,1285.03,1.15536409116176,1.09717217943683,97.7705882352941,1.14264753198567,0.0116870272810038
16,1417,"2ch_IP6_005_pos003.tif",221.78,1396.76,255,75,96.25,181,174,40.78,1222.76,1.13340744858255,1.04400539608272,97.7705882352941,1.14264753198567,0.0116870272810038
0,1419,"2ch_IP6_005_pos003.tif",200.17,3903.19,670,179,78.1,151,136,49.17,3767.19,1,1,76.9352941176471,1.42738448590008,0.0185530516555557
1,1419,"2ch_IP6_005_pos003.tif",200.75,3846.86,673,179,79.2,152,135,48.75,3711.86,0.991458206223307,0.985312660099438,76.9352941176471,1.42738448590008,0.0185530516555557
2,1419,"2ch_IP6_005_pos003.tif",204.42,3982,674,181,79.75,155,142,49.42,3840,1.00508440105756,1.01932740318381,76.9352941176471,1.42738448590008,0.0185530516555557
3,1419,"2ch_IP6_005_pos003.tif",205.01,4169.9,668,180,76.45,156,139,49.01,4030.9,0.996745983323165,1.07000177851396,76.9352941176471,1.42738448590008,0.0185530516555557
4,1419,"2ch_IP6_005_pos003.tif",210.68,4448.73,678,186,76.45,158,139,52.68,4309.73,1.07138499084808,1.14401715867795,76.9352941176471,1.42738448590008,0.0185530516555557
5,1419,"2ch_IP6_005_pos003.tif",212.76,3858.99,683,182,77,161,152,51.76,3706.99,1.05267439495627,0.984019919356337,76.9352941176471,1.42738448590008,0.0185530516555557
6,1419,"2ch_IP6_005_pos003.tif",217.49,4603.04,681,184,76.45,163,163.7,54.49,4439.34,1.10819605450478,1.17842211303385,76.9352941176471,1.42738448590008,0.0185530516555557
7,1419,"2ch_IP6_005_pos003.tif",217.96,4722.22,684,184,75.35,164,172,53.96,4550.22,1.09741712426276,1.20785519180079,76.9352941176471,1.42738448590008,0.0185530516555557
8,1419,"2ch_IP6_005_pos003.tif",220.37,4581.5,682,182,73.15,167,162,53.37,4419.5,1.08541793776693,1.1731555881174,76.9352941176471,1.42738448590008,0.0185530516555557
9,1419,"2ch_IP6_005_pos003.tif",226.08,4510.99,683,184,77,169,150,57.08,4360.99,1.16087044946105,1.15762411771108,76.9352941176471,1.42738448590008,0.0185530516555557
10,1419,"2ch_IP6_005_pos003.tif",228.13,4170.47,682,184,77,170,139,58.13,4031.47,1.18222493390279,1.07015308492537,76.9352941176471,1.42738448590008,0.0185530516555557
11,1419,"2ch_IP6_005_pos003.tif",230.97,4178.08,684,183,77,173,144,57.97,4034.08,1.17897091722595,1.07084590901972,76.9352941176471,1.42738448590008,0.0185530516555557
12,1419,"2ch_IP6_005_pos003.tif",232.7,4205.79,679,186,77,175,143,57.7,4062.79,1.17347976408379,1.07846697405759,76.9352941176471,1.42738448590008,0.0185530516555557
13,1419,"2ch_IP6_005_pos003.tif",239.35,4193.97,678,186,77.55,176,162,63.35,4031.97,1.28838722798454,1.07028580984766,76.9352941176471,1.42738448590008,0.0185530516555557
14,1419,"2ch_IP6_005_pos003.tif",241.17,4238.83,680,179,77,177,178,64.17,4060.83,1.30506406345333,1.07794669236221,76.9352941176471,1.42738448590008,0.0185530516555557
15,1419,"2ch_IP6_005_pos003.tif",241.9,4347.07,681,183,76.45,179,169,62.9,4178.07,1.27923530608094,1.10906803214067,76.9352941176471,1.42738448590008,0.0185530516555557
16,1419,"2ch_IP6_005_pos003.tif",246.1,4562.51,684,183,77,181,174,65.1,4388.51,1.32397803538743,1.1649292974339,76.9352941176471,1.42738448590008,0.0185530516555557
0,1429,"2ch_IP6_005_pos004.tif",215.91,3181.18,452,555,149.6,158,142,57.91,3039.18,1,1,149.988235294118,0.81959010558722,0.00546436261470811
1,1429,"2ch_IP6_005_pos004.tif",215.3,3065.28,449,556,150.15,159,150,56.3,2915.28,0.972198238646175,0.959232424535566,149.988235294118,0.81959010558722,0.00546436261470811
2,1429,"2ch_IP6_005_pos004.tif",215.63,2802.74,448,554,151.25,161,154,54.63,2648.74,0.943360386807114,0.871531136688186,149.988235294118,0.81959010558722,0.00546436261470811
3,1429,"2ch_IP6_005_pos004.tif",218.07,2852.53,451,553,151.8,162,147,56.07,2705.53,0.968226558452772,0.890217098033022,149.988235294118,0.81959010558722,0.00546436261470811
4,1429,"2ch_IP6_005_pos004.tif",220.5,3065.58,449,555,151.25,164,149,56.5,2916.58,0.975651873596961,0.959660171493627,149.988235294118,0.81959010558722,0.00546436261470811
5,1429,"2ch_IP6_005_pos004.tif",223.14,2922.17,449,554,150.7,165,148,58.14,2774.17,1.0039716801934,0.912802137418646,149.988235294118,0.81959010558722,0.00546436261470811
6,1429,"2ch_IP6_005_pos004.tif",223.05,2874.11,447,554,150.15,165,149,58.05,2725.11,1.00241754446555,0.896659625293665,149.988235294118,0.81959010558722,0.00546436261470811
7,1429,"2ch_IP6_005_pos004.tif",225.38,3141.84,451,558,150.15,168,152,57.38,2989.84,0.990847867380418,0.983765357760975,149.988235294118,0.81959010558722,0.00546436261470811
8,1429,"2ch_IP6_005_pos004.tif",230.09,3124.62,450,556,149.6,171,141,59.09,2983.62,1.02037644620964,0.981718753084714,149.988235294118,0.81959010558722,0.00546436261470811
9,1429,"2ch_IP6_005_pos004.tif",239.03,3306.95,449,555,149.05,175,142,64.03,3164.95,1.10568122949404,1.0413828730118,149.988235294118,0.81959010558722,0.00546436261470811
10,1429,"2ch_IP6_005_pos004.tif",242.53,3345.98,448,555,149.05,178,142,64.53,3203.98,1.11431531687101,1.05422515283728,149.988235294118,0.81959010558722,0.00546436261470811
11,1429,"2ch_IP6_005_pos004.tif",245.25,3449.4,447,557,149.05,178,143,67.25,3306.4,1.16128475220169,1.08792503241006,149.988235294118,0.81959010558722,0.00546436261470811
12,1429,"2ch_IP6_005_pos004.tif",248.82,3405.07,448,555,149.6,180,146,68.82,3259.07,1.18839578656536,1.07235175277542,149.988235294118,0.81959010558722,0.00546436261470811
13,1429,"2ch_IP6_005_pos004.tif",252.44,3460.75,447,556,149.6,182,156,70.44,3304.75,1.21637022966672,1.08738212280944,149.988235294118,0.81959010558722,0.00546436261470811
14,1429,"2ch_IP6_005_pos004.tif",257.04,3413.95,449,553,149.6,184,164,73.04,3249.95,1.26126748402694,1.06935094334656,149.988235294118,0.81959010558722,0.00546436261470811
15,1429,"2ch_IP6_005_pos004.tif",259.39,3463.77,450,556,149.6,186,162,73.39,3301.77,1.26731134519081,1.08640159516712,149.988235294118,0.81959010558722,0.00546436261470811
16,1429,"2ch_IP6_005_pos004.tif",263.64,3502.95,449,555,149.6,188,160,75.64,3342.95,1.30616473838715,1.09995130265401,149.988235294118,0.81959010558722,0.00546436261470811
0,1431,"2ch_IP6_005_pos004.tif",219.62,5026.44,1116,940,104.5,158,142,61.62,4884.44,1,1,105.923529411765,0.616724626317035,0.00582235722074171
1,1431,"2ch_IP6_005_pos004.tif",218.64,3963.16,1120,938,105.6,159,150,59.64,3813.16,0.967867575462512,0.780674959667843,105.923529411765,0.616724626317035,0.00582235722074171
2,1431,"2ch_IP6_005_pos004.tif",219.85,4546.32,1122,935,105.6,161,154,58.85,4392.32,0.955047062641999,0.899247406048595,105.923529411765,0.616724626317035,0.00582235722074171
3,1431,"2ch_IP6_005_pos004.tif",219.91,3975.82,1120,938,105.6,162,147,57.91,3828.82,0.939792275235313,0.783881059036451,105.923529411765,0.616724626317035,0.00582235722074171
4,1431,"2ch_IP6_005_pos004.tif",222.95,4342.34,1123,938,105.05,164,149,58.95,4193.34,0.956669912366115,0.858509880354759,105.923529411765,0.616724626317035,0.00582235722074171
5,1431,"2ch_IP6_005_pos004.tif",225.48,4109.4,1123,936,105.6,165,148,60.48,3961.4,0.981499513145083,0.811024395836575,105.923529411765,0.616724626317035,0.00582235722074171
6,1431,"2ch_IP6_005_pos004.tif",229.01,3417.51,1123,936,106.15,165,149,64.01,3268.51,1.03878610840636,0.669167806340133,105.923529411765,0.616724626317035,0.00582235722074171
7,1431,"2ch_IP6_005_pos004.tif",232.71,4142.59,1121,940,105.6,168,152,64.71,3990.59,1.05014605647517,0.817000515924036,105.923529411765,0.616724626317035,0.00582235722074171
8,1431,"2ch_IP6_005_pos004.tif",235.55,3863.98,1122,939,106.15,171,141,64.55,3722.98,1.04754949691659,0.762212249510691,105.923529411765,0.616724626317035,0.00582235722074171
9,1431,"2ch_IP6_005_pos004.tif",239.99,3778.15,1122,938,106.15,175,142,64.99,3636.15,1.05469003570269,0.744435390751038,105.923529411765,0.616724626317035,0.00582235722074171
10,1431,"2ch_IP6_005_pos004.tif",242.34,4045.71,1124,939,106.15,178,142,64.34,3903.71,1.04414151249594,0.799213420576361,105.923529411765,0.616724626317035,0.00582235722074171
11,1431,"2ch_IP6_005_pos004.tif",246.07,4083.53,1122,939,106.7,178,143,68.07,3940.53,1.10467380720545,0.806751643996036,105.923529411765,0.616724626317035,0.00582235722074171
12,1431,"2ch_IP6_005_pos004.tif",249.34,4106.87,1123,940,106.7,180,146,69.34,3960.87,1.12528399870172,0.810915888003538,105.923529411765,0.616724626317035,0.00582235722074171
13,1431,"2ch_IP6_005_pos004.tif",254.46,4115.34,1123,939,106.7,182,156,72.46,3959.34,1.17591691009413,0.810602648410053,105.923529411765,0.616724626317035,0.00582235722074171
14,1431,"2ch_IP6_005_pos004.tif",256.88,4687.61,1122,939,105.6,184,164,72.88,4523.61,1.18273287893541,0.926126638877742,105.923529411765,0.616724626317035,0.00582235722074171
15,1431,"2ch_IP6_005_pos004.tif",261.17,4618.99,1122,939,106.7,186,162,75.17,4456.99,1.21989613761766,0.912487408996733,105.923529411765,0.616724626317035,0.00582235722074171
16,1431,"2ch_IP6_005_pos004.tif",263.36,4449.81,1122,939,106.15,188,160,75.36,4289.81,1.22297955209348,0.878260353285126,105.923529411765,0.616724626317035,0.00582235722074171
0,1441,"2ch_IP6_005_pos005.tif",192.15,2234.08,863,849,154,146,151,46.15,2083.08,1,1,150.441176470588,2.96896632338795,0.0197350645151887
1,1441,"2ch_IP6_005_pos005.tif",194.51,3365.57,879,872,151.25,148,148,46.51,3217.57,1.00780065005417,1.5446214259654,150.441176470588,2.96896632338795,0.0197350645151887
2,1441,"2ch_IP6_005_pos005.tif",197.47,2976,877,875,152.35,151,154,46.47,2822,1.00693391115926,1.35472473452772,150.441176470588,2.96896632338795,0.0197350645151887
3,1441,"2ch_IP6_005_pos005.tif",200.86,2577.83,879,873,152.35,152,145,48.86,2432.83,1.05872156013001,1.16790041669067,150.441176470588,2.96896632338795,0.0197350645151887
4,1441,"2ch_IP6_005_pos005.tif",204.34,4531.08,876,872,147.4,155,138,49.34,4393.08,1.06912242686891,2.10893484647733,150.441176470588,2.96896632338795,0.0197350645151887
5,1441,"2ch_IP6_005_pos005.tif",208.51,4062.88,868,879,144.1,157,135,51.51,3927.88,1.11614301191766,1.88561169038155,150.441176470588,2.96896632338795,0.0197350645151887
6,1441,"2ch_IP6_005_pos005.tif",211.72,4993.05,866,882,144.1,160,137,51.72,4856.05,1.12069339111593,2.33118747239664,150.441176470588,2.96896632338795,0.0197350645151887
7,1441,"2ch_IP6_005_pos005.tif",216.78,2557.08,876,878,151.25,163,142,53.78,2415.08,1.16533044420368,1.15937938053267,150.441176470588,2.96896632338795,0.0197350645151887
8,1441,"2ch_IP6_005_pos005.tif",222.59,2675.13,876,876,151.25,165,140,57.59,2535.13,1.24788732394366,1.21701038846324,150.441176470588,2.96896632338795,0.0197350645151887
9,1441,"2ch_IP6_005_pos005.tif",225.89,3137.41,872,881,150.7,168,137,57.89,3000.41,1.25438786565547,1.44037194922903,150.441176470588,2.96896632338795,0.0197350645151887
10,1441,"2ch_IP6_005_pos005.tif",230.4,2647.58,867,877,151.8,170,137,60.4,2510.58,1.30877573131094,1.20522495535457,150.441176470588,2.96896632338795,0.0197350645151887
11,1441,"2ch_IP6_005_pos005.tif",234.3,2792.08,873,879,151.8,172,139,62.3,2653.08,1.34994582881907,1.27363327380609,150.441176470588,2.96896632338795,0.0197350645151887
12,1441,"2ch_IP6_005_pos005.tif",238.91,4446.13,870,880,147.4,176,140,62.91,4306.13,1.36316359696641,2.06719377076252,150.441176470588,2.96896632338795,0.0197350645151887
13,1441,"2ch_IP6_005_pos005.tif",243.13,3765.09,870,880,149.6,177,137,66.13,3628.09,1.4329360780065,1.7416949901108,150.441176470588,2.96896632338795,0.0197350645151887
14,1441,"2ch_IP6_005_pos005.tif",249.17,2402.76,874,877,152.9,179,133,70.17,2269.76,1.5204767063922,1.08961729746337,150.441176470588,2.96896632338795,0.0197350645151887
15,1441,"2ch_IP6_005_pos005.tif",253.34,2431.28,878,881,152.9,181,139,72.34,2292.28,1.56749729144095,1.10042821207059,150.441176470588,2.96896632338795,0.0197350645151887
16,1441,"2ch_IP6_005_pos005.tif",258.18,2550.28,881,882,152.35,184,139,74.18,2411.28,1.60736728060672,1.1575551587073,150.441176470588,2.96896632338795,0.0197350645151887
0,1442,"2ch_IP6_005_pos005.tif",191.15,1848.18,580,307,148.5,146,151,45.15,1697.18,1,1,146.979411764706,1.02027245496139,0.00694160115836298
1,1442,"2ch_IP6_005_pos005.tif",193.96,2073.96,581,310,146.85,148,148,45.96,1925.96,1.01794019933555,1.13480008013293,146.979411764706,1.02027245496139,0.00694160115836298
2,1442,"2ch_IP6_005_pos005.tif",196.97,2030.3,580,311,146.85,151,154,45.97,1876.3,1.01816168327796,1.10553977774897,146.979411764706,1.02027245496139,0.00694160115836298
3,1442,"2ch_IP6_005_pos005.tif",199.99,1780.19,581,310,147.4,152,145,47.99,1635.19,1.06290143964563,0.963474705099047,146.979411764706,1.02027245496139,0.00694160115836298
4,1442,"2ch_IP6_005_pos005.tif",205.28,1937.44,581,304,147.95,155,138,50.28,1799.44,1.11362126245847,1.06025289008826,146.979411764706,1.02027245496139,0.00694160115836298
5,1442,"2ch_IP6_005_pos005.tif",207.84,2188.11,580,298,147.4,157,135,50.84,2053.11,1.12602436323367,1.20971847417481,146.979411764706,1.02027245496139,0.00694160115836298
6,1442,"2ch_IP6_005_pos005.tif",213.56,2274.29,580,300,146.85,160,137,53.56,2137.29,1.18626799557032,1.25931839875558,146.979411764706,1.02027245496139,0.00694160115836298
7,1442,"2ch_IP6_005_pos005.tif",215.69,2176.57,580,302,146.85,163,142,52.69,2034.57,1.16699889258029,1.19879447082808,146.979411764706,1.02027245496139,0.00694160115836298
8,1442,"2ch_IP6_005_pos005.tif",220.73,2395.29,580,301,146.85,165,140,55.73,2255.29,1.2343300110742,1.32884549664738,146.979411764706,1.02027245496139,0.00694160115836298
9,1442,"2ch_IP6_005_pos005.tif",224.31,3218.86,577,297,144.1,168,137,56.31,3081.86,1.24717607973422,1.81587103312554,146.979411764706,1.02027245496139,0.00694160115836298
10,1442,"2ch_IP6_005_pos005.tif",229.49,2732.23,580,304,145.2,170,137,59.49,2595.23,1.31760797342193,1.52914245984515,146.979411764706,1.02027245496139,0.00694160115836298
11,1442,"2ch_IP6_005_pos005.tif",233.18,2235.65,581,302,146.85,172,139,61.18,2096.65,1.35503875968992,1.23537279487149,146.979411764706,1.02027245496139,0.00694160115836298
12,1442,"2ch_IP6_005_pos005.tif",237.11,1858.1,579,302,147.95,176,140,61.11,1718.1,1.35348837209302,1.01232632955844,146.979411764706,1.02027245496139,0.00694160115836298
13,1442,"2ch_IP6_005_pos005.tif",242.44,2261.91,580,302,146.85,177,137,65.44,2124.91,1.44939091915836,1.25202394560388,146.979411764706,1.02027245496139,0.00694160115836298
14,1442,"2ch_IP6_005_pos005.tif",246.67,1810.48,581,301,147.4,179,133,67.67,1677.48,1.49878183831672,0.988392509928234,146.979411764706,1.02027245496139,0.00694160115836298
15,1442,"2ch_IP6_005_pos005.tif",250.15,1766.29,581,301,147.4,181,139,69.15,1627.29,1.53156146179402,0.95881992481646,146.979411764706,1.02027245496139,0.00694160115836298
16,1442,"2ch_IP6_005_pos005.tif",255.12,1600.36,583,302,147.4,184,139,71.12,1461.36,1.57519379844961,0.861051862501326,146.979411764706,1.02027245496139,0.00694160115836298
0,1447,"2ch_IP6_005_pos006.tif",192.57,1970.14,986,947,135.3,150,150,42.57,1820.14,1,1,133.164705882353,1.59027952592877,0.0119421998148198
1,1447,"2ch_IP6_005_pos006.tif",194.93,2518.61,985,945,134.75,150,143.7,44.93,2374.91,1.05543810194973,1.30479523553133,133.164705882353,1.59027952592877,0.0119421998148198
2,1447,"2ch_IP6_005_pos006.tif",196.74,3137.54,983,957,133.1,153,147,43.74,2990.54,1.02748414376321,1.6430274594262,133.164705882353,1.59027952592877,0.0119421998148198
3,1447,"2ch_IP6_005_pos006.tif",200.8,2654.31,986,953,134.2,155,153,45.8,2501.31,1.0758750293634,1.37424044304284,133.164705882353,1.59027952592877,0.0119421998148198
4,1447,"2ch_IP6_005_pos006.tif",203.28,2857.48,985,958,134.2,157,152,46.28,2705.48,1.08715057552267,1.4864131330557,133.164705882353,1.59027952592877,0.0119421998148198
5,1447,"2ch_IP6_005_pos006.tif",208.62,3144.54,984,955,133.1,160,144,48.62,3000.54,1.1421188630491,1.64852154229894,133.164705882353,1.59027952592877,0.0119421998148198
6,1447,"2ch_IP6_005_pos006.tif",212.09,4337.27,988,956,130.9,163,134,49.09,4203.27,1.15315950199671,2.30931137165273,133.164705882353,1.59027952592877,0.0119421998148198
7,1447,"2ch_IP6_005_pos006.tif",217.62,3146.34,986,956,134.2,167.7,137,49.92,3009.34,1.17265680056378,1.65335633522696,133.164705882353,1.59027952592877,0.0119421998148198
8,1447,"2ch_IP6_005_pos006.tif",221.93,4362.69,988,955,130.35,168,137,53.93,4225.69,1.26685459243599,2.32162910545343,133.164705882353,1.59027952592877,0.0119421998148198
9,1447,"2ch_IP6_005_pos006.tif",225.39,3833.44,987,958,132.55,171,136,54.39,3697.44,1.27766032417195,2.03140417770062,133.164705882353,1.59027952592877,0.0119421998148198
10,1447,"2ch_IP6_005_pos006.tif",230.86,2868.45,983,956,134.2,174,136,56.86,2732.45,1.33568240544985,1.50123067456349,133.164705882353,1.59027952592877,0.0119421998148198
11,1447,"2ch_IP6_005_pos006.tif",235.74,3760.8,985,956,132.55,177,135,58.74,3625.8,1.37984496124031,1.99204456800026,133.164705882353,1.59027952592877,0.0119421998148198
12,1447,"2ch_IP6_005_pos006.tif",238.89,4121.79,981,954,131.45,179,138,59.89,3983.79,1.40685929058022,2.1887272407617,133.164705882353,1.59027952592877,0.0119421998148198
13,1447,"2ch_IP6_005_pos006.tif",243.41,3481.91,986,957,133.1,181,137,62.41,3344.91,1.46605590791637,1.8377212741877,133.164705882353,1.59027952592877,0.0119421998148198
14,1447,"2ch_IP6_005_pos006.tif",248.86,3502.74,987,956,133.1,183,137,65.86,3365.74,1.54709889593611,1.84916544881163,133.164705882353,1.59027952592877,0.0119421998148198
15,1447,"2ch_IP6_005_pos006.tif",252.58,4753.77,982,954,130.9,186,136,66.58,4617.77,1.56401221517501,2.53704110672805,133.164705882353,1.59027952592877,0.0119421998148198
16,1447,"2ch_IP6_005_pos006.tif",257.87,2408.32,983,955,135.85,188,136,69.87,2272.32,1.64129668780832,1.24843143933983,133.164705882353,1.59027952592877,0.0119421998148198
0,1448,"2ch_IP6_005_pos006.tif",198.05,1352.67,1202,651,136.4,150,150,48.05,1202.67,1,1,132.388235294118,1.85257670318302,0.0139935145979345
1,1448,"2ch_IP6_005_pos006.tif",200.82,1598.71,1202,651,134.75,150,143.7,50.82,1455.01,1.0576482830385,1.20981649163944,132.388235294118,1.85257670318302,0.0139935145979345
2,1448,"2ch_IP6_005_pos006.tif",203.57,4726.78,1202,646,128.15,153,147,50.57,4579.78,1.05244536940687,3.8080105099487,132.388235294118,1.85257670318302,0.0139935145979345
3,1448,"2ch_IP6_005_pos006.tif",207.15,2948.08,1205,647,133.65,155,153,52.15,2795.08,1.08532778355879,2.32406229472756,132.388235294118,1.85257670318302,0.0139935145979345
4,1448,"2ch_IP6_005_pos006.tif",210.73,2564.34,1205,648,134.2,157,152,53.73,2412.34,1.11821019771072,2.0058203829812,132.388235294118,1.85257670318302,0.0139935145979345
5,1448,"2ch_IP6_005_pos006.tif",215.6,3021.48,1205,648,134.2,160,144,55.6,2877.48,1.15712799167534,2.39257651724912,132.388235294118,1.85257670318302,0.0139935145979345
6,1448,"2ch_IP6_005_pos006.tif",220.04,3656.83,1207,646,131.45,163,134,57.04,3522.83,1.18709677419355,2.92917425395162,132.388235294118,1.85257670318302,0.0139935145979345
7,1448,"2ch_IP6_005_pos006.tif",224.93,3038.18,1208,646,132,167.7,137,57.23,2901.18,1.19105098855359,2.4122826710569,132.388235294118,1.85257670318302,0.0139935145979345
8,1448,"2ch_IP6_005_pos006.tif",227.71,3079.57,1204,638,131.45,168,137,59.71,2942.57,1.2426638917794,2.44669776414145,132.388235294118,1.85257670318302,0.0139935145979345
9,1448,"2ch_IP6_005_pos006.tif",232.55,2977.42,1207,644,132,171,136,61.55,2841.42,1.28095733610822,2.36259323006311,132.388235294118,1.85257670318302,0.0139935145979345
10,1448,"2ch_IP6_005_pos006.tif",237.79,2897.17,1207,648,132,174,136,63.79,2761.17,1.32757544224766,2.29586669660006,132.388235294118,1.85257670318302,0.0139935145979345
11,1448,"2ch_IP6_005_pos006.tif",242.38,3000.28,1208,646,132,177,135,65.38,2865.28,1.36066597294485,2.38243242119617,132.388235294118,1.85257670318302,0.0139935145979345
12,1448,"2ch_IP6_005_pos006.tif",247.4,3981.22,1206,648,130.9,179,138,68.4,3843.22,1.42351716961498,3.19557318300116,132.388235294118,1.85257670318302,0.0139935145979345
13,1448,"2ch_IP6_005_pos006.tif",252.68,3024,1205,645,132,181,137,71.68,2887,1.49177939646202,2.40049223810355,132.388235294118,1.85257670318302,0.0139935145979345
14,1448,"2ch_IP6_005_pos006.tif",255.91,3059.82,1207,647,132,183,137,72.91,2922.82,1.51737773152966,2.43027596930164,132.388235294118,1.85257670318302,0.0139935145979345
15,1448,"2ch_IP6_005_pos006.tif",259.83,2666.87,1205,634,132.55,186,136,73.83,2530.87,1.53652445369407,2.10437609651858,132.388235294118,1.85257670318302,0.0139935145979345
16,1448,"2ch_IP6_005_pos006.tif",264.82,4027.23,1206,648,130.9,188,136,76.82,3891.23,1.59875130072841,3.23549269541936,132.388235294118,1.85257670318302,0.0139935145979345
0,1471,"2ch_IP6_005_pos007.tif",229.06,3974.87,519,844,105.6,156,133,73.06,3841.87,1,1,106.538235294118,1.56490109629218,0.01468863354055
1,1471,"2ch_IP6_005_pos007.tif",231.9,3641.29,519,837,106.15,159,134,72.9,3507.29,0.997810019162332,0.912912201610153,106.538235294118,1.56490109629218,0.01468863354055
2,1471,"2ch_IP6_005_pos007.tif",236.68,3909.25,519,837,106.7,161,137,75.68,3772.25,1.03586093621681,0.98187861640295,106.538235294118,1.56490109629218,0.01468863354055
3,1471,"2ch_IP6_005_pos007.tif",239.6,5492.78,513,864,101.75,165,136,74.6,5356.78,1.02107856556255,1.39431578892571,106.538235294118,1.56490109629218,0.01468863354055
4,1471,"2ch_IP6_005_pos007.tif",245.91,3546.97,513,868,107.8,166,139,79.91,3407.97,1.09375855461265,0.887060207659291,106.538235294118,1.56490109629218,0.01468863354055
5,1471,"2ch_IP6_005_pos007.tif",250.06,3066.19,515,867,108.35,169,135,81.06,2931.19,1.10949904188338,0.762959183939071,106.538235294118,1.56490109629218,0.01468863354055
6,1471,"2ch_IP6_005_pos007.tif",253.7,3211.43,515,869,108.9,172,130,81.7,3081.43,1.11825896523405,0.802065140153102,106.538235294118,1.56490109629218,0.01468863354055
7,1471,"2ch_IP6_005_pos007.tif",259.08,3283.84,514,868,107.25,175,128,84.08,3155.84,1.15083493019436,0.821433312423377,106.538235294118,1.56490109629218,0.01468863354055
8,1471,"2ch_IP6_005_pos007.tif",262.03,3538.35,516,865,107.8,175,124,87.03,3414.35,1.19121270188886,0.888720857290851,106.538235294118,1.56490109629218,0.01468863354055
9,1471,"2ch_IP6_005_pos007.tif",268.07,3756.33,517,862,107.8,180,125,88.07,3631.33,1.2054475773337,0.945198562158532,106.538235294118,1.56490109629218,0.01468863354055
10,1471,"2ch_IP6_005_pos007.tif",273.09,3850.07,517,863,106.15,180,125,93.09,3725.07,1.27415822611552,0.969598138406557,106.538235294118,1.56490109629218,0.01468863354055
11,1471,"2ch_IP6_005_pos007.tif",277.26,3852.66,519,865,106.15,184,125,93.26,3727.66,1.27648508075554,0.970272289275795,106.538235294118,1.56490109629218,0.01468863354055
12,1471,"2ch_IP6_005_pos007.tif",283.68,3864.47,518,864,106.15,184,126,99.68,3738.47,1.36435806186696,0.973086023212654,106.538235294118,1.56490109629218,0.01468863354055
13,1471,"2ch_IP6_005_pos007.tif",288.32,3884.67,518,863,106.15,188,128,100.32,3756.67,1.37311798521763,0.977823299591085,106.538235294118,1.56490109629218,0.01468863354055
14,1471,"2ch_IP6_005_pos007.tif",292.17,3891.62,518,863,106.15,189,129,103.17,3762.62,1.41212701888858,0.979372024560956,106.538235294118,1.56490109629218,0.01468863354055
15,1471,"2ch_IP6_005_pos007.tif",295.59,3927.87,517,862,106.15,190,132,105.59,3795.87,1.44525047905831,0.988026664098473,106.538235294118,1.56490109629218,0.01468863354055
16,1471,"2ch_IP6_005_pos007.tif",299.9,3932.82,516,864,106.15,193,136,106.9,3796.82,1.46318094716671,0.988273939513831,106.538235294118,1.56490109629218,0.01468863354055
0,1479,"2ch_IP6_005_pos008.tif",206.21,2535.97,422,626,115.5,156,131,50.21,2404.97,1,1,117.344117647059,1.86454437740004,0.0158895427805603
1,1479,"2ch_IP6_005_pos008.tif",209.01,2252.78,419,625,116.6,158,136,51.01,2116.78,1.01593308105955,0.880168983396882,117.344117647059,1.86454437740004,0.0158895427805603
2,1479,"2ch_IP6_005_pos008.tif",211.97,2382.12,419,631,117.15,159,143,52.97,2239.12,1.05496912965545,0.931038640814646,117.344117647059,1.86454437740004,0.0158895427805603
3,1479,"2ch_IP6_005_pos008.tif",216.48,2251.12,419,625,117.7,163,138,53.48,2113.12,1.06512646883091,0.878647134891496,117.344117647059,1.86454437740004,0.0158895427805603
4,1479,"2ch_IP6_005_pos008.tif",218.62,1903.93,418,624,118.25,164,134,54.62,1769.93,1.08783110934077,0.73594681014732,117.344117647059,1.86454437740004,0.0158895427805603
5,1479,"2ch_IP6_005_pos008.tif",222.76,2089.14,418,624,118.25,166,145,56.76,1944.14,1.13045210117506,0.808384304170114,117.344117647059,1.86454437740004,0.0158895427805603
6,1479,"2ch_IP6_005_pos008.tif",225.03,4218.68,414,622,111.1,170,144,55.03,4074.68,1.09599681338379,1.69427477265829,117.344117647059,1.86454437740004,0.0158895427805603
7,1479,"2ch_IP6_005_pos008.tif",231.08,2393.23,420,624,117.15,172,147,59.08,2246.23,1.17665803624776,0.933995018648881,117.344117647059,1.86454437740004,0.0158895427805603
8,1479,"2ch_IP6_005_pos008.tif",234.08,1895.75,419,625,118.25,173,159,61.08,1736.75,1.21649073889663,0.722150380254224,117.344117647059,1.86454437740004,0.0158895427805603
9,1479,"2ch_IP6_005_pos008.tif",238.18,1975.9,421,626,118.25,176,144,62.18,1831.9,1.23839872535352,0.761714283338254,117.344117647059,1.86454437740004,0.0158895427805603
10,1479,"2ch_IP6_005_pos008.tif",241.24,2045.84,421,626,118.8,177,138,64.24,1907.84,1.27942640908186,0.793290560797016,117.344117647059,1.86454437740004,0.0158895427805603
11,1479,"2ch_IP6_005_pos008.tif",245.92,2187.33,422,626,118.8,180,136,65.92,2051.33,1.31288587930691,0.852954506709023,117.344117647059,1.86454437740004,0.0158895427805603
12,1479,"2ch_IP6_005_pos008.tif",249.52,2183.06,420,629,118.25,183,141.7,66.52,2041.36,1.32483569010157,0.848808924851453,117.344117647059,1.86454437740004,0.0158895427805603
13,1479,"2ch_IP6_005_pos008.tif",254.29,2864.35,419,626,116.05,185,136,69.29,2728.35,1.38000398327026,1.13446321575737,117.344117647059,1.86454437740004,0.0158895427805603
14,1479,"2ch_IP6_005_pos008.tif",257.88,2074.26,421,627,118.25,187,133,70.88,1941.26,1.41167098187612,0.807186784034728,117.344117647059,1.86454437740004,0.0158895427805603
15,1479,"2ch_IP6_005_pos008.tif",262.12,2307.86,421,629,118.25,187,130,75.12,2177.86,1.49611631149173,0.905566389601534,117.344117647059,1.86454437740004,0.0158895427805603
16,1479,"2ch_IP6_005_pos008.tif",265.97,2258.46,421,628,118.25,189,132,76.97,2126.46,1.53296156144194,0.884193981629709,117.344117647059,1.86454437740004,0.0158895427805603
0,1487,"2ch_IP6_005_pos009.tif",212.8,2136.62,1032,421,130.9,155,133,57.8,2003.62,1,1,129.961764705882,1.2566733629613,0.00966956216549759
1,1487,"2ch_IP6_005_pos009.tif",211.42,1935.61,1030,418,131.45,158,135,53.42,1800.61,0.924221453287197,0.89867839211028,129.961764705882,1.2566733629613,0.00966956216549759
2,1487,"2ch_IP6_005_pos009.tif",213.01,2148.27,1032,417,130.35,157,136,56.01,2012.27,0.969031141868512,1.00431718589353,129.961764705882,1.2566733629613,0.00966956216549759
3,1487,"2ch_IP6_005_pos009.tif",215.31,2481.31,1035,422,129.8,158,142,57.31,2339.31,0.991522491349481,1.16754174943353,129.961764705882,1.2566733629613,0.00966956216549759
4,1487,"2ch_IP6_005_pos009.tif",215.68,2429.5,1034,416,129.8,160,140,55.68,2289.5,0.963321799307958,1.14268174603967,129.961764705882,1.2566733629613,0.00966956216549759
5,1487,"2ch_IP6_005_pos009.tif",218.54,2327.53,1033,418,129.8,161,137,57.54,2190.53,0.995501730103806,1.09328615206476,129.961764705882,1.2566733629613,0.00966956216549759
6,1487,"2ch_IP6_005_pos009.tif",221.94,1793.9,1035,420,130.35,163,137.7,58.94,1656.2,1.019723183391,0.826603847036863,129.961764705882,1.2566733629613,0.00966956216549759
7,1487,"2ch_IP6_005_pos009.tif",227.19,1900.4,1032,420,130.35,166,131,61.19,1769.4,1.05865051903114,0.883101586129106,129.961764705882,1.2566733629613,0.00966956216549759
8,1487,"2ch_IP6_005_pos009.tif",232.51,1950.87,1032,419,130.35,168,131,64.51,1819.87,1.11608996539792,0.908290993302123,129.961764705882,1.2566733629613,0.00966956216549759
9,1487,"2ch_IP6_005_pos009.tif",236.47,2518.7,1033,421,129.8,171,131,65.47,2387.7,1.13269896193772,1.19169303560555,129.961764705882,1.2566733629613,0.00966956216549759
10,1487,"2ch_IP6_005_pos009.tif",239.07,2041.05,1033,420,130.35,171,128,68.07,1913.05,1.17768166089965,0.954796817759855,129.961764705882,1.2566733629613,0.00966956216549759
11,1487,"2ch_IP6_005_pos009.tif",243.07,2076.13,1033,421,130.35,173,130,70.07,1946.13,1.21228373702422,0.971306934448648,129.961764705882,1.2566733629613,0.00966956216549759
12,1487,"2ch_IP6_005_pos009.tif",245.67,2097.82,1034,420,130.35,175,131,70.67,1966.82,1.22266435986159,0.98163324382867,129.961764705882,1.2566733629613,0.00966956216549759
13,1487,"2ch_IP6_005_pos009.tif",249.88,2146.7,1033,420,130.35,178,130,71.88,2016.7,1.24359861591695,1.00652818398698,129.961764705882,1.2566733629613,0.00966956216549759
14,1487,"2ch_IP6_005_pos009.tif",254,2667.96,1034,420,129.8,180,144,74,2523.96,1.280276816609,1.25969994310298,129.961764705882,1.2566733629613,0.00966956216549759
15,1487,"2ch_IP6_005_pos009.tif",256.26,2682.89,1035,419,129.8,180,143,76.26,2539.89,1.31937716262976,1.26765055249998,129.961764705882,1.2566733629613,0.00966956216549759
16,1487,"2ch_IP6_005_pos009.tif",257.62,3863.98,1031,419,125.4,181,169,76.62,3694.98,1.32560553633218,1.84415208472664,129.961764705882,1.2566733629613,0.00966956216549759
