"FrameId","VesicleId","MovieName","IntCh0","IntCh1","xCoord","yCoord","radius","bg0","bg1","Net0","Net1","Norm0","Norm1","rad_mean","rad_sd","rad_cv"
0,1501,"2ch_WT_001_pos001.tif",184.9,5311.77,1145,549,95.15,108,134,76.9,5177.77,1,1,96.1205882352941,1.10906193801471,0.0115382350272329
1,1501,"2ch_WT_001_pos001.tif",187.84,5454.37,1145,549,95.7,108,132,79.84,5322.37,1.03823146944083,1.02792708057716,96.1205882352941,1.10906193801471,0.0115382350272329
2,1501,"2ch_WT_001_pos001.tif",185.26,5057.3,1144,548,96.25,108,131,77.26,4926.3,1.00468140442133,0.951432759662944,96.1205882352941,1.10906193801471,0.0115382350272329
3,1501,"2ch_WT_001_pos001.tif",193.82,5330.01,1144,547,96.25,109,134,84.82,5196.01,1.10299089726918,1.0035227520728,96.1205882352941,1.10906193801471,0.0115382350272329
4,1501,"2ch_WT_001_pos001.tif",191.78,5196.43,1144,546,96.8,109,139,82.78,5057.43,1.07646293888166,0.976758334186339,96.1205882352941,1.10906193801471,0.0115382350272329
5,1501,"2ch_WT_001_pos001.tif",187.2,4876.87,1144,545,97.35,110,141,77.2,4735.87,1.00390117035111,0.91465437823619,96.1205882352941,1.10906193801471,0.0115382350272329
6,1501,"2ch_WT_001_pos001.tif",190.65,5018.66,1144,544,97.35,110,147,80.65,4871.66,1.04876462938882,0.940879954111519,96.1205882352941,1.10906193801471,0.0115382350272329
7,1501,"2ch_WT_001_pos001.tif",216.55,5799.96,1145,543,95.15,110,141,106.55,5658.96,1.38556566970091,1.0929338305873,96.1205882352941,1.10906193801471,0.0115382350272329
8,1501,"2ch_WT_001_pos001.tif",217.41,6412.35,1142,541,92.95,111,138,106.41,6274.35,1.38374512353706,1.21178615504358,96.1205882352941,1.10906193801471,0.0115382350272329
9,1501,"2ch_WT_001_pos001.tif",209.61,5664.29,1143,541,95.15,111,136,98.61,5528.29,1.28231469440832,1.06769709739907,96.1205882352941,1.10906193801471,0.0115382350272329
10,1501,"2ch_WT_001_pos001.tif",214.36,5820.15,1144,535,95.7,113,137,101.36,5683.15,1.31807542262679,1.09760572601718,96.1205882352941,1.10906193801471,0.0115382350272329
11,1501,"2ch_WT_001_pos001.tif",209.48,5481.13,1144,536,96.25,114,136,95.48,5345.13,1.24161248374512,1.03232279533467,96.1205882352941,1.10906193801471,0.0115382350272329
12,1501,"2ch_WT_001_pos001.tif",225.86,5533.27,1146,535,96.25,115,135.7,110.86,5397.57,1.44161248374512,1.04245070754398,96.1205882352941,1.10906193801471,0.0115382350272329
13,1501,"2ch_WT_001_pos001.tif",230.33,5530.08,1148,535,96.8,115,136,115.33,5394.08,1.49973992197659,1.04177667219672,96.1205882352941,1.10906193801471,0.0115382350272329
14,1501,"2ch_WT_001_pos001.tif",230.06,5645.8,1146,534,96.8,115,136,115.06,5509.8,1.4962288686606,1.06412606199194,96.1205882352941,1.10906193801471,0.0115382350272329
15,1501,"2ch_WT_001_pos001.tif",243.47,5652.28,1148,533,96.8,115,134,128.47,5518.28,1.67061118335501,1.06576383269245,96.1205882352941,1.10906193801471,0.0115382350272329
16,1501,"2ch_WT_001_pos001.tif",239.99,5296.7,1148,535,97.35,116,133,123.99,5163.7,1.61235370611183,0.997282613943841,96.1205882352941,1.10906193801471,0.0115382350272329
0,1502,"2ch_WT_001_pos001.tif",166.69,4388.17,431,577,90.75,108,134,58.69,4254.17,1,1,91.2352941176471,0.579537721454122,0.00635212202754357
1,1502,"2ch_WT_001_pos001.tif",170.63,4181.18,431,577,91.3,108,132,62.63,4049.18,1.0671323905265,0.951814337461832,91.2352941176471,0.579537721454122,0.00635212202754357
2,1502,"2ch_WT_001_pos001.tif",169.21,4303.52,430,574,91.85,108,131,61.21,4172.52,1.04293746805248,0.98080706694843,91.2352941176471,0.579537721454122,0.00635212202754357
3,1502,"2ch_WT_001_pos001.tif",172.25,4205.13,430,575,92.4,109,134,63.25,4071.13,1.07769637076163,0.956973980823521,91.2352941176471,0.579537721454122,0.00635212202754357
4,1502,"2ch_WT_001_pos001.tif",167.18,3988.2,430,575,92.4,109,139,58.18,3849.2,0.991310274322713,0.904806342952914,91.2352941176471,0.579537721454122,0.00635212202754357
5,1502,"2ch_WT_001_pos001.tif",181.38,4808.71,430,573,90.75,110,141,71.38,4667.71,1.21622082126427,1.09720815106119,91.2352941176471,0.579537721454122,0.00635212202754357
6,1502,"2ch_WT_001_pos001.tif",184.38,4610.16,430,572,90.75,110,147,74.38,4463.16,1.26733685466008,1.04912591645374,91.2352941176471,0.579537721454122,0.00635212202754357
7,1502,"2ch_WT_001_pos001.tif",190.39,4830.94,430,571,90.75,110,141,80.39,4689.94,1.36973930822968,1.10243361219697,91.2352941176471,0.579537721454122,0.00635212202754357
8,1502,"2ch_WT_001_pos001.tif",198.15,4823.33,430,570,90.75,111,138,87.15,4685.33,1.48492077014824,1.10134996955928,91.2352941176471,0.579537721454122,0.00635212202754357
9,1502,"2ch_WT_001_pos001.tif",186.75,4271.05,431,569,91.3,111,136,75.75,4135.05,1.29067984324416,0.971999238394328,91.2352941176471,0.579537721454122,0.00635212202754357
10,1502,"2ch_WT_001_pos001.tif",200.12,4139.5,431,569,91.3,113,137,87.12,4002.5,1.48440960981428,0.940841574267131,91.2352941176471,0.579537721454122,0.00635212202754357
11,1502,"2ch_WT_001_pos001.tif",200.65,4275.18,431,567,91.3,114,136,86.65,4139.18,1.47640143124894,0.972970050562154,91.2352941176471,0.579537721454122,0.00635212202754357
12,1502,"2ch_WT_001_pos001.tif",215.82,4644.57,431,568,90.2,115,135.7,100.82,4508.87,1.71783949565514,1.05987066807391,91.2352941176471,0.579537721454122,0.00635212202754357
13,1502,"2ch_WT_001_pos001.tif",225.8,4277.62,432,565,91.3,115,136,110.8,4141.62,1.88788550008519,0.973543605450652,91.2352941176471,0.579537721454122,0.00635212202754357
14,1502,"2ch_WT_001_pos001.tif",223.67,4192.46,432,565,91.3,115,136,108.67,4056.46,1.85159311637417,0.953525599588169,91.2352941176471,0.579537721454122,0.00635212202754357
15,1502,"2ch_WT_001_pos001.tif",232.71,4271.05,432,564,91.3,115,134,117.71,4137.05,2.00562276367354,0.972469365352113,91.2352941176471,0.579537721454122,0.00635212202754357
16,1502,"2ch_WT_001_pos001.tif",244.9,4146.99,432,564,91.3,116,133,128.9,4013.99,2.1962855682399,0.943542453639605,91.2352941176471,0.579537721454122,0.00635212202754357
0,1507,"2ch_WT_001_pos002.tif",213.19,6181.21,892,920,81.95,110,208,103.19,5973.21,1,1,81.7882352941177,0.607641293179182,0.00742944619105732
1,1507,"2ch_WT_001_pos002.tif",214.45,6158.42,892,918,81.95,110,179,104.45,5979.42,1.01221048551216,1.00103964200154,81.7882352941177,0.607641293179182,0.00742944619105732
2,1507,"2ch_WT_001_pos002.tif",215.12,6056.01,892,914,82.5,110,163,105.12,5893.01,1.01870336272895,0.986573383490619,81.7882352941177,0.607641293179182,0.00742944619105732
3,1507,"2ch_WT_001_pos002.tif",216.36,6035.75,892,913,83.6,111,161,105.36,5874.75,1.02102916949317,0.983516400729256,81.7882352941177,0.607641293179182,0.00742944619105732
4,1507,"2ch_WT_001_pos002.tif",225.7,6266.24,895,906,80.85,111,181,114.7,6085.24,1.11154181606745,1.0187554095704,81.7882352941177,0.607641293179182,0.00742944619105732
5,1507,"2ch_WT_001_pos002.tif",232.15,6188.91,899,906,81.4,111,168,121.15,6020.91,1.1740478728559,1.00798565595383,81.7882352941177,0.607641293179182,0.00742944619105732
6,1507,"2ch_WT_001_pos002.tif",226.18,6062.36,898,904,81.95,111,181,115.18,5881.36,1.11619342959589,0.984623008399169,81.7882352941177,0.607641293179182,0.00742944619105732
7,1507,"2ch_WT_001_pos002.tif",233.69,6128.6,898,904,81.95,112,177,121.69,5951.6,1.17928093807539,0.996382179765989,81.7882352941177,0.607641293179182,0.00742944619105732
8,1507,"2ch_WT_001_pos002.tif",235.99,6140.21,899,901,81.4,112,183,123.99,5957.21,1.20156991956585,0.997321373264961,81.7882352941177,0.607641293179182,0.00742944619105732
9,1507,"2ch_WT_001_pos002.tif",240.83,6150.31,899,900,81.4,113,185,127.83,5965.31,1.23878282779339,0.998677428049575,81.7882352941177,0.607641293179182,0.00742944619105732
10,1507,"2ch_WT_001_pos002.tif",240.3,6134.27,899,899,81.95,112,172,128.3,5962.27,1.24333753270666,0.998168488969917,81.7882352941177,0.607641293179182,0.00742944619105732
11,1507,"2ch_WT_001_pos002.tif",245.58,6145.12,900,898,81.4,112,166,133.58,5979.12,1.29450528151953,1.00098941775025,81.7882352941177,0.607641293179182,0.00742944619105732
12,1507,"2ch_WT_001_pos002.tif",257.18,6116.01,899,899,81.95,113,173,144.18,5943.01,1.39722841360597,0.994944092037615,81.7882352941177,0.607641293179182,0.00742944619105732
13,1507,"2ch_WT_001_pos002.tif",264.77,6186.2,900,897,81.4,113,169,151.77,6017.2,1.47078205252447,1.00736454937965,81.7882352941177,0.607641293179182,0.00742944619105732
14,1507,"2ch_WT_001_pos002.tif",272.97,6172.3,900,898,81.4,113,167,159.97,6005.3,1.5502471169687,1.00537232074546,81.7882352941177,0.607641293179182,0.00742944619105732
15,1507,"2ch_WT_001_pos002.tif",279.51,6123.14,900,895,81.4,113,164,166.51,5959.14,1.61362535129373,0.997644482614875,81.7882352941177,0.607641293179182,0.00742944619105732
16,1507,"2ch_WT_001_pos002.tif",295.7,6194.32,900,894,81.95,116,164,179.7,6030.32,1.74144781471073,1.00956102330238,81.7882352941177,0.607641293179182,0.00742944619105732
0,1509,"2ch_WT_001_pos002.tif",272.21,4057.6,505,585,73.7,110,208,162.21,3849.6,1,1,71.6617647058823,0.607641293179183,0.00847929569796521
1,1509,"2ch_WT_001_pos002.tif",287.37,4507.87,505,585,71.5,110,179,177.37,4328.87,1.09345909623328,1.12449864921031,71.6617647058823,0.607641293179183,0.00847929569796521
2,1509,"2ch_WT_001_pos002.tif",290.22,4537.56,505,579,71.5,110,163,180.22,4374.56,1.11102891313729,1.13636741479634,71.6617647058823,0.607641293179183,0.00847929569796521
3,1509,"2ch_WT_001_pos002.tif",290.37,4527.27,505,578,71.5,111,161,179.37,4366.27,1.10578879230627,1.1342139443059,71.6617647058823,0.607641293179183,0.00847929569796521
4,1509,"2ch_WT_001_pos002.tif",290.09,4286.09,505,580,72.05,111,181,179.09,4105.09,1.10406263485605,1.06636793433084,71.6617647058823,0.607641293179183,0.00847929569796521
5,1509,"2ch_WT_001_pos002.tif",287.29,4278.14,505,580,72.05,111,168,176.29,4110.14,1.08680106035386,1.06767975893599,71.6617647058823,0.607641293179183,0.00847929569796521
6,1509,"2ch_WT_001_pos002.tif",288.79,4341.05,505,579,72.05,111,181,177.79,4160.05,1.09604833240861,1.08064474231089,71.6617647058823,0.607641293179183,0.00847929569796521
7,1509,"2ch_WT_001_pos002.tif",299.64,4540.24,506,578,71.5,112,177,187.64,4363.24,1.15677208556809,1.13342684954281,71.6617647058823,0.607641293179183,0.00847929569796521
8,1509,"2ch_WT_001_pos002.tif",296.17,4573.95,506,575,71.5,112,183,184.17,4390.95,1.13538006288145,1.140625,71.6617647058823,0.607641293179183,0.00847929569796521
9,1509,"2ch_WT_001_pos002.tif",304.18,4571.4,506,573,71.5,113,185,191.18,4386.4,1.17859564761729,1.13944305901912,71.6617647058823,0.607641293179183,0.00847929569796521
10,1509,"2ch_WT_001_pos002.tif",311.67,4576.14,507,573,71.5,112,172,199.67,4404.14,1.23093520744714,1.14405133000831,71.6617647058823,0.607641293179183,0.00847929569796521
11,1509,"2ch_WT_001_pos002.tif",319.23,4561.96,507,572,71.5,112,166,207.23,4395.96,1.27754145860305,1.14192643391521,71.6617647058823,0.607641293179183,0.00847929569796521
12,1509,"2ch_WT_001_pos002.tif",322.79,4531.78,507,572,71.5,113,173,209.79,4358.78,1.29332346957648,1.1322682876143,71.6617647058823,0.607641293179183,0.00847929569796521
13,1509,"2ch_WT_001_pos002.tif",326.15,4531.48,507,570,71.5,113,169,213.15,4362.48,1.3140373589791,1.13322942643392,71.6617647058823,0.607641293179183,0.00847929569796521
14,1509,"2ch_WT_001_pos002.tif",331.34,4525.42,507,571,71.5,113,167,218.34,4358.42,1.34603292028851,1.13217477140482,71.6617647058823,0.607641293179183,0.00847929569796521
15,1509,"2ch_WT_001_pos002.tif",352.67,4669.65,507,570,70.95,113,164,239.67,4505.65,1.47752912890697,1.17042030340815,71.6617647058823,0.607641293179183,0.00847929569796521
16,1509,"2ch_WT_001_pos002.tif",355.5,4669.16,507,568,70.95,116,164,239.5,4505.16,1.47648110474077,1.17029301745636,71.6617647058823,0.607641293179183,0.00847929569796521
0,1518,"2ch_WT_001_pos003.tif",185.12,1838.5,332,719,108.35,108,156,77.12,1682.5,1,1,113.397058823529,1.65269387934473,0.0145743981060098
1,1518,"2ch_WT_001_pos003.tif",303.15,4042.59,357,717,114.4,107,148,196.15,3894.59,2.5434387966805,2.31476374442793,113.397058823529,1.65269387934473,0.0145743981060098
2,1518,"2ch_WT_001_pos003.tif",292.1,3766.88,356,715,115.5,108,164,184.1,3602.88,2.3871887966805,2.14138484398217,113.397058823529,1.65269387934473,0.0145743981060098
3,1518,"2ch_WT_001_pos003.tif",306.01,4041.76,355,714,114.95,108,156,198.01,3885.76,2.56755705394191,2.30951560178306,113.397058823529,1.65269387934473,0.0145743981060098
4,1518,"2ch_WT_001_pos003.tif",352.17,4713.82,356,713,112.75,108,143,244.17,4570.82,3.16610477178423,2.71668350668648,113.397058823529,1.65269387934473,0.0145743981060098
5,1518,"2ch_WT_001_pos003.tif",342.7,4785.91,354,713,113.3,108,140,234.7,4645.91,3.04330912863071,2.76131352154532,113.397058823529,1.65269387934473,0.0145743981060098
6,1518,"2ch_WT_001_pos003.tif",359.55,4591.58,354,711,111.65,108,137,251.55,4454.58,3.26179979253112,2.64759583952452,113.397058823529,1.65269387934473,0.0145743981060098
7,1518,"2ch_WT_001_pos003.tif",342.62,4523.82,358,711,112.2,108,136,234.62,4387.82,3.04227178423237,2.60791679049034,113.397058823529,1.65269387934473,0.0145743981060098
8,1518,"2ch_WT_001_pos003.tif",325.66,4362.93,357,710,113.3,109,138,216.66,4224.93,2.80938796680498,2.51110252600297,113.397058823529,1.65269387934473,0.0145743981060098
9,1518,"2ch_WT_001_pos003.tif",339.42,4369.6,357,708,113.3,109,136,230.42,4233.6,2.9878112033195,2.51625557206538,113.397058823529,1.65269387934473,0.0145743981060098
10,1518,"2ch_WT_001_pos003.tif",339.94,4287.88,357,708,113.3,110,147,229.94,4140.88,2.98158713692946,2.461147102526,113.397058823529,1.65269387934473,0.0145743981060098
11,1518,"2ch_WT_001_pos003.tif",352.39,4711.43,357,708,113.85,113,155,239.39,4556.43,3.1041234439834,2.70813075780089,113.397058823529,1.65269387934473,0.0145743981060098
12,1518,"2ch_WT_001_pos003.tif",286.74,3059.09,357,714,113.85,111,157,175.74,2902.09,2.27878630705394,1.72486775631501,113.397058823529,1.65269387934473,0.0145743981060098
13,1518,"2ch_WT_001_pos003.tif",356.8,4499.02,358,707,113.3,112,157,244.8,4342.02,3.17427385892116,2.58069539375929,113.397058823529,1.65269387934473,0.0145743981060098
14,1518,"2ch_WT_001_pos003.tif",369.93,4514.08,358,706,113.85,111,157,258.93,4357.08,3.35749481327801,2.58964635958395,113.397058823529,1.65269387934473,0.0145743981060098
15,1518,"2ch_WT_001_pos003.tif",348.75,4206.93,358,706,114.95,112,157,236.75,4049.93,3.06989107883817,2.40709063893016,113.397058823529,1.65269387934473,0.0145743981060098
16,1518,"2ch_WT_001_pos003.tif",359.26,4289.54,359,706,114.95,112,154,247.26,4135.54,3.20617219917012,2.45797325408618,113.397058823529,1.65269387934473,0.0145743981060098
0,1519,"2ch_WT_001_pos003.tif",148.24,4463.23,1078,632,113.85,108,156,40.24,4307.23,1,1,115.014705882353,0.670299537959139,0.00582794637274281
1,1519,"2ch_WT_001_pos003.tif",162.42,5284.3,1110,614,113.3,107,148,55.42,5136.3,1.3772365805169,1.19248333615804,115.014705882353,0.670299537959139,0.00582794637274281
2,1519,"2ch_WT_001_pos003.tif",197.8,5802.4,1102,617,114.95,108,164,89.8,5638.4,2.23161033797217,1.30905477534285,115.014705882353,0.670299537959139,0.00582794637274281
3,1519,"2ch_WT_001_pos003.tif",157.57,4506.54,1102,616,115.5,108,156,49.57,4350.54,1.23185884691849,1.01005518627981,115.014705882353,0.670299537959139,0.00582794637274281
4,1519,"2ch_WT_001_pos003.tif",159.07,4764.86,1102,615,114.95,108,143,51.07,4621.86,1.2691351888668,1.07304694664552,115.014705882353,0.670299537959139,0.00582794637274281
5,1519,"2ch_WT_001_pos003.tif",159.22,4782.9,1102,614,114.95,108,140,51.22,4642.9,1.27286282306163,1.07793175660459,115.014705882353,0.670299537959139,0.00582794637274281
6,1519,"2ch_WT_001_pos003.tif",163.03,4865.47,1102,612,114.95,108,137,55.03,4728.47,1.36754473161034,1.09779835300181,115.014705882353,0.670299537959139,0.00582794637274281
7,1519,"2ch_WT_001_pos003.tif",163.42,4674.68,1103,613,114.95,108,136,55.42,4538.68,1.3772365805169,1.05373523122749,115.014705882353,0.670299537959139,0.00582794637274281
8,1519,"2ch_WT_001_pos003.tif",168.1,4762.04,1103,611,114.95,109,138,59.1,4624.04,1.46868787276342,1.07355307239223,115.014705882353,0.670299537959139,0.00582794637274281
9,1519,"2ch_WT_001_pos003.tif",169.34,4730.3,1103,610,114.95,109,136,60.34,4594.3,1.49950298210736,1.0666484028018,115.014705882353,0.670299537959139,0.00582794637274281
10,1519,"2ch_WT_001_pos003.tif",174.22,4857.45,1103,608,114.95,110,147,64.22,4710.45,1.59592445328032,1.09361468971938,115.014705882353,0.670299537959139,0.00582794637274281
11,1519,"2ch_WT_001_pos003.tif",181.68,4949.59,1104,608,115.5,113,155,68.68,4794.59,1.70675944333996,1.11314928620018,115.014705882353,0.670299537959139,0.00582794637274281
12,1519,"2ch_WT_001_pos003.tif",198.83,4932.34,1103,608,114.95,111,157,87.83,4775.34,2.18265407554672,1.10868005655607,115.014705882353,0.670299537959139,0.00582794637274281
13,1519,"2ch_WT_001_pos003.tif",225.27,5539.4,1105,606,115.5,112,157,113.27,5382.4,2.81486083499006,1.24961982527053,115.014705882353,0.670299537959139,0.00582794637274281
14,1519,"2ch_WT_001_pos003.tif",233.38,5715.31,1104,606,114.95,111,157,122.38,5558.31,3.04125248508946,1.29046045834562,115.014705882353,0.670299537959139,0.00582794637274281
15,1519,"2ch_WT_001_pos003.tif",189.72,4279.83,1104,605,116.05,112,157,77.72,4122.83,1.93141153081511,0.957188262526032,115.014705882353,0.670299537959139,0.00582794637274281
16,1519,"2ch_WT_001_pos003.tif",201.73,4758.41,1104,604,116.05,112,154,89.73,4604.41,2.22987077534791,1.06899561899411,115.014705882353,0.670299537959139,0.00582794637274281
0,1520,"2ch_WT_001_pos003.tif",215.72,4097.4,1305,500,92.4,108,156,107.72,3941.4,1,1,93.0794117647059,0.533578375079932,0.00573250695254453
1,1520,"2ch_WT_001_pos003.tif",220.65,4122.02,1305,499,92.95,107,148,113.65,3974.02,1.05505012996658,1.00827624701883,93.0794117647059,0.533578375079932,0.00573250695254453
2,1520,"2ch_WT_001_pos003.tif",217.25,3925.71,1305,497,93.5,108,164,109.25,3761.71,1.01420349053101,0.954409600649516,93.0794117647059,0.533578375079932,0.00573250695254453
3,1520,"2ch_WT_001_pos003.tif",220.44,4409.71,1306,496,91.85,108,156,112.44,4253.71,1.0438173041218,1.07923834170599,93.0794117647059,0.533578375079932,0.00573250695254453
4,1520,"2ch_WT_001_pos003.tif",215.49,4033.05,1305,495,93.5,108,143,107.49,3890.05,0.997864834756777,0.986971634444614,93.0794117647059,0.533578375079932,0.00573250695254453
5,1520,"2ch_WT_001_pos003.tif",214.24,4014.48,1305,494,93.5,108,140,106.24,3874.48,0.986260675826216,0.983021261480692,93.0794117647059,0.533578375079932,0.00573250695254453
6,1520,"2ch_WT_001_pos003.tif",220.57,4088.78,1306,492,93.5,108,137,112.57,3951.78,1.04502413665058,1.00263358197595,93.0794117647059,0.533578375079932,0.00573250695254453
7,1520,"2ch_WT_001_pos003.tif",225.9,4323.14,1305,492,92.95,108,136,117.9,4187.14,1.09450427033049,1.06234840412036,93.0794117647059,0.533578375079932,0.00573250695254453
8,1520,"2ch_WT_001_pos003.tif",217.62,4288.93,1305,491,92.95,109,138,108.62,4150.93,1.00835499443,1.05316131323895,93.0794117647059,0.533578375079932,0.00573250695254453
9,1520,"2ch_WT_001_pos003.tif",227.53,4314.1,1305,489,92.95,109,136,118.53,4178.1,1.10035276643149,1.06005480286193,93.0794117647059,0.533578375079932,0.00573250695254453
10,1520,"2ch_WT_001_pos003.tif",222.18,4327.21,1306,488,92.4,110,147,112.18,4180.21,1.04140363906424,1.06059014563353,93.0794117647059,0.533578375079932,0.00573250695254453
11,1520,"2ch_WT_001_pos003.tif",219.22,4394,1305,488,92.95,113,155,106.22,4239,0.986075009283327,1.07550616532197,93.0794117647059,0.533578375079932,0.00573250695254453
12,1520,"2ch_WT_001_pos003.tif",218.52,4123.48,1306,487,93.5,111,157,107.52,3966.48,0.99814333457111,1.00636322119044,93.0794117647059,0.533578375079932,0.00573250695254453
13,1520,"2ch_WT_001_pos003.tif",223.3,4143.1,1306,486,93.5,112,157,111.3,3986.1,1.03323431117713,1.0113411478155,93.0794117647059,0.533578375079932,0.00573250695254453
14,1520,"2ch_WT_001_pos003.tif",226.93,4362.01,1306,485,92.95,111,157,115.93,4205.01,1.07621611585592,1.06688232607703,93.0794117647059,0.533578375079932,0.00573250695254453
15,1520,"2ch_WT_001_pos003.tif",223.96,4043.82,1306,485,94.05,112,157,111.96,3886.82,1.03936130709246,0.986152128685239,93.0794117647059,0.533578375079932,0.00573250695254453
16,1520,"2ch_WT_001_pos003.tif",250.93,4538.75,1305,485,92.95,112,154,138.93,4384.75,1.28973264017824,1.11248541127518,93.0794117647059,0.533578375079932,0.00573250695254453
0,1521,"2ch_WT_001_pos003.tif",190.23,3284.95,262,213,75.9,108,156,82.23,3128.95,1,1,75.2205882352941,1.03863775319066,0.0138078919290254
1,1521,"2ch_WT_001_pos003.tif",183.02,2997.17,262,210,77,107,148,76.02,2849.17,0.924480116745714,0.910583422553892,75.2205882352941,1.03863775319066,0.0138078919290254
2,1521,"2ch_WT_001_pos003.tif",141.64,1636.34,281,209,72.6,108,164,33.64,1472.34,0.409096436823544,0.470554019719075,75.2205882352941,1.03863775319066,0.0138078919290254
3,1521,"2ch_WT_001_pos003.tif",191.81,2970.62,261,207,77.55,108,156,83.81,2814.62,1.01921439863797,0.899541379696064,75.2205882352941,1.03863775319066,0.0138078919290254
4,1521,"2ch_WT_001_pos003.tif",204.2,3298.62,261,207,75.35,108,143,96.2,3155.62,1.16988933479265,1.00852362613656,75.2205882352941,1.03863775319066,0.0138078919290254
5,1521,"2ch_WT_001_pos003.tif",200.2,3281.1,261,206,75.35,108,140,92.2,3141.1,1.12124528760793,1.003883091772,75.2205882352941,1.03863775319066,0.0138078919290254
6,1521,"2ch_WT_001_pos003.tif",205.65,3396.22,262,204,74.8,108,137,97.65,3259.22,1.18752280189712,1.04163377490852,75.2205882352941,1.03863775319066,0.0138078919290254
7,1521,"2ch_WT_001_pos003.tif",203.84,3291.73,262,204,75.35,108,136,95.84,3155.73,1.16551137054603,1.00855878169993,75.2205882352941,1.03863775319066,0.0138078919290254
8,1521,"2ch_WT_001_pos003.tif",202.76,3241.05,262,203,75.35,109,138,93.76,3103.05,1.14021646600997,0.991722462807012,75.2205882352941,1.03863775319066,0.0138078919290254
9,1521,"2ch_WT_001_pos003.tif",205.69,3263.31,262,201,75.35,109,136,96.69,3127.31,1.17584823057278,0.999475862509788,75.2205882352941,1.03863775319066,0.0138078919290254
10,1521,"2ch_WT_001_pos003.tif",207.54,3247.69,262,200,75.35,110,147,97.54,3100.69,1.18618509059954,0.990968216174755,75.2205882352941,1.03863775319066,0.0138078919290254
11,1521,"2ch_WT_001_pos003.tif",212.01,3379.27,263,200,74.8,113,155,99.01,3224.27,1.20406177793992,1.03046389363844,75.2205882352941,1.03863775319066,0.0138078919290254
12,1521,"2ch_WT_001_pos003.tif",216.58,3386.06,263,199,74.8,111,157,105.58,3229.06,1.28395962544084,1.0319947586251,75.2205882352941,1.03863775319066,0.0138078919290254
13,1521,"2ch_WT_001_pos003.tif",223.1,3386.01,263,199,74.8,112,157,111.1,3229.01,1.35108841055576,1.03197877882357,75.2205882352941,1.03863775319066,0.0138078919290254
14,1521,"2ch_WT_001_pos003.tif",221.22,3337.02,263,198,74.8,111,157,110.22,3180.02,1.34038672017512,1.01632176928363,75.2205882352941,1.03863775319066,0.0138078919290254
15,1521,"2ch_WT_001_pos003.tif",226.3,3332.3,263,197,74.8,112,157,114.3,3175.3,1.39000364830354,1.01481327601911,75.2205882352941,1.03863775319066,0.0138078919290254
16,1521,"2ch_WT_001_pos003.tif",237.31,3315.8,263,196,74.8,112,154,125.31,3161.8,1.5238963881795,1.01049872960578,75.2205882352941,1.03863775319066,0.0138078919290254
0,1524,"2ch_WT_001_pos004.tif",166.68,3640.96,1228,664,81.4,107,142,59.68,3498.96,1,1,79.7823529411765,1.35380726754109,0.0169687558417743
1,1524,"2ch_WT_001_pos004.tif",170.62,3643.91,1228,662,81.95,108,143,62.62,3500.91,1.04926273458445,1.00055730845737,79.7823529411765,1.35380726754109,0.0169687558417743
2,1524,"2ch_WT_001_pos004.tif",177.62,4069.2,1227,660,79.75,108,155,69.62,3914.2,1.16655495978552,1.11867526350687,79.7823529411765,1.35380726754109,0.0169687558417743
3,1524,"2ch_WT_001_pos004.tif",174.01,4079.36,1228,660,79.75,108,160,66.01,3919.36,1.10606568364611,1.12014998742483,79.7823529411765,1.35380726754109,0.0169687558417743
4,1524,"2ch_WT_001_pos004.tif",174.06,4125.96,1229,659,79.75,108,144,66.06,3981.96,1.10690348525469,1.13804101790246,79.7823529411765,1.35380726754109,0.0169687558417743
5,1524,"2ch_WT_001_pos004.tif",173.38,4073.93,1229,657,79.75,109,148,64.38,3925.93,1.07875335120643,1.12202768822736,79.7823529411765,1.35380726754109,0.0169687558417743
6,1524,"2ch_WT_001_pos004.tif",175.13,4044.3,1229,656,79.75,108,145,67.13,3899.3,1.12483243967828,1.11441685529414,79.7823529411765,1.35380726754109,0.0169687558417743
7,1524,"2ch_WT_001_pos004.tif",175.7,4085.21,1229,655,79.75,108,141,67.7,3944.21,1.13438337801609,1.12725209776619,79.7823529411765,1.35380726754109,0.0169687558417743
8,1524,"2ch_WT_001_pos004.tif",164.57,3612.36,1239,654,75.35,109,139,55.57,3473.36,0.931132707774799,0.992683540251961,79.7823529411765,1.35380726754109,0.0169687558417743
9,1524,"2ch_WT_001_pos004.tif",180.24,4215.82,1230,652,79.2,109,141,71.24,4074.82,1.19369973190349,1.16458033244164,79.7823529411765,1.35380726754109,0.0169687558417743
10,1524,"2ch_WT_001_pos004.tif",173.3,3777.08,1230,655,79.75,109,143,64.3,3634.08,1.07741286863271,1.03861718910762,79.7823529411765,1.35380726754109,0.0169687558417743
11,1524,"2ch_WT_001_pos004.tif",181.22,3926.3,1230,654,79.75,110,143,71.22,3783.3,1.19336461126005,1.08126414706084,79.7823529411765,1.35380726754109,0.0169687558417743
12,1524,"2ch_WT_001_pos004.tif",195.18,4113.4,1231,651,79.2,110,144,85.18,3969.4,1.42727882037534,1.13445137983858,79.7823529411765,1.35380726754109,0.0169687558417743
13,1524,"2ch_WT_001_pos004.tif",185.78,4093.19,1231,649,79.75,110,141,75.78,3952.19,1.26977211796247,1.12953277545328,79.7823529411765,1.35380726754109,0.0169687558417743
14,1524,"2ch_WT_001_pos004.tif",191.07,3953.35,1231,649,80.3,115,146,76.07,3807.35,1.27463136729222,1.08813761803507,79.7823529411765,1.35380726754109,0.0169687558417743
15,1524,"2ch_WT_001_pos004.tif",196.25,3963.6,1231,649,80.3,114,149,82.25,3814.6,1.3781836461126,1.09020966229965,79.7823529411765,1.35380726754109,0.0169687558417743
16,1524,"2ch_WT_001_pos004.tif",202.23,4002.03,1231,648,80.85,115,149,87.23,3853.03,1.46162868632708,1.10119292589798,79.7823529411765,1.35380726754109,0.0169687558417743
0,1526,"2ch_WT_001_pos005.tif",127.91,3174.37,1097,371,127.6,107,137,20.91,3037.37,1,1,127.244117647059,1.93422160966475,0.0152008725073623
1,1526,"2ch_WT_001_pos005.tif",132.74,4629.9,1096,358,127.05,108,139,24.74,4490.9,1.18316594930655,1.47854887616589,127.244117647059,1.93422160966475,0.0152008725073623
2,1526,"2ch_WT_001_pos005.tif",129.23,3280.96,1111,357,123.2,108,144,21.23,3136.96,1.01530368244859,1.03278823455819,127.244117647059,1.93422160966475,0.0152008725073623
3,1526,"2ch_WT_001_pos005.tif",132.76,4286.86,1096,356,129.25,108,153,24.76,4133.86,1.18412242945959,1.36099981233765,127.244117647059,1.93422160966475,0.0152008725073623
4,1526,"2ch_WT_001_pos005.tif",136.7,4572.99,1096,355,128.7,108,149,28.7,4423.99,1.37254901960784,1.45651994982501,127.244117647059,1.93422160966475,0.0152008725073623
5,1526,"2ch_WT_001_pos005.tif",137.11,4355.28,1096,354,129.25,109,150,28.11,4205.28,1.34433285509326,1.38451357588967,127.244117647059,1.93422160966475,0.0152008725073623
6,1526,"2ch_WT_001_pos005.tif",139.85,4368.46,1097,354,128.15,109,147,30.85,4221.46,1.4753706360593,1.38984055284671,127.244117647059,1.93422160966475,0.0152008725073623
7,1526,"2ch_WT_001_pos005.tif",138.64,4458.41,1096,351,128.7,109,149,29.64,4309.41,1.41750358680057,1.41879652462492,127.244117647059,1.93422160966475,0.0152008725073623
8,1526,"2ch_WT_001_pos005.tif",142.28,5218.11,1098,354,126.5,109,148,33.28,5070.11,1.59158297465328,1.66924345733315,127.244117647059,1.93422160966475,0.0152008725073623
9,1526,"2ch_WT_001_pos005.tif",146.65,5326.83,1096,354,127.05,109,150,37.65,5176.83,1.80057388809182,1.70437911746017,127.244117647059,1.93422160966475,0.0152008725073623
10,1526,"2ch_WT_001_pos005.tif",143.68,5419.36,1100,352,123.75,110,170,33.68,5249.36,1.61071257771401,1.72825832875152,127.244117647059,1.93422160966475,0.0152008725073623
11,1526,"2ch_WT_001_pos005.tif",144.51,5447.12,1101,352,124.3,111,197,33.51,5250.12,1.6025824964132,1.72850854522169,127.244117647059,1.93422160966475,0.0152008725073623
12,1526,"2ch_WT_001_pos005.tif",144.91,5510.24,1098,350,125.95,113,239,31.91,5271.24,1.52606408417025,1.73546192923483,127.244117647059,1.93422160966475,0.0152008725073623
13,1526,"2ch_WT_001_pos005.tif",143.42,4851.21,1099,350,127.6,112,201,31.42,4650.21,1.50263032042085,1.53099885756427,127.244117647059,1.93422160966475,0.0152008725073623
14,1526,"2ch_WT_001_pos005.tif",142.27,4605.92,1097,349,128.15,113,209,29.27,4396.92,1.39980870396939,1.4476076342362,127.244117647059,1.93422160966475,0.0152008725073623
15,1526,"2ch_WT_001_pos005.tif",147.06,4794.32,1098,348,128.7,112,197,35.06,4597.32,1.67670970827355,1.51358576663363,127.244117647059,1.93422160966475,0.0152008725073623
16,1526,"2ch_WT_001_pos005.tif",148.01,4564.62,1097,347,129.25,113,186.7,35.01,4377.92,1.67431850789096,1.44135222248195,127.244117647059,1.93422160966475,0.0152008725073623
0,1527,"2ch_WT_001_pos005.tif",223.35,4594.25,532,769,119.9,107,137,116.35,4457.25,1,1,120.838235294118,0.796188068973948,0.00658887534261025
1,1527,"2ch_WT_001_pos005.tif",211.81,4340.28,530,768,120.45,108,139,103.81,4201.28,0.892221744735711,0.942572213808963,120.838235294118,0.796188068973948,0.00658887534261025
2,1527,"2ch_WT_001_pos005.tif",202.2,4119.09,531,767,121,108,144,94.2,3975.09,0.809626128061882,0.891825677267373,120.838235294118,0.796188068973948,0.00658887534261025
3,1527,"2ch_WT_001_pos005.tif",195.02,4150.67,531,766,121,108,153,87.02,3997.67,0.747915771379459,0.896891581131864,120.838235294118,0.796188068973948,0.00658887534261025
4,1527,"2ch_WT_001_pos005.tif",187.01,3936.65,531,764,122.1,108,149,79.01,3787.65,0.679071766222604,0.84977284199899,120.838235294118,0.796188068973948,0.00658887534261025
5,1527,"2ch_WT_001_pos005.tif",188.54,4007.94,531,763,122.1,109,150,79.54,3857.94,0.683626987537602,0.865542655224634,120.838235294118,0.796188068973948,0.00658887534261025
6,1527,"2ch_WT_001_pos005.tif",204.8,4633.23,531,763,119.9,109,147,95.8,4486.23,0.823377739578857,1.00650176678445,120.838235294118,0.796188068973948,0.00658887534261025
7,1527,"2ch_WT_001_pos005.tif",202.65,4803.04,530,761,119.9,109,149,93.65,4654.04,0.804899011602922,1.04415054125301,120.838235294118,0.796188068973948,0.00658887534261025
8,1527,"2ch_WT_001_pos005.tif",197.25,4619.29,530,760,120.45,109,148,88.25,4471.29,0.758487322733133,1.00314992428067,120.838235294118,0.796188068973948,0.00658887534261025
9,1527,"2ch_WT_001_pos005.tif",204.2,4843.27,532,759,119.9,109,150,95.2,4693.27,0.818220885259991,1.05295193224522,120.838235294118,0.796188068973948,0.00658887534261025
10,1527,"2ch_WT_001_pos005.tif",205.79,4576.19,531,758,120.45,110,170,95.79,4406.19,0.823291792006876,0.988544506141679,120.838235294118,0.796188068973948,0.00658887534261025
11,1527,"2ch_WT_001_pos005.tif",210.69,4193.91,532,758,121,111,197,99.69,3996.91,0.856811345079502,0.896721072410118,120.838235294118,0.796188068973948,0.00658887534261025
12,1527,"2ch_WT_001_pos005.tif",202.43,4692.69,531,756,120.45,113,239,89.43,4453.69,0.768629136226902,0.999201301250771,120.838235294118,0.796188068973948,0.00658887534261025
13,1527,"2ch_WT_001_pos005.tif",203.88,4630.32,532,756,120.45,112,201,91.88,4429.32,0.789686291362269,0.993733804475854,120.838235294118,0.796188068973948,0.00658887534261025
14,1527,"2ch_WT_001_pos005.tif",199.38,4292.72,531,755,121.55,113,209,86.38,4083.72,0.742415126772669,0.916197206797914,120.838235294118,0.796188068973948,0.00658887534261025
15,1527,"2ch_WT_001_pos005.tif",200.42,4293.2,531,755,121.55,112,197,88.42,4096.2,0.759948431456811,0.918997139491839,120.838235294118,0.796188068973948,0.00658887534261025
16,1527,"2ch_WT_001_pos005.tif",209.98,3987.49,532,754,122.1,113,186.7,96.98,3800.79,0.833519553072626,0.852720848056537,120.838235294118,0.796188068973948,0.00658887534261025
0,1531,"2ch_WT_001_pos006.tif",234.2,4771.81,506,941,115.5,105,145,129.2,4626.81,1,1,114.561764705882,0.42445899822771,0.00370506686342896
1,1531,"2ch_WT_001_pos006.tif",250.4,5017.95,505,939,114.95,105,139,145.4,4878.95,1.12538699690402,1.05449542989662,114.561764705882,0.42445899822771,0.00370506686342896
2,1531,"2ch_WT_001_pos006.tif",264.77,5589.93,505,936,113.85,105,136,159.77,5453.93,1.23660990712074,1.17876679612951,114.561764705882,0.42445899822771,0.00370506686342896
3,1531,"2ch_WT_001_pos006.tif",245.78,5222.26,505,935,114.4,105,145,140.78,5077.26,1.08962848297214,1.09735649399911,114.561764705882,0.42445899822771,0.00370506686342896
4,1531,"2ch_WT_001_pos006.tif",247.27,5204.34,505,933,114.4,106,150,141.27,5054.34,1.09342105263158,1.09240275697511,114.561764705882,0.42445899822771,0.00370506686342896
5,1531,"2ch_WT_001_pos006.tif",245.49,5200.06,505,933,114.95,105,150,140.49,5050.06,1.08738390092879,1.09147771358668,114.561764705882,0.42445899822771,0.00370506686342896
6,1531,"2ch_WT_001_pos006.tif",238.49,4968.52,505,933,114.4,106,156,132.49,4812.52,1.02546439628483,1.04013780552908,114.561764705882,0.42445899822771,0.00370506686342896
7,1531,"2ch_WT_001_pos006.tif",242.68,4917.94,505,930,114.4,106,150,136.68,4767.94,1.05789473684211,1.03050265733843,114.561764705882,0.42445899822771,0.00370506686342896
8,1531,"2ch_WT_001_pos006.tif",231.01,4570.23,505,929,114.4,106,152,125.01,4418.23,0.967569659442724,0.954919264028564,114.561764705882,0.42445899822771,0.00370506686342896
9,1531,"2ch_WT_001_pos006.tif",232.17,4660.67,506,928,114.4,106,154,126.17,4506.67,0.976547987616099,0.974033945634249,114.561764705882,0.42445899822771,0.00370506686342896
10,1531,"2ch_WT_001_pos006.tif",251.38,5281.03,505,932,113.85,106,153,145.38,5128.03,1.12523219814241,1.10832949699685,114.561764705882,0.42445899822771,0.00370506686342896
11,1531,"2ch_WT_001_pos006.tif",236.27,4718.74,506,926,114.4,107,174,129.27,4544.74,1.00054179566563,0.982262076895312,114.561764705882,0.42445899822771,0.00370506686342896
12,1531,"2ch_WT_001_pos006.tif",241.12,4839.26,505,925,114.95,107,173,134.12,4666.26,1.03808049535604,1.00852639291434,114.561764705882,0.42445899822771,0.00370506686342896
13,1531,"2ch_WT_001_pos006.tif",241.59,4883.56,506,924,114.4,107,177,134.59,4706.56,1.04171826625387,1.01723649771657,114.561764705882,0.42445899822771,0.00370506686342896
14,1531,"2ch_WT_001_pos006.tif",240.42,4816.83,505,924,114.95,107,190,133.42,4626.83,1.03266253869969,1.00000432263266,114.561764705882,0.42445899822771,0.00370506686342896
15,1531,"2ch_WT_001_pos006.tif",246.31,4886.46,506,923,114.4,107,186,139.31,4700.46,1.07825077399381,1.01591809475643,114.561764705882,0.42445899822771,0.00370506686342896
16,1531,"2ch_WT_001_pos006.tif",247.15,4963.36,506,923,114.95,108,207,139.15,4756.36,1.07701238390093,1.02799985303049,114.561764705882,0.42445899822771,0.00370506686342896
0,1532,"2ch_WT_001_pos006.tif",126.63,4405.01,1074,770,94.6,105,145,21.63,4260.01,1,1,95.5382352941177,0.607641293179183,0.00636018962783371
1,1532,"2ch_WT_001_pos006.tif",127.87,3802.28,1072,768,96.25,105,139,22.87,3663.28,1.05732778548313,0.859922864030836,95.5382352941177,0.607641293179183,0.00636018962783371
2,1532,"2ch_WT_001_pos006.tif",128.64,3876.09,1073,767,96.25,105,136,23.64,3740.09,1.09292649098474,0.877953338137704,95.5382352941177,0.607641293179183,0.00636018962783371
3,1532,"2ch_WT_001_pos006.tif",130.53,4075.22,1072,765,96.25,105,145,25.53,3930.22,1.18030513176144,0.922584688768336,95.5382352941177,0.607641293179183,0.00636018962783371
4,1532,"2ch_WT_001_pos006.tif",130.72,4237.6,1072,764,95.7,106,150,24.72,4087.6,1.14285714285714,0.95952826401816,95.5382352941177,0.607641293179183,0.00636018962783371
5,1532,"2ch_WT_001_pos006.tif",131.54,4023.06,1073,763,96.8,105,150,26.54,3873.06,1.22699953767915,0.909166879889953,95.5382352941177,0.607641293179183,0.00636018962783371
6,1532,"2ch_WT_001_pos006.tif",136.39,4489.1,1073,762,95.7,106,156,30.39,4333.1,1.40499306518724,1.0171572367201,95.5382352941177,0.607641293179183,0.00636018962783371
7,1532,"2ch_WT_001_pos006.tif",132.27,4177.59,1072,762,95.15,106,150,26.27,4027.59,1.21451687471105,0.945441442625721,95.5382352941177,0.607641293179183,0.00636018962783371
8,1532,"2ch_WT_001_pos006.tif",132.88,4199.74,1072,760,95.15,106,152,26.88,4047.74,1.24271844660194,0.950171478470708,95.5382352941177,0.607641293179183,0.00636018962783371
9,1532,"2ch_WT_001_pos006.tif",134.25,4166.43,1073,759,95.15,106,154,28.25,4012.43,1.30605640314378,0.941882765533414,95.5382352941177,0.607641293179183,0.00636018962783371
10,1532,"2ch_WT_001_pos006.tif",136.5,4561.1,1073,763,94.6,106,153,30.5,4408.1,1.41007859454461,1.03476282919524,95.5382352941177,0.607641293179183,0.00636018962783371
11,1532,"2ch_WT_001_pos006.tif",136.08,4148.21,1073,758,95.15,107,174,29.08,3974.21,1.34442903374942,0.932910955608085,95.5382352941177,0.607641293179183,0.00636018962783371
12,1532,"2ch_WT_001_pos006.tif",137.77,4240.75,1073,756,95.15,107,173,30.77,4067.75,1.42256125751271,0.954868650543074,95.5382352941177,0.607641293179183,0.00636018962783371
13,1532,"2ch_WT_001_pos006.tif",138.72,4290.21,1074,755,95.15,107,177,31.72,4113.21,1.4664817383264,0.965539986995336,95.5382352941177,0.607641293179183,0.00636018962783371
14,1532,"2ch_WT_001_pos006.tif",142.46,4345.96,1074,755,95.7,107,190,35.46,4155.96,1.63938973647712,0.975575174706163,95.5382352941177,0.607641293179183,0.00636018962783371
15,1532,"2ch_WT_001_pos006.tif",143.15,4327.14,1074,755,95.7,107,186,36.15,4141.14,1.67128987517337,0.972096309633076,95.5382352941177,0.607641293179183,0.00636018962783371
16,1532,"2ch_WT_001_pos006.tif",142.92,4298.71,1074,754,95.7,108,207,34.92,4091.71,1.61442441054092,0.960493050485797,95.5382352941177,0.607641293179183,0.00636018962783371
0,1533,"2ch_WT_001_pos006.tif",240.19,4640.31,1115,343,67.1,105,145,135.19,4495.31,1,1,67.9088235294118,1.13581403821742,0.0167255737794587
1,1533,"2ch_WT_001_pos006.tif",237.36,4465.84,1115,340,68.2,105,139,132.36,4326.84,0.979066499001406,0.962523163029913,67.9088235294118,1.13581403821742,0.0167255737794587
2,1533,"2ch_WT_001_pos006.tif",228.64,4490.9,1113,338,66.55,105,136,123.64,4354.9,0.914564686737185,0.968765224200333,67.9088235294118,1.13581403821742,0.0167255737794587
3,1533,"2ch_WT_001_pos006.tif",236.72,4473.51,1114,338,68.2,105,145,131.72,4328.51,0.974332421037059,0.962894661324803,67.9088235294118,1.13581403821742,0.0167255737794587
4,1533,"2ch_WT_001_pos006.tif",235.04,4594.55,1114,337,68.75,106,150,129.04,4444.55,0.954508469561358,0.988708231467908,67.9088235294118,1.13581403821742,0.0167255737794587
5,1533,"2ch_WT_001_pos006.tif",235.93,4461.65,1115,337,69.3,105,150,130.93,4311.65,0.968488793549819,0.9591440857249,67.9088235294118,1.13581403821742,0.0167255737794587
6,1533,"2ch_WT_001_pos006.tif",235.94,4478.42,1115,335,69.3,106,156,129.94,4322.42,0.96116576669872,0.961539916045834,67.9088235294118,1.13581403821742,0.0167255737794587
7,1533,"2ch_WT_001_pos006.tif",233.75,4501.5,1114,333,69.85,106,150,127.75,4351.5,0.944966343664472,0.968008880366426,67.9088235294118,1.13581403821742,0.0167255737794587
8,1533,"2ch_WT_001_pos006.tif",233.33,4427.81,1114,332,69.85,106,152,127.33,4275.81,0.94185960500037,0.951171331899246,67.9088235294118,1.13581403821742,0.0167255737794587
9,1533,"2ch_WT_001_pos006.tif",239.45,4792.47,1115,332,67.1,106,154,133.45,4638.47,0.987129225534433,1.03184652448886,67.9088235294118,1.13581403821742,0.0167255737794587
10,1533,"2ch_WT_001_pos006.tif",243.12,4786.1,1115,336,67.1,106,153,137.12,4633.1,1.01427620386123,1.03065194613942,67.9088235294118,1.13581403821742,0.0167255737794587
11,1533,"2ch_WT_001_pos006.tif",248.69,4843.31,1115,330,66.55,107,174,141.69,4669.31,1.04808047932539,1.03870700797053,67.9088235294118,1.13581403821742,0.0167255737794587
12,1533,"2ch_WT_001_pos006.tif",246.31,4898.01,1115,329,67.1,107,173,139.31,4725.01,1.03047562689548,1.05109769960247,67.9088235294118,1.13581403821742,0.0167255737794587
13,1533,"2ch_WT_001_pos006.tif",249.47,4858.1,1115,328,67.65,107,177,142.47,4681.1,1.05385013684444,1.04132974144164,67.9088235294118,1.13581403821742,0.0167255737794587
14,1533,"2ch_WT_001_pos006.tif",242.89,4710.62,1115,327,67.65,107,190,135.89,4520.62,1.0051778977735,1.00563031248123,67.9088235294118,1.13581403821742,0.0167255737794587
15,1533,"2ch_WT_001_pos006.tif",242.75,4756.6,1114,327,66.55,107,186,135.75,4570.6,1.0041423182188,1.01674856683966,67.9088235294118,1.13581403821742,0.0167255737794587
16,1533,"2ch_WT_001_pos006.tif",247.37,4725.05,1115,326,67.65,108,207,139.37,4518.05,1.03091944670464,1.00505860552442,67.9088235294118,1.13581403821742,0.0167255737794587
0,1538,"2ch_WT_001_pos007.tif",117.79,3435.97,278,842,100.1,103,140,14.79,3295.97,1,1,98.4176470588235,0.629221040372186,0.0063933761797425
1,1538,"2ch_WT_001_pos007.tif",120.26,3952.64,276,841,98.45,103,162,17.26,3790.64,1.16700473292765,1.15008328352503,98.4176470588235,0.629221040372186,0.0063933761797425
2,1538,"2ch_WT_001_pos007.tif",122.88,4120.66,277,842,97.9,102,154,20.88,3966.66,1.41176470588235,1.20348789582429,98.4176470588235,0.629221040372186,0.0063933761797425
3,1538,"2ch_WT_001_pos007.tif",122.26,4108,275,839,97.35,103,155,19.26,3953,1.30223123732252,1.19934344062598,98.4176470588235,0.629221040372186,0.0063933761797425
4,1538,"2ch_WT_001_pos007.tif",121.75,4073.28,275,839,97.9,103,152,18.75,3921.28,1.26774847870182,1.18971956662227,98.4176470588235,0.629221040372186,0.0063933761797425
5,1538,"2ch_WT_001_pos007.tif",123.61,4232.86,276,836,97.9,103,158,20.61,4074.86,1.39350912778905,1.23631586452547,98.4176470588235,0.629221040372186,0.0063933761797425
6,1538,"2ch_WT_001_pos007.tif",122,4079.2,276,836,97.9,103,160,19,3919.2,1.28465179175118,1.18908849291711,98.4176470588235,0.629221040372186,0.0063933761797425
7,1538,"2ch_WT_001_pos007.tif",120.96,3868.36,275,834,98.45,103,155,17.96,3713.36,1.21433400946585,1.12663646817174,98.4176470588235,0.629221040372186,0.0063933761797425
8,1538,"2ch_WT_001_pos007.tif",124.14,4308.82,276,833,97.9,103,151,21.14,4157.82,1.42934415145368,1.26148599653516,98.4176470588235,0.629221040372186,0.0063933761797425
9,1538,"2ch_WT_001_pos007.tif",121.68,3848.35,275,833,98.45,103,155,18.68,3693.35,1.26301555104801,1.12056541776776,98.4176470588235,0.629221040372186,0.0063933761797425
10,1538,"2ch_WT_001_pos007.tif",121.19,3461.89,276,832,99,103,159,18.19,3302.89,1.22988505747126,1.00209953367294,98.4176470588235,0.629221040372186,0.0063933761797425
11,1538,"2ch_WT_001_pos007.tif",121.45,3406.75,276,832,99,103,158,18.45,3248.75,1.2474645030426,0.985673413289563,98.4176470588235,0.629221040372186,0.0063933761797425
12,1538,"2ch_WT_001_pos007.tif",124.89,3880,276,830,98.45,104,173,20.89,3707,1.41244083840433,1.12470683895788,98.4176470588235,0.629221040372186,0.0063933761797425
13,1538,"2ch_WT_001_pos007.tif",122.5,3745.45,277,830,98.45,103,178,19.5,3567.45,1.3184584178499,1.08236725455632,98.4176470588235,0.629221040372186,0.0063933761797425
14,1538,"2ch_WT_001_pos007.tif",121.61,3412.45,276,829,99,103,155,18.61,3257.45,1.25828262339418,0.988313000421727,98.4176470588235,0.629221040372186,0.0063933761797425
15,1538,"2ch_WT_001_pos007.tif",125.56,3755.86,276,829,98.45,104,159,21.56,3596.86,1.45774171737661,1.09129027266632,98.4176470588235,0.629221040372186,0.0063933761797425
16,1538,"2ch_WT_001_pos007.tif",127.62,3767.59,277,828,98.45,104,164.7,23.62,3602.89,1.59702501690331,1.09311977960964,98.4176470588235,0.629221040372186,0.0063933761797425
0,1540,"2ch_WT_001_pos007.tif",136.46,4140.56,950,783,78.1,103,140,33.46,4000.56,1,1,77.8411764705882,1.24690056917613,0.0160185216322786
1,1540,"2ch_WT_001_pos007.tif",135.52,3967.09,950,780,79.2,103,162,32.52,3805.09,0.971906754333533,0.951139340492331,77.8411764705882,1.24690056917613,0.0160185216322786
2,1540,"2ch_WT_001_pos007.tif",136.87,4066.68,949,780,79.75,102,154,34.87,3912.68,1.0421398684997,0.978033075369448,77.8411764705882,1.24690056917613,0.0160185216322786
3,1540,"2ch_WT_001_pos007.tif",141.88,3779.39,949,778,80.3,103,155,38.88,3624.39,1.16198445905559,0.905970664107025,77.8411764705882,1.24690056917613,0.0160185216322786
4,1540,"2ch_WT_001_pos007.tif",141.38,3777.99,949,778,80.3,103,152,38.38,3625.99,1.14704124327555,0.906370608114864,77.8411764705882,1.24690056917613,0.0160185216322786
5,1540,"2ch_WT_001_pos007.tif",139.99,4126.5,950,776,78.1,103,158,36.99,3968.5,1.10549910340705,0.991986121942928,77.8411764705882,1.24690056917613,0.0160185216322786
6,1540,"2ch_WT_001_pos007.tif",146.12,4415.93,949,775,77.55,103,160,43.12,4255.93,1.28870292887029,1.06383356330114,77.8411764705882,1.24690056917613,0.0160185216322786
7,1540,"2ch_WT_001_pos007.tif",142.97,4363.7,949,775,77,103,155,39.97,4208.7,1.19456066945607,1.05202771611974,77.8411764705882,1.24690056917613,0.0160185216322786
8,1540,"2ch_WT_001_pos007.tif",141.93,4384.18,949,773,77,103,151,38.93,4233.18,1.16347878063359,1.05814685943968,77.8411764705882,1.24690056917613,0.0160185216322786
9,1540,"2ch_WT_001_pos007.tif",147.61,4303.63,949,773,77,103,155,44.61,4148.63,1.3332337118948,1.03701231827544,77.8411764705882,1.24690056917613,0.0160185216322786
10,1540,"2ch_WT_001_pos007.tif",139.62,4262,949,772,77,103,159,36.62,4103,1.09444112372983,1.02560641510189,77.8411764705882,1.24690056917613,0.0160185216322786
11,1540,"2ch_WT_001_pos007.tif",141.85,4305.7,949,771,77,103,158,38.85,4147.7,1.16108786610879,1.03677985082088,77.8411764705882,1.24690056917613,0.0160185216322786
12,1540,"2ch_WT_001_pos007.tif",149.78,4311.09,949,769,77,104,173,45.78,4138.09,1.36820083682008,1.0343776871238,77.8411764705882,1.24690056917613,0.0160185216322786
13,1540,"2ch_WT_001_pos007.tif",146.18,4355.27,949,769,77,103,178,43.18,4177.27,1.2904961147639,1.04417131601576,77.8411764705882,1.24690056917613,0.0160185216322786
14,1540,"2ch_WT_001_pos007.tif",140.57,4237.13,949,769,77,103,155,37.57,4082.13,1.12283323371189,1.02038964544964,77.8411764705882,1.24690056917613,0.0160185216322786
15,1540,"2ch_WT_001_pos007.tif",143.91,4242.7,950,768,77,104,159,39.91,4083.7,1.19276748356246,1.02078209050733,77.8411764705882,1.24690056917613,0.0160185216322786
16,1540,"2ch_WT_001_pos007.tif",145.32,4244.54,950,767,77,104,164.7,41.32,4079.84,1.23490735206216,1.01981722558842,77.8411764705882,1.24690056917613,0.0160185216322786
0,1551,"2ch_WT_001_pos008.tif",123.98,3723.87,1212,799,103.95,103,184,20.98,3539.87,1,1,100.747058823529,1.52166341837593,0.0151037999138149
1,1551,"2ch_WT_001_pos008.tif",125,3887.32,1211,800,101.2,103,201,22,3686.32,1.04861773117255,1.04137157579233,100.747058823529,1.52166341837593,0.0151037999138149
2,1551,"2ch_WT_001_pos008.tif",124.74,3779.51,1209,798,101.2,102,169,22.74,3610.51,1.0838894184938,1.01995553509027,100.747058823529,1.52166341837593,0.0151037999138149
3,1551,"2ch_WT_001_pos008.tif",127.07,4315.73,1209,797,100.65,103,165,24.07,4150.73,1.14728312678742,1.17256565919087,100.747058823529,1.52166341837593,0.0151037999138149
4,1551,"2ch_WT_001_pos008.tif",126.77,4218.71,1209,798,100.65,103,175,23.77,4043.71,1.13298379408961,1.14233291053061,100.747058823529,1.52166341837593,0.0151037999138149
5,1551,"2ch_WT_001_pos008.tif",128.03,4331.89,1208,795,100.65,103,177,25.03,4154.89,1.1930409914204,1.1737408435903,100.747058823529,1.52166341837593,0.0151037999138149
6,1551,"2ch_WT_001_pos008.tif",126.95,4223.86,1209,794,100.65,103,179,23.95,4044.86,1.14156339370829,1.14265778121795,100.747058823529,1.52166341837593,0.0151037999138149
7,1551,"2ch_WT_001_pos008.tif",127.56,3804.18,1209,793,101.2,104,169,23.56,3635.18,1.12297426120114,1.02692471757437,100.747058823529,1.52166341837593,0.0151037999138149
8,1551,"2ch_WT_001_pos008.tif",124.87,3664.13,1209,792,101.2,104,178,20.87,3486.13,0.994756911344137,0.984818651532401,100.747058823529,1.52166341837593,0.0151037999138149
9,1551,"2ch_WT_001_pos008.tif",125.26,3705.97,1210,790,101.2,104,177,21.26,3528.97,1.01334604385129,0.996920790876501,100.747058823529,1.52166341837593,0.0151037999138149
10,1551,"2ch_WT_001_pos008.tif",128.08,4263.22,1209,790,100.65,103,181,25.08,4082.22,1.1954242135367,1.15321184111281,100.747058823529,1.52166341837593,0.0151037999138149
11,1551,"2ch_WT_001_pos008.tif",126.33,3750.96,1210,790,101.2,103,189,23.33,3561.96,1.11201143946616,1.00624034215946,100.747058823529,1.52166341837593,0.0151037999138149
12,1551,"2ch_WT_001_pos008.tif",133.73,4397.98,1210,788,100.65,103,186,30.73,4211.98,1.46472831267874,1.18986855449494,100.747058823529,1.52166341837593,0.0151037999138149
13,1551,"2ch_WT_001_pos008.tif",128.92,3909.18,1210,793,100.65,103,180,25.92,3729.18,1.23546234509056,1.05347936506143,100.747058823529,1.52166341837593,0.0151037999138149
14,1551,"2ch_WT_001_pos008.tif",131.62,4404.81,1209,788,100.65,104,184,27.62,4220.81,1.3164918970448,1.19236299638122,100.747058823529,1.52166341837593,0.0151037999138149
15,1551,"2ch_WT_001_pos008.tif",132.42,4246.73,1209,787,100.65,104,181,28.42,4065.73,1.35462345090562,1.14855347795258,100.747058823529,1.52166341837593,0.0151037999138149
16,1551,"2ch_WT_001_pos008.tif",135.91,5408.41,1216,786,95.7,104,274.7,31.91,5133.71,1.52097235462345,1.4502538228805,100.747058823529,1.52166341837593,0.0151037999138149
0,1553,"2ch_WT_001_pos008.tif",146.07,4201.2,482,675,77,103,184,43.07,4017.2,1,1,76.0617647058824,1.02462331672497,0.0134709380026483
1,1553,"2ch_WT_001_pos008.tif",143.63,4222.13,482,673,78.1,103,201,40.63,4021.13,0.943348038077548,1.00097829333864,76.0617647058824,1.02462331672497,0.0134709380026483
2,1553,"2ch_WT_001_pos008.tif",143.27,4231.17,482,672,77,102,169,41.27,4062.17,0.958207569073601,1.01119436423379,76.0617647058824,1.02462331672497,0.0134709380026483
3,1553,"2ch_WT_001_pos008.tif",147.41,4579.89,481,671,76.45,103,165,44.41,4414.89,1.03111214302299,1.09899681370109,76.0617647058824,1.02462331672497,0.0134709380026483
4,1553,"2ch_WT_001_pos008.tif",145.3,4881.05,481,671,75.9,103,175,42.3,4706.05,0.982122126770374,1.17147515682565,76.0617647058824,1.02462331672497,0.0134709380026483
5,1553,"2ch_WT_001_pos008.tif",148.33,5369.04,480,670,76.45,103,177,45.33,5192.04,1.05247271882981,1.29245245444588,76.0617647058824,1.02462331672497,0.0134709380026483
6,1553,"2ch_WT_001_pos008.tif",148.17,5467.96,479,670,76.45,103,179,45.17,5288.96,1.0487578360808,1.31657871154038,76.0617647058824,1.02462331672497,0.0134709380026483
7,1553,"2ch_WT_001_pos008.tif",150.65,6082.59,478,669,76.45,104,169,46.65,5913.59,1.08312050150917,1.4720676092801,76.0617647058824,1.02462331672497,0.0134709380026483
8,1553,"2ch_WT_001_pos008.tif",149.19,5533,479,668,76.45,104,178,45.19,5355,1.04922219642443,1.33301802250324,76.0617647058824,1.02462331672497,0.0134709380026483
9,1553,"2ch_WT_001_pos008.tif",155.89,6254.79,479,667,76.45,104,177,51.89,6077.79,1.20478291153935,1.51294185004481,76.0617647058824,1.02462331672497,0.0134709380026483
10,1553,"2ch_WT_001_pos008.tif",153.44,6120.78,480,666,75.9,103,181,50.44,5939.78,1.17111678662642,1.47858707557503,76.0617647058824,1.02462331672497,0.0134709380026483
11,1553,"2ch_WT_001_pos008.tif",148.81,5543.83,480,666,75.9,103,189,45.81,5354.83,1.06361736707685,1.33297570447078,76.0617647058824,1.02462331672497,0.0134709380026483
12,1553,"2ch_WT_001_pos008.tif",148.28,5608.77,481,664,74.25,103,186,45.28,5422.77,1.05131181797075,1.34988798167878,76.0617647058824,1.02462331672497,0.0134709380026483
13,1553,"2ch_WT_001_pos008.tif",152.55,6019.93,479,665,75.35,103,180,49.55,5839.93,1.15045275133504,1.4537314547446,76.0617647058824,1.02462331672497,0.0134709380026483
14,1553,"2ch_WT_001_pos008.tif",154.07,5945.53,480,664,75.9,104,184,50.07,5761.53,1.16252612026933,1.43421537389226,76.0617647058824,1.02462331672497,0.0134709380026483
15,1553,"2ch_WT_001_pos008.tif",147.73,5321.29,480,662,75.35,104,181,43.73,5140.29,1.01532389133968,1.27957034750573,76.0617647058824,1.02462331672497,0.0134709380026483
16,1553,"2ch_WT_001_pos008.tif",153.66,5602.3,482,661,73.7,104,274.7,49.66,5327.6,1.15300673322498,1.32619735138903,76.0617647058824,1.02462331672497,0.0134709380026483
0,1565,"2ch_WT_001_pos009.tif",164.43,3510.95,1278,611,81.4,107,144,57.43,3366.95,1,1,79.2323529411765,1.48691597531503,0.0187665255431572
1,1565,"2ch_WT_001_pos009.tif",170.84,3602.8,1277,610,80.3,109,155,61.84,3447.8,1.07678913459864,1.02401283060337,79.2323529411765,1.48691597531503,0.0187665255431572
2,1565,"2ch_WT_001_pos009.tif",180.24,3959.6,1277,609,79.75,108,167,72.24,3792.6,1.25787915723489,1.12642005375785,79.2323529411765,1.48691597531503,0.0187665255431572
3,1565,"2ch_WT_001_pos009.tif",174.96,3991.48,1278,608,79.75,109,167,65.96,3824.48,1.14852864356608,1.13588856383374,79.2323529411765,1.48691597531503,0.0187665255431572
4,1565,"2ch_WT_001_pos009.tif",163.11,3731.29,1286,608,75.9,110,170,53.11,3561.29,0.924777990597249,1.05771989486033,79.2323529411765,1.48691597531503,0.0187665255431572
5,1565,"2ch_WT_001_pos009.tif",172.31,3906.56,1279,607,79.2,110,161,62.31,3745.56,1.08497301062163,1.11244895231589,79.2323529411765,1.48691597531503,0.0187665255431572
6,1565,"2ch_WT_001_pos009.tif",171.75,3954.87,1279,605,79.2,110,166,61.75,3788.87,1.07522200940275,1.12531222619879,79.2323529411765,1.48691597531503,0.0187665255431572
7,1565,"2ch_WT_001_pos009.tif",179.09,3997.69,1279,604,79.2,109.7,166,69.39,3831.69,1.20825352603169,1.13802996777499,79.2323529411765,1.48691597531503,0.0187665255431572
8,1565,"2ch_WT_001_pos009.tif",172.78,3907.82,1279,603,79.2,110,170,62.78,3737.82,1.09315688664461,1.11015013587965,79.2323529411765,1.48691597531503,0.0187665255431572
9,1565,"2ch_WT_001_pos009.tif",160.84,3236.84,1290,602,75.35,111,171,49.84,3065.84,0.867839108479889,0.910568912517263,79.2323529411765,1.48691597531503,0.0187665255431572
10,1565,"2ch_WT_001_pos009.tif",176.11,3849.42,1280,601,79.2,111,174,65.11,3675.42,1.133728016716,1.09161704213012,79.2323529411765,1.48691597531503,0.0187665255431572
11,1565,"2ch_WT_001_pos009.tif",179.92,3942.78,1279,601,79.75,111,163,68.92,3779.78,1.20006965000871,1.12261245340739,79.2323529411765,1.48691597531503,0.0187665255431572
12,1565,"2ch_WT_001_pos009.tif",178.66,3925.71,1280,600,79.2,112,168,66.66,3757.71,1.16071739508967,1.11605755951232,79.2323529411765,1.48691597531503,0.0187665255431572
13,1565,"2ch_WT_001_pos009.tif",187.63,3930.76,1280,599,79.2,115,181,72.63,3749.76,1.26467003308375,1.1136963720875,79.2323529411765,1.48691597531503,0.0187665255431572
14,1565,"2ch_WT_001_pos009.tif",189.6,3986.8,1280,598,79.75,115,181,74.6,3805.8,1.29897266237158,1.13034051589718,79.2323529411765,1.48691597531503,0.0187665255431572
15,1565,"2ch_WT_001_pos009.tif",203.15,3816.03,1281,598,80.3,114,175,89.15,3641.03,1.55232456904057,1.08140305023835,79.2323529411765,1.48691597531503,0.0187665255431572
16,1565,"2ch_WT_001_pos009.tif",201.83,3776.76,1281,596,80.3,113,170,88.83,3606.76,1.54675256834407,1.07122469891148,79.2323529411765,1.48691597531503,0.0187665255431572
0,1574,"2ch_WT_001_pos010.tif",332.59,5906.87,976,476,77.55,107,142,225.59,5764.87,1,1,76.9029411764706,0.759002344412406,0.00986961399396559
1,1574,"2ch_WT_001_pos010.tif",313.17,6014.92,976,475,77.55,107,154,206.17,5860.92,0.913914623875172,1.016661260358,76.9029411764706,0.759002344412406,0.00986961399396559
2,1574,"2ch_WT_001_pos010.tif",304.39,5802.19,976,475,78.1,109,152,195.39,5650.19,0.866128817766745,0.980107096951015,76.9029411764706,0.759002344412406,0.00986961399396559
3,1574,"2ch_WT_001_pos010.tif",303.19,5749.8,975,473,78.65,109,148,194.19,5601.8,0.860809433042245,0.971713152248013,76.9029411764706,0.759002344412406,0.00986961399396559
4,1574,"2ch_WT_001_pos010.tif",324.49,6457.31,975,472,76.45,110,158,214.49,6299.31,0.950795691298373,1.09270634029909,76.9029411764706,0.759002344412406,0.00986961399396559
5,1574,"2ch_WT_001_pos010.tif",313.82,6073.34,976,471,77,111,170,202.82,5903.34,0.899064674852609,1.02401962229851,76.9029411764706,0.759002344412406,0.00986961399396559
6,1574,"2ch_WT_001_pos010.tif",310.76,6084.76,976,470,77,110,161,200.76,5923.76,0.889933064408883,1.02756176635379,76.9029411764706,0.759002344412406,0.00986961399396559
7,1574,"2ch_WT_001_pos010.tif",314.93,6056.7,976,469,77,111,161,203.93,5895.7,0.903985105722772,1.02269435390564,76.9029411764706,0.759002344412406,0.00986961399396559
8,1574,"2ch_WT_001_pos010.tif",321,6387.95,976,468,76.45,111,146,210,6241.95,0.930892326787535,1.08275641948561,76.9029411764706,0.759002344412406,0.00986961399396559
9,1574,"2ch_WT_001_pos010.tif",330.92,6503.74,976,467,76.45,112,146,218.92,6357.74,0.970433086572987,1.10284186807335,76.9029411764706,0.759002344412406,0.00986961399396559
10,1574,"2ch_WT_001_pos010.tif",326.31,6392.31,976,466,76.45,112,145,214.31,6247.31,0.949997783589698,1.08368618893401,76.9029411764706,0.759002344412406,0.00986961399396559
11,1574,"2ch_WT_001_pos010.tif",325.22,6065.86,977,466,77,113,147,212.22,5918.86,0.94073318852786,1.02671179055209,76.9029411764706,0.759002344412406,0.00986961399396559
12,1574,"2ch_WT_001_pos010.tif",318.97,6079.15,977,465,77,114,148,204.97,5931.15,0.908595239150672,1.02884366863433,76.9029411764706,0.759002344412406,0.00986961399396559
13,1574,"2ch_WT_001_pos010.tif",336.93,6439.18,976,464,76.45,114,158,222.93,6281.18,0.988208697194025,1.08956142983276,76.9029411764706,0.759002344412406,0.00986961399396559
14,1574,"2ch_WT_001_pos010.tif",331.49,6416.36,977,463,76.45,115,172,216.49,6244.36,0.959661332505874,1.08317446880849,76.9029411764706,0.759002344412406,0.00986961399396559
15,1574,"2ch_WT_001_pos010.tif",336.58,6483.36,977,462,76.45,116,241,220.58,6242.36,0.977791568775212,1.08282753990983,76.9029411764706,0.759002344412406,0.00986961399396559
16,1574,"2ch_WT_001_pos010.tif",371.86,6803.47,978,462,75.35,116,173,255.86,6630.47,1.13418147967552,1.15015082733869,76.9029411764706,0.759002344412406,0.00986961399396559
0,1575,"2ch_WT_001_pos010.tif",177.18,4288.97,340,548,63.8,107,142,70.18,4146.97,1,1,62.5058823529412,0.473973348717117,0.00758285989854225
1,1575,"2ch_WT_001_pos010.tif",181.5,4332.02,339,546,63.25,107,154,74.5,4178.02,1.06155599886007,1.00748739441086,62.5058823529412,0.473973348717117,0.00758285989854225
2,1575,"2ch_WT_001_pos010.tif",185.12,4509.93,339,546,62.7,109,152,76.12,4357.93,1.0846394984326,1.05087087680885,62.5058823529412,0.473973348717117,0.00758285989854225
3,1575,"2ch_WT_001_pos010.tif",191.56,4489.76,338,544,62.15,109,148,82.56,4341.76,1.1764035337703,1.04697164435721,62.5058823529412,0.473973348717117,0.00758285989854225
4,1575,"2ch_WT_001_pos010.tif",195.51,4494.21,338,543,62.15,110,158,85.51,4336.21,1.2184383015104,1.04563331782,62.5058823529412,0.473973348717117,0.00758285989854225
5,1575,"2ch_WT_001_pos010.tif",185.88,4506.09,339,542,62.7,111,170,74.88,4336.09,1.06697064690795,1.04560438103001,62.5058823529412,0.473973348717117,0.00758285989854225
6,1575,"2ch_WT_001_pos010.tif",190.13,4626.03,339,540,62.7,110,161,80.13,4465.03,1.14177828441151,1.07669696187819,62.5058823529412,0.473973348717117,0.00758285989854225
7,1575,"2ch_WT_001_pos010.tif",190.72,4568.3,339,539,62.7,111,161,79.72,4407.3,1.13593616414933,1.06277595449207,62.5058823529412,0.473973348717117,0.00758285989854225
8,1575,"2ch_WT_001_pos010.tif",194.27,4551.71,339,539,62.7,111,146,83.27,4405.71,1.18652037617555,1.06239254202466,62.5058823529412,0.473973348717117,0.00758285989854225
9,1575,"2ch_WT_001_pos010.tif",193.52,4548.53,340,538,62.7,112,146,81.52,4402.53,1.16158449700769,1.06162571708983,62.5058823529412,0.473973348717117,0.00758285989854225
10,1575,"2ch_WT_001_pos010.tif",201.99,4529,339,537,62.15,112,145,89.99,4384,1.28227415218011,1.05715739443497,62.5058823529412,0.473973348717117,0.00758285989854225
11,1575,"2ch_WT_001_pos010.tif",206.66,4525.92,339,536,62.15,113,147,93.66,4378.92,1.33456825306355,1.05593240365857,62.5058823529412,0.473973348717117,0.00758285989854225
12,1575,"2ch_WT_001_pos010.tif",212.66,4570.74,339,535,62.15,114,148,98.66,4422.74,1.40581362211456,1.06649915480459,62.5058823529412,0.473973348717117,0.00758285989854225
13,1575,"2ch_WT_001_pos010.tif",221.15,4512.91,339,534,62.15,114,158,107.15,4354.91,1.52678825876318,1.05014263426068,62.5058823529412,0.473973348717117,0.00758285989854225
14,1575,"2ch_WT_001_pos010.tif",232.02,4516.76,340,532,62.15,115,172,117.02,4344.76,1.66742661726988,1.04769506410705,62.5058823529412,0.473973348717117,0.00758285989854225
15,1575,"2ch_WT_001_pos010.tif",230.83,4555.87,340,532,62.15,116,241,114.83,4314.87,1.63622114562553,1.04048739199946,62.5058823529412,0.473973348717117,0.00758285989854225
16,1575,"2ch_WT_001_pos010.tif",240.37,4583,340,532,62.15,116,173,124.37,4410,1.77215730977486,1.06342703226693,62.5058823529412,0.473973348717117,0.00758285989854225
0,1583,"2ch_WT_002_pos001.tif",126.96,2722.6,1205,605,135.3,109,154,17.96,2568.6,1,1,134.976470588235,0.848917996455417,0.00628937764304981
1,1583,"2ch_WT_002_pos001.tif",128.25,3190.49,1204,603,135.85,109,153,19.25,3037.49,1.07182628062361,1.1825469127151,134.976470588235,0.848917996455417,0.00628937764304981
2,1583,"2ch_WT_002_pos001.tif",129.34,3569.51,1203,601,135.85,110,153,19.34,3416.51,1.07683741648107,1.33010589426147,134.976470588235,0.848917996455417,0.00628937764304981
3,1583,"2ch_WT_002_pos001.tif",130.37,3162.67,1202,601,136.95,111,148,19.37,3014.67,1.07850779510022,1.17366269563186,134.976470588235,0.848917996455417,0.00628937764304981
4,1583,"2ch_WT_002_pos001.tif",132.86,3011.28,1203,599,135.3,111,148,21.86,2863.28,1.21714922048998,1.11472397414934,134.976470588235,0.848917996455417,0.00628937764304981
5,1583,"2ch_WT_002_pos001.tif",133.39,3233.28,1202,598,135.85,111,147,22.39,3086.28,1.24665924276169,1.20154169586545,134.976470588235,0.848917996455417,0.00628937764304981
6,1583,"2ch_WT_002_pos001.tif",136.18,3658.32,1204,597,134.75,112,147,24.18,3511.32,1.34632516703786,1.36701705209063,134.976470588235,0.848917996455417,0.00628937764304981
7,1583,"2ch_WT_002_pos001.tif",137.06,3176.49,1204,595,135.3,112,150,25.06,3026.49,1.39532293986637,1.17826442419995,134.976470588235,0.848917996455417,0.00628937764304981
8,1583,"2ch_WT_002_pos001.tif",139.74,3581.99,1204,593,134.75,113,152,26.74,3429.99,1.48886414253898,1.33535388927821,134.976470588235,0.848917996455417,0.00628937764304981
9,1583,"2ch_WT_002_pos001.tif",141.69,3574.91,1205,592,134.75,113,157,28.69,3417.91,1.59743875278396,1.3306509382543,134.976470588235,0.848917996455417,0.00628937764304981
10,1583,"2ch_WT_002_pos001.tif",144.87,3525,1206,589,134.75,114,165,30.87,3360,1.71881959910913,1.30810558280776,134.976470588235,0.848917996455417,0.00628937764304981
11,1583,"2ch_WT_002_pos001.tif",147.96,3681.33,1207,588,134.75,115,145,32.96,3536.33,1.83518930957684,1.37675387370552,134.976470588235,0.848917996455417,0.00628937764304981
12,1583,"2ch_WT_002_pos001.tif",153.22,3665.67,1208,587,134.2,115,147,38.22,3518.67,2.12806236080178,1.36987853305302,134.976470588235,0.848917996455417,0.00628937764304981
13,1583,"2ch_WT_002_pos001.tif",160.46,4142.12,1208,587,133.65,115,143,45.46,3999.12,2.53118040089087,1.5569259518804,134.976470588235,0.848917996455417,0.00628937764304981
14,1583,"2ch_WT_002_pos001.tif",162.37,3386.9,1209,586,134.75,117,145,45.37,3241.9,2.52616926503341,1.26212722884061,134.976470588235,0.848917996455417,0.00628937764304981
15,1583,"2ch_WT_002_pos001.tif",175.53,4075.34,1209,584,133.65,117,146,58.53,3929.34,3.25890868596882,1.52975940200888,134.976470588235,0.848917996455417,0.00628937764304981
16,1583,"2ch_WT_002_pos001.tif",175.98,3431.76,1211,583,134.2,117,145,58.98,3286.76,3.28396436525613,1.27959199563965,134.976470588235,0.848917996455417,0.00628937764304981
0,1599,"2ch_WT_002_pos002.tif",120.13,2069.99,347,734,148.5,108,152,12.13,1917.99,1,1,148.111764705882,0.967685610710665,0.00653348241871453
1,1599,"2ch_WT_002_pos002.tif",121.26,2760.99,343,703,148.5,109,138,12.26,2622.99,1.01071723000824,1.36757230225392,148.111764705882,0.967685610710665,0.00653348241871453
2,1599,"2ch_WT_002_pos002.tif",121.27,1797.37,342,735,151.25,109,138,12.27,1659.37,1.01154163231657,0.865160923675306,148.111764705882,0.967685610710665,0.00653348241871453
3,1599,"2ch_WT_002_pos002.tif",122.48,1827.67,338,730,146.85,110,136,12.48,1691.67,1.02885408079143,0.882001470289209,148.111764705882,0.967685610710665,0.00653348241871453
4,1599,"2ch_WT_002_pos002.tif",122.9,1765.83,338,733,148.5,110,153,12.9,1612.83,1.06347897774114,0.840895937935026,148.111764705882,0.967685610710665,0.00653348241871453
5,1599,"2ch_WT_002_pos002.tif",123.52,1637.16,338,733,147.95,110,157,13.52,1480.16,1.11459192085738,0.771724565821511,148.111764705882,0.967685610710665,0.00653348241871453
6,1599,"2ch_WT_002_pos002.tif",124.46,1619.49,338,730,146.85,111,148,13.46,1471.49,1.10964550700742,0.767204208572516,148.111764705882,0.967685610710665,0.00653348241871453
7,1599,"2ch_WT_002_pos002.tif",125.85,1779.73,343,728,147.4,111,144,14.85,1635.73,1.2242374278648,0.852835520518877,148.111764705882,0.967685610710665,0.00653348241871453
8,1599,"2ch_WT_002_pos002.tif",127.12,1792.24,343,726,147.4,111,142,16.12,1650.24,1.32893652102226,0.86040073201633,148.111764705882,0.967685610710665,0.00653348241871453
9,1599,"2ch_WT_002_pos002.tif",129.13,1836.89,340,723,147.95,112,142,17.13,1694.89,1.41220115416323,0.883680311159078,148.111764705882,0.967685610710665,0.00653348241871453
10,1599,"2ch_WT_002_pos002.tif",131.18,1869.36,340,722,147.95,112,146,19.18,1723.36,1.58120362737016,0.898523975620311,148.111764705882,0.967685610710665,0.00653348241871453
11,1599,"2ch_WT_002_pos002.tif",133.91,1913.63,340,720,147.95,113,148,20.91,1765.63,1.72382522671064,0.920562672380982,148.111764705882,0.967685610710665,0.00653348241871453
12,1599,"2ch_WT_002_pos002.tif",137.61,2053.85,342,716,147.95,113,145,24.61,1908.85,2.02885408079143,0.995234594549502,148.111764705882,0.967685610710665,0.00653348241871453
13,1599,"2ch_WT_002_pos002.tif",140.84,2099,345,715,148.5,114,144,26.84,1955,2.21269579554823,1.01929624242045,148.111764705882,0.967685610710665,0.00653348241871453
14,1599,"2ch_WT_002_pos002.tif",142.69,1849.47,343,716,148.5,114,142,28.69,1707.47,2.36521022258862,0.890239260892914,148.111764705882,0.967685610710665,0.00653348241871453
15,1599,"2ch_WT_002_pos002.tif",148.08,1956.6,343,713,147.95,115,143,33.08,1813.6,2.72712283594394,0.945573230308813,148.111764705882,0.967685610710665,0.00653348241871453
16,1599,"2ch_WT_002_pos002.tif",152.35,1989.13,344,712,147.95,116,144,36.35,1845.13,2.99670239076669,0.962012314975574,148.111764705882,0.967685610710665,0.00653348241871453
0,1600,"2ch_WT_002_pos002.tif",125.74,3191.39,1099,234,105.05,108,152,17.74,3039.39,1,1,108.026470588235,1.19962463491956,0.011104913715937
1,1600,"2ch_WT_002_pos002.tif",126.79,2536.41,1084,235,110,109,138,17.79,2398.41,1.00281848928974,0.789108998845163,108.026470588235,1.19962463491956,0.011104913715937
2,1600,"2ch_WT_002_pos002.tif",128.65,3147.52,1083,234,108.9,109,138,19.65,3009.52,1.1076662908681,0.99017237011374,108.026470588235,1.19962463491956,0.011104913715937
3,1600,"2ch_WT_002_pos002.tif",130.23,3510.8,1082,232,108.9,110,136,20.23,3374.8,1.14036076662909,1.11035438031974,108.026470588235,1.19962463491956,0.011104913715937
4,1600,"2ch_WT_002_pos002.tif",131.01,3780.83,1082,232,108.9,110,153,21.01,3627.83,1.18432919954904,1.19360463777271,108.026470588235,1.19962463491956,0.011104913715937
5,1600,"2ch_WT_002_pos002.tif",132.03,3173.38,1082,229,109.45,110,157,22.03,3016.38,1.24182638105975,0.992429401952366,108.026470588235,1.19962463491956,0.011104913715937
6,1600,"2ch_WT_002_pos002.tif",133.83,3172.03,1082,227,108.35,111,148,22.83,3024.03,1.2869222096956,0.994946354367159,108.026470588235,1.19962463491956,0.011104913715937
7,1600,"2ch_WT_002_pos002.tif",136.01,3406.96,1087,226,108.9,111,144,25.01,3262.96,1.4098083427283,1.07355752305561,108.026470588235,1.19962463491956,0.011104913715937
8,1600,"2ch_WT_002_pos002.tif",138.72,3577.52,1087,224,108.9,111,142,27.72,3435.52,1.56257046223224,1.13033207321206,108.026470588235,1.19962463491956,0.011104913715937
9,1600,"2ch_WT_002_pos002.tif",142.09,3781.87,1085,224,107.25,112,142,30.09,3639.87,1.69616685456595,1.19756595895887,108.026470588235,1.19962463491956,0.011104913715937
10,1600,"2ch_WT_002_pos002.tif",145.95,3546.05,1086,223,107.8,112,146,33.95,3400.05,1.91375422773393,1.11866196835549,108.026470588235,1.19962463491956,0.011104913715937
11,1600,"2ch_WT_002_pos002.tif",149.14,3416.75,1087,222,107.8,113,148,36.14,3268.75,2.03720405862458,1.07546251056956,108.026470588235,1.19962463491956,0.011104913715937
12,1600,"2ch_WT_002_pos002.tif",156.08,3501.23,1088,220,107.8,113,145,43.08,3356.23,2.42841037204059,1.10424460171284,108.026470588235,1.19962463491956,0.011104913715937
13,1600,"2ch_WT_002_pos002.tif",159.97,3292.43,1090,219,107.25,114,144,45.97,3148.43,2.5913190529876,1.03587561977897,108.026470588235,1.19962463491956,0.011104913715937
14,1600,"2ch_WT_002_pos002.tif",169.57,3488,1088,218,107.25,114,142,55.57,3346,3.13246899661781,1.10087879475816,108.026470588235,1.19962463491956,0.011104913715937
15,1600,"2ch_WT_002_pos002.tif",175.57,3346.43,1089,218,107.25,115,143,60.57,3203.43,3.41431792559188,1.05397135609448,108.026470588235,1.19962463491956,0.011104913715937
16,1600,"2ch_WT_002_pos002.tif",193.39,4009.96,1091,217,106.7,116,144,77.39,3865.96,4.36245772266065,1.27195259575112,108.026470588235,1.19962463491956,0.011104913715937
0,1622,"2ch_WT_002_pos005.tif",121.69,2588.12,937,306,173.8,107,159,14.69,2429.12,1,1,174.123529411765,2.72970451966983,0.0156768274160964
1,1622,"2ch_WT_002_pos005.tif",122.26,2597.38,935,304,174.9,109,150,13.26,2447.38,0.902654867256638,1.00751712554341,174.123529411765,2.72970451966983,0.0156768274160964
2,1622,"2ch_WT_002_pos005.tif",122.57,1902.62,934,304,176,109,144,13.57,1758.62,0.923757658270932,0.723974114082466,174.123529411765,2.72970451966983,0.0156768274160964
3,1622,"2ch_WT_002_pos005.tif",123.56,2117.33,933,302,176,109,142,14.56,1975.33,0.991150442477876,0.813187491766566,174.123529411765,2.72970451966983,0.0156768274160964
4,1622,"2ch_WT_002_pos005.tif",124.11,2285.9,933,301,176,109,151,15.11,2134.9,1.0285908781484,0.87887794756949,174.123529411765,2.72970451966983,0.0156768274160964
5,1622,"2ch_WT_002_pos005.tif",125.61,2476.08,935,293,175.45,109,141,16.61,2335.08,1.13070115724983,0.961286391779739,174.123529411765,2.72970451966983,0.0156768274160964
6,1622,"2ch_WT_002_pos005.tif",127.29,2474.5,935,293,175.45,110,136,17.29,2338.5,1.17699115044248,0.962694309050191,174.123529411765,2.72970451966983,0.0156768274160964
7,1622,"2ch_WT_002_pos005.tif",129.4,2772.25,937,290,174.9,110,141,19.4,2631.25,1.32062627637849,1.08321120405744,174.123529411765,2.72970451966983,0.0156768274160964
8,1622,"2ch_WT_002_pos005.tif",134.93,4708.6,930,288,168.85,111,140.7,23.93,4567.9,1.62899931926481,1.88047523382954,174.123529411765,2.72970451966983,0.0156768274160964
9,1622,"2ch_WT_002_pos005.tif",133.76,2405.23,937,287,175.45,111,139,22.76,2266.23,1.54935330156569,0.932942794098274,174.123529411765,2.72970451966983,0.0156768274160964
10,1622,"2ch_WT_002_pos005.tif",142.03,3833.8,930,286,169.4,112,135,30.03,3698.8,2.04424778761062,1.52269134501383,174.123529411765,2.72970451966983,0.0156768274160964
11,1622,"2ch_WT_002_pos005.tif",149.51,4645.95,932,287,167.75,113,139,36.51,4506.95,2.48536419332879,1.85538384270847,174.123529411765,2.72970451966983,0.0156768274160964
12,1622,"2ch_WT_002_pos005.tif",150.21,3539.47,939,286,173.25,113,140,37.21,3399.47,2.53301565690946,1.39946565011197,174.123529411765,2.72970451966983,0.0156768274160964
13,1622,"2ch_WT_002_pos005.tif",147.04,1952.47,942,282,176,113,140,34.04,1812.47,2.31722260040844,0.746142636016335,174.123529411765,2.72970451966983,0.0156768274160964
14,1622,"2ch_WT_002_pos005.tif",152.6,2069.8,942,280,176,115,142,37.6,1927.8,2.55956432947583,0.793620735081017,174.123529411765,2.72970451966983,0.0156768274160964
15,1622,"2ch_WT_002_pos005.tif",163.06,2581.15,943,280,175.45,115,142,48.06,2439.15,3.2716133424098,1.00412906731656,174.123529411765,2.72970451966983,0.0156768274160964
16,1622,"2ch_WT_002_pos005.tif",178.97,3537.85,945,274,175.45,115,143,63.97,3394.85,4.35466303607897,1.39756372678172,174.123529411765,2.72970451966983,0.0156768274160964
0,1623,"2ch_WT_002_pos005.tif",123.96,3160.88,931,849,109.45,107,159,16.96,3001.88,1,1,110.582352941176,1.46126456114116,0.0132142654074151
1,1623,"2ch_WT_002_pos005.tif",124.85,2855.94,929,847,110.55,109,150,15.85,2705.94,0.934551886792453,0.901415113195731,110.582352941176,1.46126456114116,0.0132142654074151
2,1623,"2ch_WT_002_pos005.tif",126.38,3269.39,928,846,110.55,109,144,17.38,3125.39,1.0247641509434,1.04114421629112,110.582352941176,1.46126456114116,0.0132142654074151
3,1623,"2ch_WT_002_pos005.tif",127.03,2903.1,928,845,111.1,109,142,18.03,2761.1,1.06308962264151,0.919790264767412,110.582352941176,1.46126456114116,0.0132142654074151
4,1623,"2ch_WT_002_pos005.tif",126.81,2726.23,928,845,112.2,109,151,17.81,2575.23,1.0501179245283,0.85787239996269,110.582352941176,1.46126456114116,0.0132142654074151
5,1623,"2ch_WT_002_pos005.tif",128.47,2629.61,928,842,112.2,109,141,19.47,2488.61,1.14799528301887,0.829017149253135,110.582352941176,1.46126456114116,0.0132142654074151
6,1623,"2ch_WT_002_pos005.tif",131.84,2812.5,929,841,112.2,110,136,21.84,2676.5,1.2877358490566,0.891607925699895,110.582352941176,1.46126456114116,0.0132142654074151
7,1623,"2ch_WT_002_pos005.tif",133.21,2949.38,930,839,111.1,110,141,23.21,2808.38,1.3685141509434,0.935540394685997,110.582352941176,1.46126456114116,0.0132142654074151
8,1623,"2ch_WT_002_pos005.tif",135.13,2758.32,930,838,111.1,111,140.7,24.13,2617.62,1.42275943396226,0.871993550708223,110.582352941176,1.46126456114116,0.0132142654074151
9,1623,"2ch_WT_002_pos005.tif",139.14,2905.47,931,836,111.1,111,139,28.14,2766.47,1.65919811320755,0.921579143736592,110.582352941176,1.46126456114116,0.0132142654074151
10,1623,"2ch_WT_002_pos005.tif",152.9,5243.9,937,835,106.7,112,135,40.9,5108.9,2.41155660377359,1.70190014257732,110.582352941176,1.46126456114116,0.0132142654074151
11,1623,"2ch_WT_002_pos005.tif",151.31,3271.51,933,837,111.65,113,139,38.31,3132.51,2.25884433962264,1.04351606326702,110.582352941176,1.46126456114116,0.0132142654074151
12,1623,"2ch_WT_002_pos005.tif",153.86,2895.06,934,837,112.2,113,140,40.86,2755.06,2.40919811320755,0.917778192332805,110.582352941176,1.46126456114116,0.0132142654074151
13,1623,"2ch_WT_002_pos005.tif",168.25,3777.96,934,832,109.45,113,140,55.25,3637.96,3.25766509433962,1.2118938798353,110.582352941176,1.46126456114116,0.0132142654074151
14,1623,"2ch_WT_002_pos005.tif",174.29,3768.64,934,831,109.45,115,142,59.29,3626.64,3.49587264150943,1.20812290964329,110.582352941176,1.46126456114116,0.0132142654074151
15,1623,"2ch_WT_002_pos005.tif",182.68,3730.57,934,831,109.45,115,142,67.68,3588.57,3.99056603773585,1.19544085706291,110.582352941176,1.46126456114116,0.0132142654074151
16,1623,"2ch_WT_002_pos005.tif",193.97,3792.83,936,829,109.45,115,143,78.97,3649.83,4.65625,1.21584806854371,110.582352941176,1.46126456114116,0.0132142654074151
0,1624,"2ch_WT_002_pos005.tif",132.63,3373.3,307,908,105.6,107,159,25.63,3214.3,1,1,107.605882352941,1.64932584266849,0.0153274691550671
1,1624,"2ch_WT_002_pos005.tif",133.09,3194.78,304,907,106.15,109,150,24.09,3044.78,0.939914163090129,0.947260678841427,107.605882352941,1.64932584266849,0.0153274691550671
2,1624,"2ch_WT_002_pos005.tif",132.84,3360.59,303,908,106.7,109,144,23.84,3216.59,0.930159968786578,1.00071244127804,107.605882352941,1.64932584266849,0.0153274691550671
3,1624,"2ch_WT_002_pos005.tif",136.75,3996.51,309,905,103.4,109,142,27.75,3854.51,1.08271556769411,1.19917555921974,107.605882352941,1.64932584266849,0.0153274691550671
4,1624,"2ch_WT_002_pos005.tif",136.09,3327.39,301,901,107.25,109,151,27.09,3176.39,1.05696449473274,0.98820583019631,107.605882352941,1.64932584266849,0.0153274691550671
5,1624,"2ch_WT_002_pos005.tif",139.11,3305.49,302,905,107.25,109,141,30.11,3164.49,1.17479516191963,0.984503624428336,107.605882352941,1.64932584266849,0.0153274691550671
6,1624,"2ch_WT_002_pos005.tif",140.82,3171.53,301,902,108.35,110,136,30.82,3035.53,1.20249707374171,0.944382913853716,107.605882352941,1.64932584266849,0.0153274691550671
7,1624,"2ch_WT_002_pos005.tif",139.4,2987.35,303,895,108.35,110,141,29.4,2846.35,1.14709325009754,0.885527175434776,107.605882352941,1.64932584266849,0.0153274691550671
8,1624,"2ch_WT_002_pos005.tif",146.45,3699.23,303,897,107.8,111,140.7,35.45,3558.53,1.38314475224346,1.10709330180755,107.605882352941,1.64932584266849,0.0153274691550671
9,1624,"2ch_WT_002_pos005.tif",150.79,3935.4,307,897,106.7,111,139,39.79,3796.4,1.5524775653531,1.18109697290234,107.605882352941,1.64932584266849,0.0153274691550671
10,1624,"2ch_WT_002_pos005.tif",153.27,3626.09,306,895,108.9,112,135,41.27,3491.09,1.61022239563012,1.08611206172417,107.605882352941,1.64932584266849,0.0153274691550671
11,1624,"2ch_WT_002_pos005.tif",159.36,3589.12,306,897,108.35,113,139,46.36,3450.12,1.80881779165041,1.07336589615157,107.605882352941,1.64932584266849,0.0153274691550671
12,1624,"2ch_WT_002_pos005.tif",162.93,3417.2,305,895,109.45,113,140,49.93,3277.2,1.94810768630511,1.01956880191644,107.605882352941,1.64932584266849,0.0153274691550671
13,1624,"2ch_WT_002_pos005.tif",170.1,4172.22,311,892,106.7,113,140,57.1,4032.22,2.22785797893094,1.25446286905392,107.605882352941,1.64932584266849,0.0153274691550671
14,1624,"2ch_WT_002_pos005.tif",178.02,3371.97,308,889,109.45,115,142,63.02,3229.97,2.45883730003902,1.00487508944405,107.605882352941,1.64932584266849,0.0153274691550671
15,1624,"2ch_WT_002_pos005.tif",181.18,3134.27,309,885,109.45,115,142,66.18,2992.27,2.5821303160359,0.93092430700308,107.605882352941,1.64932584266849,0.0153274691550671
16,1624,"2ch_WT_002_pos005.tif",191.48,3336.96,310,886,109.45,115,143,76.48,3193.96,2.98400312134218,0.993672028124319,107.605882352941,1.64932584266849,0.0153274691550671
0,1627,"2ch_WT_002_pos005.tif",125.79,3548.23,1386,163,88,107,159,18.79,3389.23,1,1,86.7058823529412,0.512311658362486,0.0059086147843706
1,1627,"2ch_WT_002_pos005.tif",126.14,3868.49,1385,162,86.35,109,150,17.14,3718.49,0.912187333688132,1.09714890992939,86.7058823529412,0.512311658362486,0.0059086147843706
2,1627,"2ch_WT_002_pos005.tif",126.1,3895.52,1384,161,86.9,109,144,17.1,3751.52,0.910058541777541,1.10689448635826,86.7058823529412,0.512311658362486,0.0059086147843706
3,1627,"2ch_WT_002_pos005.tif",127.24,3985.06,1384,159,86.9,109,142,18.24,3843.06,0.970729111229377,1.13390357101761,86.7058823529412,0.512311658362486,0.0059086147843706
4,1627,"2ch_WT_002_pos005.tif",126.51,3921.94,1384,158,86.9,109,151,17.51,3770.94,0.931878658861096,1.11262440141271,86.7058823529412,0.512311658362486,0.0059086147843706
5,1627,"2ch_WT_002_pos005.tif",128.63,3926.4,1384,157,86.9,109,141,19.63,3785.4,1.0447046301224,1.11689085721536,86.7058823529412,0.512311658362486,0.0059086147843706
6,1627,"2ch_WT_002_pos005.tif",130.4,3895.23,1384,156,86.35,110,136,20.4,3759.23,1.08568387440128,1.10916933934847,86.7058823529412,0.512311658362486,0.0059086147843706
7,1627,"2ch_WT_002_pos005.tif",133.19,3894.97,1385,153,86.35,110,141,23.19,3753.97,1.23416711016498,1.10761736441611,86.7058823529412,0.512311658362486,0.0059086147843706
8,1627,"2ch_WT_002_pos005.tif",135.45,3967.64,1385,153,85.8,111,140.7,24.45,3826.94,1.30122405534859,1.12914732844923,86.7058823529412,0.512311658362486,0.0059086147843706
9,1627,"2ch_WT_002_pos005.tif",139.31,3847.83,1386,151,86.35,111,139,28.31,3708.83,1.5066524747206,1.09429870501559,86.7058823529412,0.512311658362486,0.0059086147843706
10,1627,"2ch_WT_002_pos005.tif",142.93,3841.94,1388,150,86.9,112,135,30.93,3706.94,1.64608834486429,1.09374105622811,86.7058823529412,0.512311658362486,0.0059086147843706
11,1627,"2ch_WT_002_pos005.tif",148.73,3730.77,1388,151,87.45,113,139,35.73,3591.77,1.90154337413518,1.05975988646389,86.7058823529412,0.512311658362486,0.0059086147843706
12,1627,"2ch_WT_002_pos005.tif",156.04,3857.99,1389,150,86.9,113,140,43.04,3717.99,2.29058009579563,1.09700138379514,86.7058823529412,0.512311658362486,0.0059086147843706
13,1627,"2ch_WT_002_pos005.tif",163.94,3860.56,1389,146,86.35,113,140,50.94,3720.56,2.71101649813731,1.09775966812521,86.7058823529412,0.512311658362486,0.0059086147843706
14,1627,"2ch_WT_002_pos005.tif",175.19,3877.08,1389,145,86.35,115,142,60.19,3735.08,3.20329962746141,1.10204382706396,86.7058823529412,0.512311658362486,0.0059086147843706
15,1627,"2ch_WT_002_pos005.tif",186.62,4000.13,1390,144,86.35,115,142,71.62,3858.13,3.81160191591272,1.13835000870404,86.7058823529412,0.512311658362486,0.0059086147843706
16,1627,"2ch_WT_002_pos005.tif",195.25,3814.6,1392,143,86.9,115,143,80.25,3671.6,4.27088877062267,1.08331390905899,86.7058823529412,0.512311658362486,0.0059086147843706
0,1661,"2ch_WT_002_pos007.tif",119.64,2015.89,493,735,125.4,108,126,11.64,1889.89,1,1,127.794117647059,1.6378227118019,0.0128161040739389
1,1661,"2ch_WT_002_pos007.tif",121.57,3550.85,488,731,123.75,108,128,13.57,3422.85,1.16580756013746,1.81113715613078,127.794117647059,1.6378227118019,0.0128161040739389
2,1661,"2ch_WT_002_pos007.tif",120.48,1668.6,490,734,127.6,109,130,11.48,1538.6,0.986254295532646,0.814121456804364,127.794117647059,1.6378227118019,0.0128161040739389
3,1661,"2ch_WT_002_pos007.tif",122.24,2488.92,488,733,126.5,109,144,13.24,2344.92,1.13745704467354,1.24077062686188,127.794117647059,1.6378227118019,0.0128161040739389
4,1661,"2ch_WT_002_pos007.tif",122.35,1563.52,489,732,128.15,110,136,12.35,1427.52,1.06099656357388,0.755345549211859,127.794117647059,1.6378227118019,0.0128161040739389
5,1661,"2ch_WT_002_pos007.tif",123.69,1594.7,490,730,128.7,110,132,13.69,1462.7,1.17611683848797,0.773960389229003,127.794117647059,1.6378227118019,0.0128161040739389
6,1661,"2ch_WT_002_pos007.tif",125,1759.23,490,729,128.15,110,133,15,1626.23,1.28865979381443,0.860489234823191,127.794117647059,1.6378227118019,0.0128161040739389
7,1661,"2ch_WT_002_pos007.tif",124.74,1464.08,490,728,129.25,111,133,13.74,1331.08,1.18041237113402,0.70431612421887,127.794117647059,1.6378227118019,0.0128161040739389
8,1661,"2ch_WT_002_pos007.tif",127.57,1624.62,491,727,129.25,111,133,16.57,1491.62,1.42353951890034,0.789262867150998,127.794117647059,1.6378227118019,0.0128161040739389
9,1661,"2ch_WT_002_pos007.tif",129.09,1676.68,492,725,129.8,111,138,18.09,1538.68,1.55412371134021,0.814163787310373,127.794117647059,1.6378227118019,0.0128161040739389
10,1661,"2ch_WT_002_pos007.tif",131.03,1625.64,493,723,129.8,112,144,19.03,1481.64,1.63487972508591,0.783982136526465,127.794117647059,1.6378227118019,0.0128161040739389
11,1661,"2ch_WT_002_pos007.tif",134.3,1759.81,493,722,129.8,112,135,22.3,1624.81,1.91580756013746,0.859737868341544,127.794117647059,1.6378227118019,0.0128161040739389
12,1661,"2ch_WT_002_pos007.tif",139.08,1993.46,494,722,127.6,113,132,26.08,1861.46,2.2405498281787,0.984956796427305,127.794117647059,1.6378227118019,0.0128161040739389
13,1661,"2ch_WT_002_pos007.tif",140.73,1899.59,494,720,127.05,113,133,27.73,1766.59,2.38230240549828,0.934758107614729,127.794117647059,1.6378227118019,0.0128161040739389
14,1661,"2ch_WT_002_pos007.tif",146.18,1966.05,495,720,127.05,113,133,33.18,1833.05,2.85051546391753,0.969924175481113,127.794117647059,1.6378227118019,0.0128161040739389
15,1661,"2ch_WT_002_pos007.tif",149.02,1852.2,495,719,127.05,114,133,35.02,1719.2,3.0085910652921,0.90968257411807,127.794117647059,1.6378227118019,0.0128161040739389
16,1661,"2ch_WT_002_pos007.tif",157.24,2063.42,495,719,127.6,114,134.7,43.24,1928.72,3.71477663230241,1.02054616935377,127.794117647059,1.6378227118019,0.0128161040739389
0,1662,"2ch_WT_002_pos007.tif",136.73,3785.71,924,678,98.45,108,126,28.73,3659.71,1,1,98.9676470588235,1.22167164886767,0.0123441517018339
1,1662,"2ch_WT_002_pos007.tif",135.55,3505.43,922,677,99.55,108,128,27.55,3377.43,0.958927949878177,0.922868205404253,98.9676470588235,1.22167164886767,0.0123441517018339
2,1662,"2ch_WT_002_pos007.tif",134.02,3164,922,677,100.1,109,130,25.02,3034,0.870866689871215,0.829027436600168,98.9676470588235,1.22167164886767,0.0123441517018339
3,1662,"2ch_WT_002_pos007.tif",136.74,3426.46,921,676,100.65,109,144,27.74,3282.46,0.965541246084233,0.896918061813641,98.9676470588235,1.22167164886767,0.0123441517018339
4,1662,"2ch_WT_002_pos007.tif",136.09,3025.97,921,677,101.2,110,136,26.09,2889.97,0.908109989557954,0.789671859245678,98.9676470588235,1.22167164886767,0.0123441517018339
5,1662,"2ch_WT_002_pos007.tif",139.69,3078.33,921,676,101.75,110,132,29.69,2946.33,1.03341454925165,0.805071986578171,98.9676470588235,1.22167164886767,0.0123441517018339
6,1662,"2ch_WT_002_pos007.tif",144.21,3494.52,921,674,98.45,110,133,34.21,3361.52,1.19074138531152,0.918520866407448,98.9676470588235,1.22167164886767,0.0123441517018339
7,1662,"2ch_WT_002_pos007.tif",143.5,3616.69,921,671,98.45,111,133,32.5,3483.69,1.13122171945701,0.951903292883862,98.9676470588235,1.22167164886767,0.0123441517018339
8,1662,"2ch_WT_002_pos007.tif",146.32,3962.74,923,669,97.9,111,133,35.32,3829.74,1.22937695788375,1.04645996540709,98.9676470588235,1.22167164886767,0.0123441517018339
9,1662,"2ch_WT_002_pos007.tif",148.66,3931.92,923,668,97.9,111,138,37.66,3793.92,1.31082492168465,1.03667230463616,98.9676470588235,1.22167164886767,0.0123441517018339
10,1662,"2ch_WT_002_pos007.tif",149.65,3598.13,923,665,98.45,112,144,37.65,3454.13,1.31047685346328,0.943826150159439,98.9676470588235,1.22167164886767,0.0123441517018339
11,1662,"2ch_WT_002_pos007.tif",153.68,3495.82,924,664,98.45,112,135,41.68,3360.82,1.45074834667595,0.918329594421416,98.9676470588235,1.22167164886767,0.0123441517018339
12,1662,"2ch_WT_002_pos007.tif",158.9,3491.72,925,663,98.45,113,132,45.9,3359.72,1.59763313609468,0.918029024157652,98.9676470588235,1.22167164886767,0.0123441517018339
13,1662,"2ch_WT_002_pos007.tif",168.55,3949.11,927,662,97.9,113,133,55.55,3816.11,1.93351896971807,1.04273562659336,98.9676470588235,1.22167164886767,0.0123441517018339
14,1662,"2ch_WT_002_pos007.tif",172.14,3617.05,927,660,98.45,113,133,59.14,3484.05,2.05847546119039,0.952001661333822,98.9676470588235,1.22167164886767,0.0123441517018339
15,1662,"2ch_WT_002_pos007.tif",184.81,4023.4,928,659,97.9,114,133,70.81,3890.4,2.4646710755308,1.06303504922521,98.9676470588235,1.22167164886767,0.0123441517018339
16,1662,"2ch_WT_002_pos007.tif",189.95,3640.98,926,660,98.45,114,134.7,75.95,3506.28,2.6435781413157,0.958075913118799,98.9676470588235,1.22167164886767,0.0123441517018339
0,1669,"2ch_WT_002_pos008.tif",138.95,3683.85,1179,488,100.65,110,152,28.95,3531.85,1,1,100.391176470588,1.24690056917613,0.0124204199314413
1,1669,"2ch_WT_002_pos008.tif",139.38,3828.16,1177,485,100.65,109,139,30.38,3689.16,1.04939550949914,1.04454039667596,100.391176470588,1.24690056917613,0.0124204199314413
2,1669,"2ch_WT_002_pos008.tif",139.64,3579.3,1177,485,101.2,110,133,29.64,3446.3,1.02383419689119,0.975777566997466,100.391176470588,1.24690056917613,0.0124204199314413
3,1669,"2ch_WT_002_pos008.tif",140.07,3285.89,1176,484,102.3,110,133,30.07,3152.89,1.03868739205527,0.892702124948681,100.391176470588,1.24690056917613,0.0124204199314413
4,1669,"2ch_WT_002_pos008.tif",141.54,3387.28,1175,483,102.85,110,138,31.54,3249.28,1.08946459412781,0.919993770969888,100.391176470588,1.24690056917613,0.0124204199314413
5,1669,"2ch_WT_002_pos008.tif",143.34,3501.61,1176,483,102.85,111,143,32.34,3358.61,1.11709844559586,0.950949219247703,100.391176470588,1.24690056917613,0.0124204199314413
6,1669,"2ch_WT_002_pos008.tif",145.89,3753.75,1176,480,100.65,112,147,33.89,3606.75,1.1706390328152,1.02120701615301,100.391176470588,1.24690056917613,0.0124204199314413
7,1669,"2ch_WT_002_pos008.tif",147.42,3678.34,1177,480,100.1,112,142,35.42,3536.34,1.22348877374784,1.00127128841825,100.391176470588,1.24690056917613,0.0124204199314413
8,1669,"2ch_WT_002_pos008.tif",149.46,3651.47,1178,478,100.1,112,135,37.46,3516.47,1.29395509499137,0.995645341676458,100.391176470588,1.24690056917613,0.0124204199314413
9,1669,"2ch_WT_002_pos008.tif",152.7,4039,1179,476,99.55,112,133,40.7,3906,1.40587219343696,1.10593598255872,100.391176470588,1.24690056917613,0.0124204199314413
10,1669,"2ch_WT_002_pos008.tif",158.76,3945.25,1180,476,99.55,112,129,46.76,3816.25,1.61519861830743,1.08052437108031,100.391176470588,1.24690056917613,0.0124204199314413
11,1669,"2ch_WT_002_pos008.tif",160.22,3908.07,1181,474,99,113,130,47.22,3778.07,1.63108808290156,1.06971417245919,100.391176470588,1.24690056917613,0.0124204199314413
12,1669,"2ch_WT_002_pos008.tif",163.37,3931.6,1182,472,99,113,129,50.37,3802.6,1.739896373057,1.07665954103374,100.391176470588,1.24690056917613,0.0124204199314413
13,1669,"2ch_WT_002_pos008.tif",171.34,3974.61,1182,472,99.55,114,128,57.34,3846.61,1.98065630397237,1.08912043263446,100.391176470588,1.24690056917613,0.0124204199314413
14,1669,"2ch_WT_002_pos008.tif",178.27,3971.16,1182,470,99.55,114,130,64.27,3841.16,2.22003454231434,1.08757733199315,100.391176470588,1.24690056917613,0.0124204199314413
15,1669,"2ch_WT_002_pos008.tif",187.49,4018.3,1183,470,99.55,115,130,72.49,3888.3,2.50397236614853,1.10092444469612,100.391176470588,1.24690056917613,0.0124204199314413
16,1669,"2ch_WT_002_pos008.tif",197.53,3983.67,1184,468,99.55,116,131,81.53,3852.67,2.81623488773748,1.0908362472925,100.391176470588,1.24690056917613,0.0124204199314413
0,1670,"2ch_WT_002_pos008.tif",128.87,3768.98,391,664,84.15,110,152,18.87,3616.98,1,1,81.5294117647059,1.54990512043575,0.0190103802650849
1,1670,"2ch_WT_002_pos008.tif",130.84,3933.68,389,660,84.15,109,139,21.84,3794.68,1.15739268680445,1.04912938418238,81.5294117647059,1.54990512043575,0.0190103802650849
2,1670,"2ch_WT_002_pos008.tif",132.54,3869.21,389,658,85.25,110,133,22.54,3736.21,1.19448860625331,1.0329639644123,81.5294117647059,1.54990512043575,0.0190103802650849
3,1670,"2ch_WT_002_pos008.tif",133.63,4487.79,388,658,81.4,110,133,23.63,4354.79,1.25225225225225,1.20398509253576,81.5294117647059,1.54990512043575,0.0190103802650849
4,1670,"2ch_WT_002_pos008.tif",134.21,4274.83,388,658,81.4,110,138,24.21,4136.83,1.28298887122417,1.14372487544858,81.5294117647059,1.54990512043575,0.0190103802650849
5,1670,"2ch_WT_002_pos008.tif",136.17,4273.19,389,658,81.4,111,143,25.17,4130.19,1.33386327503974,1.14188908979314,81.5294117647059,1.54990512043575,0.0190103802650849
6,1670,"2ch_WT_002_pos008.tif",138.56,4422.6,388,654,80.85,112,147,26.56,4275.6,1.40752517223105,1.18209113680474,81.5294117647059,1.54990512043575,0.0190103802650849
7,1670,"2ch_WT_002_pos008.tif",140.39,4245.35,391,655,81.4,112,142,28.39,4103.35,1.5045045045045,1.13446853452328,81.5294117647059,1.54990512043575,0.0190103802650849
8,1670,"2ch_WT_002_pos008.tif",142.86,4227.19,390,653,81.4,112,135,30.86,4092.19,1.63540010598834,1.13138308754818,81.5294117647059,1.54990512043575,0.0190103802650849
9,1670,"2ch_WT_002_pos008.tif",144.62,4365.6,392,652,81.4,112,133,32.62,4232.6,1.72866984631691,1.17020276584333,81.5294117647059,1.54990512043575,0.0190103802650849
10,1670,"2ch_WT_002_pos008.tif",149.66,4408.13,392,651,80.85,112,129,37.66,4279.13,1.9957604663487,1.18306708911855,81.5294117647059,1.54990512043575,0.0190103802650849
11,1670,"2ch_WT_002_pos008.tif",153.93,4291.5,392,650,80.85,113,130,40.93,4161.5,2.16905140434552,1.15054548269551,81.5294117647059,1.54990512043575,0.0190103802650849
12,1670,"2ch_WT_002_pos008.tif",158.76,4326.61,393,646,80.85,113,129,45.76,4197.61,2.42501324854266,1.16052894956566,81.5294117647059,1.54990512043575,0.0190103802650849
13,1670,"2ch_WT_002_pos008.tif",165.42,4375.41,394,647,80.3,114,128,51.42,4247.41,2.72496025437202,1.17429734198143,81.5294117647059,1.54990512043575,0.0190103802650849
14,1670,"2ch_WT_002_pos008.tif",173.09,4431.43,394,646,80.85,114,130,59.09,4301.43,3.13142554319025,1.18923245359388,81.5294117647059,1.54990512043575,0.0190103802650849
15,1670,"2ch_WT_002_pos008.tif",182.51,4497.66,397,646,79.2,115,130,67.51,4367.66,3.5776364599894,1.20754330961189,81.5294117647059,1.54990512043575,0.0190103802650849
16,1670,"2ch_WT_002_pos008.tif",191.38,4466.76,396,643,80.3,116,131,75.38,4335.76,3.99470058293588,1.19872379720098,81.5294117647059,1.54990512043575,0.0190103802650849
0,1674,"2ch_WT_002_pos009.tif",132.28,2960.31,1173,695,154.55,110,148,22.28,2812.31,1,1,156.976470588235,1.3196966563214,0.00840697112997967
1,1674,"2ch_WT_002_pos009.tif",134.34,4109.26,1173,687,154,110,142,24.34,3967.26,1.09245960502693,1.41067663237694,156.976470588235,1.3196966563214,0.00840697112997967
2,1674,"2ch_WT_002_pos009.tif",133.16,3642.83,1171,690,155.65,110,145,23.16,3497.83,1.0394973070018,1.24375691157803,156.976470588235,1.3196966563214,0.00840697112997967
3,1674,"2ch_WT_002_pos009.tif",133.96,2447.1,1171,691,156.2,110,145,23.96,2302.1,1.0754039497307,0.818579744053821,156.976470588235,1.3196966563214,0.00840697112997967
4,1674,"2ch_WT_002_pos009.tif",133.56,2596.56,1170,691,156.75,111,141,22.56,2455.56,1.01256732495512,0.873146985929716,156.976470588235,1.3196966563214,0.00840697112997967
5,1674,"2ch_WT_002_pos009.tif",135.01,2697.87,1170,689,156.2,111,137,24.01,2560.87,1.07764811490126,0.910593071176364,156.976470588235,1.3196966563214,0.00840697112997967
6,1674,"2ch_WT_002_pos009.tif",135.26,2256.45,1171,688,157.3,111,139,24.26,2117.45,1.08886894075404,0.752921975173434,156.976470588235,1.3196966563214,0.00840697112997967
7,1674,"2ch_WT_002_pos009.tif",137.86,3265.48,1172,686,156.75,112,140,25.86,3125.48,1.16068222621185,1.11135685610761,156.976470588235,1.3196966563214,0.00840697112997967
8,1674,"2ch_WT_002_pos009.tif",137.43,2469.89,1173,685,157.3,112,138,25.43,2331.89,1.14138240574506,0.829172459650607,156.976470588235,1.3196966563214,0.00840697112997967
9,1674,"2ch_WT_002_pos009.tif",140.15,2467.73,1174,683,157.3,113,135,27.15,2332.73,1.21858168761221,0.82947114649523,156.976470588235,1.3196966563214,0.00840697112997967
10,1674,"2ch_WT_002_pos009.tif",140.83,2621.85,1174,682,157.85,112,134,28.83,2487.85,1.29398563734291,0.884628650468832,156.976470588235,1.3196966563214,0.00840697112997967
11,1674,"2ch_WT_002_pos009.tif",144.27,2635.69,1175,682,157.85,113,135,31.27,2500.69,1.40350089766607,0.889194292236631,156.976470588235,1.3196966563214,0.00840697112997967
12,1674,"2ch_WT_002_pos009.tif",146.03,2647.88,1176,680,157.85,114,135,32.03,2512.88,1.43761220825853,0.893528807279425,156.976470588235,1.3196966563214,0.00840697112997967
13,1674,"2ch_WT_002_pos009.tif",150.67,2817.28,1180,680,157.85,115,138,35.67,2679.28,1.60098743267504,0.952697248880813,156.976470588235,1.3196966563214,0.00840697112997967
14,1674,"2ch_WT_002_pos009.tif",153.87,2875.74,1180,678,157.85,116,141,37.87,2734.74,1.69973070017953,0.97241769221743,156.976470588235,1.3196966563214,0.00840697112997967
15,1674,"2ch_WT_002_pos009.tif",153.49,2402.8,1181,678,158.4,117,152,36.49,2250.8,1.63779174147217,0.800338511757239,156.976470588235,1.3196966563214,0.00840697112997967
16,1674,"2ch_WT_002_pos009.tif",158.64,2441.73,1182,677,158.95,117,151,41.64,2290.73,1.8689407540395,0.81453680426411,156.976470588235,1.3196966563214,0.00840697112997967
0,1675,"2ch_WT_002_pos009.tif",130.59,1283.22,360,447,149.05,110,148,20.59,1135.22,1,1,149.308823529412,2.05899211494647,0.0137901569798444
1,1675,"2ch_WT_002_pos009.tif",138.65,3087.45,370,448,141.9,110,142,28.65,2945.45,1.39145216124332,2.59460721269886,149.308823529412,2.05899211494647,0.0137901569798444
2,1675,"2ch_WT_002_pos009.tif",131.01,1251.74,359,447,150.7,110,145,21.01,1106.74,1.02039825157844,0.974912351790842,149.308823529412,2.05899211494647,0.0137901569798444
3,1675,"2ch_WT_002_pos009.tif",132.07,1351.6,359,445,150.7,110,145,22.07,1206.6,1.07187955318116,1.06287768009725,149.308823529412,2.05899211494647,0.0137901569798444
4,1675,"2ch_WT_002_pos009.tif",138.4,2207.92,359,432,151.25,111,141,27.4,2066.92,1.33074307916464,1.82072197459523,149.308823529412,2.05899211494647,0.0137901569798444
5,1675,"2ch_WT_002_pos009.tif",137.84,2190,359,437,150.7,111,137,26.84,2053,1.30354541039339,1.8084600341784,149.308823529412,2.05899211494647,0.0137901569798444
6,1675,"2ch_WT_002_pos009.tif",147.29,2305.89,359,434,149.05,111,139,36.29,2166.89,1.76250607090821,1.9087842004193,149.308823529412,2.05899211494647,0.0137901569798444
7,1675,"2ch_WT_002_pos009.tif",136.4,1566.25,361,439,149.6,112,140,24.4,1426.25,1.18504128217581,1.25636440513733,149.308823529412,2.05899211494647,0.0137901569798444
8,1675,"2ch_WT_002_pos009.tif",136.7,1626.42,361,437,149.6,112,138,24.7,1488.42,1.1996114618747,1.31112912034672,149.308823529412,2.05899211494647,0.0137901569798444
9,1675,"2ch_WT_002_pos009.tif",142.6,2042.56,363,436,148.5,113,135,29.6,1907.56,1.43759106362312,1.68034389809905,149.308823529412,2.05899211494647,0.0137901569798444
10,1675,"2ch_WT_002_pos009.tif",142.21,1943.82,362,435,148.5,112,134,30.21,1809.82,1.46721709567751,1.59424604922394,149.308823529412,2.05899211494647,0.0137901569798444
11,1675,"2ch_WT_002_pos009.tif",141.71,1567.46,363,433,149.6,113,135,28.71,1432.46,1.3943661971831,1.2618347104526,149.308823529412,2.05899211494647,0.0137901569798444
12,1675,"2ch_WT_002_pos009.tif",142.83,1516.16,364,432,149.6,114,135,28.83,1381.16,1.40019426906265,1.21664523176124,149.308823529412,2.05899211494647,0.0137901569798444
13,1675,"2ch_WT_002_pos009.tif",153.43,2505.18,365,422,149.6,115,138,38.43,2367.18,1.86644001942691,2.08521696235091,149.308823529412,2.05899211494647,0.0137901569798444
14,1675,"2ch_WT_002_pos009.tif",156.27,2488.14,366,422,149.6,116,141,40.27,2347.14,1.95580378824672,2.06756399640598,149.308823529412,2.05899211494647,0.0137901569798444
15,1675,"2ch_WT_002_pos009.tif",146.52,1262.04,365,428,150.15,117,152,29.52,1110.04,1.43370568237008,0.977819277320696,149.308823529412,2.05899211494647,0.0137901569798444
16,1675,"2ch_WT_002_pos009.tif",150.78,1301.75,366,428,150.15,117,151,33.78,1150.75,1.64060223409422,1.01368016772079,149.308823529412,2.05899211494647,0.0137901569798444
0,1676,"2ch_WT_002_pos009.tif",147.45,3950.37,324,753,84.7,110,148,37.45,3802.37,1,1,82.8882352941176,1.07855942867163,0.013012213673563
1,1676,"2ch_WT_002_pos009.tif",147.88,3764.36,323,752,85.8,110,142,37.88,3622.36,1.01148197596796,0.952658473530982,82.8882352941176,1.07855942867163,0.013012213673563
2,1676,"2ch_WT_002_pos009.tif",149.28,3947.17,322,750,84.7,110,145,39.28,3802.17,1.04886515353805,0.999947401226078,82.8882352941176,1.07855942867163,0.013012213673563
3,1676,"2ch_WT_002_pos009.tif",149.86,4105.55,321,749,82.5,110,145,39.86,3960.55,1.06435246995995,1.04160037029537,82.8882352941176,1.07855942867163,0.013012213673563
4,1676,"2ch_WT_002_pos009.tif",151.22,4045.47,321,748,82.5,111,141,40.22,3904.47,1.0739652870494,1.02685167408748,82.8882352941176,1.07855942867163,0.013012213673563
5,1676,"2ch_WT_002_pos009.tif",148.94,4050.65,321,747,82.5,111,137,37.94,3913.65,1.01308411214953,1.02926595781052,82.8882352941176,1.07855942867163,0.013012213673563
6,1676,"2ch_WT_002_pos009.tif",151.76,4171.79,321,745,81.95,111,139,40.76,4032.79,1.08838451268358,1.0605990474362,82.8882352941176,1.07855942867163,0.013012213673563
7,1676,"2ch_WT_002_pos009.tif",151.5,4032.38,322,743,82.5,112,140,39.5,3892.38,1.05473965287049,1.02367207820386,82.8882352941176,1.07855942867163,0.013012213673563
8,1676,"2ch_WT_002_pos009.tif",153.36,4030.99,322,742,82.5,112,138,41.36,3892.99,1.10440587449933,1.02383250446432,82.8882352941176,1.07855942867163,0.013012213673563
9,1676,"2ch_WT_002_pos009.tif",158.05,4042.1,323,740,82.5,113,135,45.05,3907.1,1.20293724966622,1.02754334796456,82.8882352941176,1.07855942867163,0.013012213673563
10,1676,"2ch_WT_002_pos009.tif",159.81,4042.9,323,740,82.5,112,134,47.81,3908.9,1.27663551401869,1.02801673692986,82.8882352941176,1.07855942867163,0.013012213673563
11,1676,"2ch_WT_002_pos009.tif",164.04,4158.69,323,738,81.95,113,135,51.04,4023.69,1.36288384512684,1.05820580322273,82.8882352941176,1.07855942867163,0.013012213673563
12,1676,"2ch_WT_002_pos009.tif",169.83,4017.92,324,737,82.5,114,135,55.83,3882.92,1.49078771695594,1.02118415619732,82.8882352941176,1.07855942867163,0.013012213673563
13,1676,"2ch_WT_002_pos009.tif",174.91,4048.99,325,735,82.5,115,138,59.91,3910.99,1.59973297730307,1.02856639411735,82.8882352941176,1.07855942867163,0.013012213673563
14,1676,"2ch_WT_002_pos009.tif",184.95,4058.85,325,734,82.5,116,141,68.95,3917.85,1.8411214953271,1.0303705320629,82.8882352941176,1.07855942867163,0.013012213673563
15,1676,"2ch_WT_002_pos009.tif",191.01,4071.76,326,733,82.5,117,152,74.01,3919.76,1.9762349799733,1.03087285035386,82.8882352941176,1.07855942867163,0.013012213673563
16,1676,"2ch_WT_002_pos009.tif",200.9,4109.34,326,733,82.5,117,151,83.9,3958.34,2.24032042723632,1.04101915384352,82.8882352941176,1.07855942867163,0.013012213673563
0,1681,"2ch_WT_002_pos010.tif",125.93,1554.67,577,595,152.35,110,191,15.93,1363.67,1,1,150.473529411765,0.913290350713223,0.00606944194293497
1,1681,"2ch_WT_002_pos010.tif",127.64,2256.54,578,592,151.25,109,189,18.64,2067.54,1.17011927181419,1.51615860142116,150.473529411765,0.913290350713223,0.00606944194293497
2,1681,"2ch_WT_002_pos010.tif",128.3,2315.55,577,592,149.6,110,143,18.3,2172.55,1.14877589453861,1.59316403528713,150.473529411765,0.913290350713223,0.00606944194293497
3,1681,"2ch_WT_002_pos010.tif",128.11,1941.71,577,591,150.15,110,142,18.11,1799.71,1.1368487131199,1.31975477938211,150.473529411765,0.913290350713223,0.00606944194293497
4,1681,"2ch_WT_002_pos010.tif",129.69,2900.23,577,586,150.15,111,155.7,18.69,2744.53,1.17325800376648,2.01260568905967,150.473529411765,0.913290350713223,0.00606944194293497
5,1681,"2ch_WT_002_pos010.tif",129.74,2634.11,578,589,149.6,111,159,18.74,2475.11,1.17639673571877,1.81503589578124,150.473529411765,0.913290350713223,0.00606944194293497
6,1681,"2ch_WT_002_pos010.tif",131.51,3326.1,577,588,148.5,113,163,18.51,3163.1,1.16195856873823,2.31954945111354,150.473529411765,0.913290350713223,0.00606944194293497
7,1681,"2ch_WT_002_pos010.tif",131.03,2233.82,577,587,150.15,114,154,17.03,2079.82,1.06905210295041,1.52516371262842,150.473529411765,0.913290350713223,0.00606944194293497
8,1681,"2ch_WT_002_pos010.tif",131.72,2111.6,579,585,150.7,114,156,17.72,1955.6,1.11236660389203,1.43407129290811,150.473529411765,0.913290350713223,0.00606944194293497
9,1681,"2ch_WT_002_pos010.tif",133.88,2651.53,580,585,149.6,114,166,19.88,2485.53,1.24795982423101,1.822677040633,150.473529411765,0.913290350713223,0.00606944194293497
10,1681,"2ch_WT_002_pos010.tif",134.7,2179.76,580,584,150.7,115,195,19.7,1984.76,1.23666038920276,1.45545476544912,150.473529411765,0.913290350713223,0.00606944194293497
11,1681,"2ch_WT_002_pos010.tif",135.9,2224.82,580,582,150.15,115,169,20.9,2055.82,1.31198995605775,1.50756414675105,150.473529411765,0.913290350713223,0.00606944194293497
12,1681,"2ch_WT_002_pos010.tif",137.85,2206.19,581,581,150.7,116,165,21.85,2041.19,1.37162586315129,1.4968357447183,150.473529411765,0.913290350713223,0.00606944194293497
13,1681,"2ch_WT_002_pos010.tif",140.04,2235.07,582,581,150.7,116,164,24.04,2071.07,1.50910232266164,1.51874720423563,150.473529411765,0.913290350713223,0.00606944194293497
14,1681,"2ch_WT_002_pos010.tif",141.34,1979.54,581,579,151.25,117,169,24.34,1810.54,1.52793471437539,1.32769658348427,150.473529411765,0.913290350713223,0.00606944194293497
15,1681,"2ch_WT_002_pos010.tif",147.31,2482.93,582,579,150.7,118,175,29.31,2307.93,1.83992467043314,1.69244025314042,150.473529411765,0.913290350713223,0.00606944194293497
16,1681,"2ch_WT_002_pos010.tif",153.5,2179.77,582,580,151.8,120,178,33.5,2001.77,2.10295040803515,1.46792845776471,150.473529411765,0.913290350713223,0.00606944194293497
0,1683,"2ch_WT_002_pos010.tif",142.57,1858,259,264,110,110,191,32.57,1667,1,1,112.555882352941,1.33227746182772,0.0118365867156556
1,1683,"2ch_WT_002_pos010.tif",145.38,2296.15,257,263,110,109,189,36.38,2107.15,1.1169788148603,1.26403719256149,112.555882352941,1.33227746182772,0.0118365867156556
2,1683,"2ch_WT_002_pos010.tif",142.35,1939.86,255,262,111.1,110,143,32.35,1796.86,0.993245317777096,1.07790041991602,112.555882352941,1.33227746182772,0.0118365867156556
3,1683,"2ch_WT_002_pos010.tif",144.42,2148.41,255,261,111.65,110,142,34.42,2006.41,1.05680073687442,1.20360527894421,112.555882352941,1.33227746182772,0.0118365867156556
4,1683,"2ch_WT_002_pos010.tif",142.02,1883.07,255,260,112.2,111,155.7,31.02,1727.37,0.952410193429537,1.03621475704859,112.555882352941,1.33227746182772,0.0118365867156556
5,1683,"2ch_WT_002_pos010.tif",144.05,2031.92,255,258,112.2,111,159,33.05,1872.92,1.01473748848634,1.12352729454109,112.555882352941,1.33227746182772,0.0118365867156556
6,1683,"2ch_WT_002_pos010.tif",144.78,2180.36,255,256,112.75,113,163,31.78,2017.36,0.97574455019957,1.21017396520696,112.555882352941,1.33227746182772,0.0118365867156556
7,1683,"2ch_WT_002_pos010.tif",141.55,1798.11,256,256,113.3,114,154,27.55,1644.11,0.845870432913725,0.98626874625075,112.555882352941,1.33227746182772,0.0118365867156556
8,1683,"2ch_WT_002_pos010.tif",144.34,1890.38,257,254,113.3,114,156,30.34,1734.38,0.931532084740559,1.0404199160168,112.555882352941,1.33227746182772,0.0118365867156556
9,1683,"2ch_WT_002_pos010.tif",146.33,2014.11,258,252,113.3,114,166,32.33,1848.11,0.992631255756832,1.10864427114577,112.555882352941,1.33227746182772,0.0118365867156556
10,1683,"2ch_WT_002_pos010.tif",149.15,2090.53,258,250,113.85,115,195,34.15,1895.53,1.04851089960086,1.13709058188362,112.555882352941,1.33227746182772,0.0118365867156556
11,1683,"2ch_WT_002_pos010.tif",150.62,2155.01,259,250,113.85,115,169,35.62,1986.01,1.09364445809027,1.19136772645471,112.555882352941,1.33227746182772,0.0118365867156556
12,1683,"2ch_WT_002_pos010.tif",148.77,1819.08,260,247,114.4,116,165,32.77,1654.08,1.00614062020264,0.992249550089982,112.555882352941,1.33227746182772,0.0118365867156556
13,1683,"2ch_WT_002_pos010.tif",153.16,1927.4,260,247,114.4,116,164,37.16,1763.4,1.1409272336506,1.05782843431314,112.555882352941,1.33227746182772,0.0118365867156556
14,1683,"2ch_WT_002_pos010.tif",162.57,2336.44,261,245,112.75,117,169,45.57,2167.44,1.39914031317163,1.30020395920816,112.555882352941,1.33227746182772,0.0118365867156556
15,1683,"2ch_WT_002_pos010.tif",162.98,2019.79,262,245,112.2,118,175,44.98,1844.79,1.38102548357384,1.10665266946611,112.555882352941,1.33227746182772,0.0118365867156556
16,1683,"2ch_WT_002_pos010.tif",169,2013.9,262,245,112.2,120,178,49,1835.9,1.50445194964691,1.10131973605279,112.555882352941,1.33227746182772,0.0118365867156556
0,1691,"2ch_WT_003_pos001.tif",175.62,3388.38,579,372,124.3,111,140,64.62,3248.38,1,1,123.555882352941,1.53040868244208,0.0123863684455785
1,1691,"2ch_WT_003_pos001.tif",171.64,2965.67,579,382,124.3,110,130,61.64,2835.67,0.953884246363355,0.872948977644241,123.555882352941,1.53040868244208,0.0123863684455785
2,1691,"2ch_WT_003_pos001.tif",190.12,4895.15,570,381,118.25,111,133,79.12,4762.15,1.22438873413804,1.46600767151626,123.555882352941,1.53040868244208,0.0123863684455785
3,1691,"2ch_WT_003_pos001.tif",173.87,2917.66,579,381,125.95,111,139,62.87,2778.66,0.972918601052306,0.855398691039841,123.555882352941,1.53040868244208,0.0123863684455785
4,1691,"2ch_WT_003_pos001.tif",162.28,2212.05,579,380,124.85,111,131,51.28,2081.05,0.793562364593005,0.640642412525628,123.555882352941,1.53040868244208,0.0123863684455785
5,1691,"2ch_WT_003_pos001.tif",171.97,2856.24,579,380,123.75,112,135,59.97,2721.24,0.928040854224698,0.837722187675087,123.555882352941,1.53040868244208,0.0123863684455785
6,1691,"2ch_WT_003_pos001.tif",172.84,2814.72,579,380,123.75,113,134,59.84,2680.72,0.926029093160012,0.82524827760299,123.555882352941,1.53040868244208,0.0123863684455785
7,1691,"2ch_WT_003_pos001.tif",174.59,2752.02,580,379,123.2,114,140,60.59,2612.02,0.937635406994738,0.804099274099705,123.555882352941,1.53040868244208,0.0123863684455785
8,1691,"2ch_WT_003_pos001.tif",188.14,2830.76,580,379,123.75,116,140,72.14,2690.76,1.11637264004952,0.828339049002888,123.555882352941,1.53040868244208,0.0123863684455785
9,1691,"2ch_WT_003_pos001.tif",201.78,2838.36,581,379,123.2,115,138,86.78,2700.36,1.34292788610337,0.831294368269722,123.555882352941,1.53040868244208,0.0123863684455785
10,1691,"2ch_WT_003_pos001.tif",203.2,2961.72,580,379,123.75,115,137,88.2,2824.72,1.36490250696379,0.869578066605508,123.555882352941,1.53040868244208,0.0123863684455785
11,1691,"2ch_WT_003_pos001.tif",205.67,3063.58,580,380,123.75,115,136,90.67,2927.58,1.40312596719282,0.901243081166612,123.555882352941,1.53040868244208,0.0123863684455785
12,1691,"2ch_WT_003_pos001.tif",206.48,2943.61,581,379,123.2,115,136,91.48,2807.61,1.41566078613432,0.864310825703889,123.555882352941,1.53040868244208,0.0123863684455785
13,1691,"2ch_WT_003_pos001.tif",210.41,2915.36,580,378,123.75,116,137,94.41,2778.36,1.46100278551532,0.855306337312753,123.555882352941,1.53040868244208,0.0123863684455785
14,1691,"2ch_WT_003_pos001.tif",219.34,3062.73,580,379,123.75,116,136,103.34,2926.73,1.59919529557413,0.900981412273195,123.555882352941,1.53040868244208,0.0123863684455785
15,1691,"2ch_WT_003_pos001.tif",219.36,2992.97,580,378,123.75,117,139,102.36,2853.97,1.58402971216342,0.878582554996644,123.555882352941,1.53040868244208,0.0123863684455785
16,1691,"2ch_WT_003_pos001.tif",219.09,2913.11,581,378,123.2,116,138,103.09,2775.11,1.59532652429588,0.854305838602627,123.555882352941,1.53040868244208,0.0123863684455785
0,1692,"2ch_WT_003_pos001.tif",167.26,3984.09,1102,782,97.9,111,140,56.26,3844.09,1,1,94.6,1.48092032196199,0.0156545488579492
1,1692,"2ch_WT_003_pos001.tif",167.42,4191.32,1102,783,95.15,110,130,57.42,4061.32,1.02061855670103,1.05651012333218,94.6,1.48092032196199,0.0156545488579492
2,1692,"2ch_WT_003_pos001.tif",166.35,3919.41,1101,784,95.15,111,133,55.35,3786.41,0.983825097760398,0.98499514839663,94.6,1.48092032196199,0.0156545488579492
3,1692,"2ch_WT_003_pos001.tif",171.57,4422.98,1102,777,94.6,111,139,60.57,4283.98,1.07660860291504,1.11443280464297,94.6,1.48092032196199,0.0156545488579492
4,1692,"2ch_WT_003_pos001.tif",171.57,4385.17,1102,780,94.6,111,131,60.57,4254.17,1.07660860291504,1.10667804343811,94.6,1.48092032196199,0.0156545488579492
5,1692,"2ch_WT_003_pos001.tif",178.38,5374.12,1105,779,91.3,112,135,66.38,5239.12,1.17987913259865,1.36290253349948,94.6,1.48092032196199,0.0156545488579492
6,1692,"2ch_WT_003_pos001.tif",173.88,4009.88,1101,780,95.15,113,134,60.88,3875.88,1.08211873444721,1.00826983759485,94.6,1.48092032196199,0.0156545488579492
7,1692,"2ch_WT_003_pos001.tif",177.92,4559.54,1102,779,94.6,114,140,63.92,4419.54,1.13615357269819,1.14969732758598,94.6,1.48092032196199,0.0156545488579492
8,1692,"2ch_WT_003_pos001.tif",177.98,3896.29,1101,779,95.15,116,140,61.98,3756.29,1.1016708140775,0.977159743918587,94.6,1.48092032196199,0.0156545488579492
9,1692,"2ch_WT_003_pos001.tif",181.64,4347.21,1102,780,94.6,115,138,66.64,4209.21,1.18450053323854,1.09498216743104,94.6,1.48092032196199,0.0156545488579492
10,1692,"2ch_WT_003_pos001.tif",191.27,5383.53,1105,779,91.3,115,137,76.27,5246.53,1.35567010309278,1.36483016786808,94.6,1.48092032196199,0.0156545488579492
11,1692,"2ch_WT_003_pos001.tif",189.84,4428.62,1102,778,94.05,115,136,74.84,4292.62,1.33025239957341,1.11668041070839,94.6,1.48092032196199,0.0156545488579492
12,1692,"2ch_WT_003_pos001.tif",188.29,3800.26,1102,779,95.15,115,136,73.29,3664.26,1.30270174191255,0.953219097367648,94.6,1.48092032196199,0.0156545488579492
13,1692,"2ch_WT_003_pos001.tif",191.09,3888.92,1102,776,95.15,116,137,75.09,3751.92,1.33469605403484,0.976022933906334,94.6,1.48092032196199,0.0156545488579492
14,1692,"2ch_WT_003_pos001.tif",201.59,4297.86,1103,778,94.6,116,136,85.59,4161.86,1.52132954141486,1.08266455780172,94.6,1.48092032196199,0.0156545488579492
15,1692,"2ch_WT_003_pos001.tif",206.15,4482.95,1103,778,94.6,117,139,89.15,4343.95,1.58460718094561,1.13003337590951,94.6,1.48092032196199,0.0156545488579492
16,1692,"2ch_WT_003_pos001.tif",205.46,3884.79,1103,778,95.15,116,138,89.46,3746.79,1.59011731247778,0.974688417804994,94.6,1.48092032196199,0.0156545488579492
0,1701,"2ch_WT_003_pos002.tif",155.61,2681.92,385,276,147.4,108,141,47.61,2540.92,1,1,148.176470588235,0.3917579159454,0.00264386048871449
1,1701,"2ch_WT_003_pos002.tif",156.77,2752.5,386,274,147.4,109,133,47.77,2619.5,1.00336063852132,1.03092580640083,148.176470588235,0.3917579159454,0.00264386048871449
2,1701,"2ch_WT_003_pos002.tif",156.42,2797.16,386,275,147.95,109,140,47.42,2657.16,0.996009241755933,1.04574720967209,148.176470588235,0.3917579159454,0.00264386048871449
3,1701,"2ch_WT_003_pos002.tif",156.96,2785.76,387,275,147.95,109,134.7,47.96,2651.06,1.00735139676539,1.04334650441572,148.176470588235,0.3917579159454,0.00264386048871449
4,1701,"2ch_WT_003_pos002.tif",161.89,3035.28,388,275,147.95,110,132,51.89,2903.28,1.08989708044528,1.14260976339279,148.176470588235,0.3917579159454,0.00264386048871449
5,1701,"2ch_WT_003_pos002.tif",154.76,2527.93,388,273,148.5,111,142,43.76,2385.93,0.91913463558076,0.939002408576421,148.176470588235,0.3917579159454,0.00264386048871449
6,1701,"2ch_WT_003_pos002.tif",156.49,2495.51,389,273,148.5,111,143.7,45.49,2351.81,0.955471539592523,0.925574201470334,148.176470588235,0.3917579159454,0.00264386048871449
7,1701,"2ch_WT_003_pos002.tif",157.64,2452.89,389,272,148.5,111,138,46.64,2314.89,0.979626128964503,0.911044031295751,148.176470588235,0.3917579159454,0.00264386048871449
8,1701,"2ch_WT_003_pos002.tif",158.04,2369.93,390,273,148.5,112,136,46.04,2233.93,0.967023734509556,0.879181556286699,148.176470588235,0.3917579159454,0.00264386048871449
9,1701,"2ch_WT_003_pos002.tif",167.95,2980.02,390,273,147.95,111,133,56.95,2847.02,1.196177273682,1.12046817688081,148.176470588235,0.3917579159454,0.00264386048871449
10,1701,"2ch_WT_003_pos002.tif",175,3048.75,391,278,147.95,112,131,63,2917.75,1.32325141776938,1.14830455110747,148.176470588235,0.3917579159454,0.00264386048871449
11,1701,"2ch_WT_003_pos002.tif",162.49,2349.97,391,272,148.5,112,128,50.49,2221.97,1.06049149338374,0.874474599751271,148.176470588235,0.3917579159454,0.00264386048871449
12,1701,"2ch_WT_003_pos002.tif",175.8,2991.21,391,271,147.95,112,128,63.8,2863.21,1.34005461037597,1.12683988476615,148.176470588235,0.3917579159454,0.00264386048871449
13,1701,"2ch_WT_003_pos002.tif",169.12,2458.97,392,270,148.5,113,128,56.12,2330.97,1.17874396135266,0.917372447774822,148.176470588235,0.3917579159454,0.00264386048871449
14,1701,"2ch_WT_003_pos002.tif",172.03,2436.29,391,270,148.5,113,127,59.03,2309.29,1.23986557445915,0.908840105158761,148.176470588235,0.3917579159454,0.00264386048871449
15,1701,"2ch_WT_003_pos002.tif",177.51,2452.61,392,270,148.5,113,129,64.51,2323.61,1.35496744381432,0.914475859137635,148.176470588235,0.3917579159454,0.00264386048871449
16,1701,"2ch_WT_003_pos002.tif",182.66,2521.78,392,268,148.5,114,130,68.66,2391.78,1.44213400546104,0.941304724273098,148.176470588235,0.3917579159454,0.00264386048871449
0,1702,"2ch_WT_003_pos002.tif",123.22,2794.63,1131,989,112.75,108,141,15.22,2653.63,1,1,110.226470588235,1.85557585797668,0.0168342127628164
1,1702,"2ch_WT_003_pos002.tif",123.32,2456.07,1132,987,113.3,109,133,14.32,2323.07,0.940867279894875,0.875431013366596,110.226470588235,1.85557585797668,0.0168342127628164
2,1702,"2ch_WT_003_pos002.tif",125.06,2990.96,1132,988,111.65,109,140,16.06,2850.96,1.05519053876478,1.07436228863858,110.226470588235,1.85557585797668,0.0168342127628164
3,1702,"2ch_WT_003_pos002.tif",126.11,2783.87,1133,987,111.1,109,134.7,17.11,2649.17,1.12417871222076,0.998319283396706,110.226470588235,1.85557585797668,0.0168342127628164
4,1702,"2ch_WT_003_pos002.tif",130.48,4946.42,1128,988,105.6,110,132,20.48,4814.42,1.34559789750328,1.8142770469131,110.226470588235,1.85557585797668,0.0168342127628164
5,1702,"2ch_WT_003_pos002.tif",129.38,3237.19,1133,986,111.65,111,142,18.38,3095.19,1.20762155059133,1.1663984805719,110.226470588235,1.85557585797668,0.0168342127628164
6,1702,"2ch_WT_003_pos002.tif",136.28,4812.2,1130,986,107.25,111,143.7,25.28,4668.5,1.66097240473062,1.75928822028693,110.226470588235,1.85557585797668,0.0168342127628164
7,1702,"2ch_WT_003_pos002.tif",136.97,3642.87,1133,986,110,111,138,25.97,3504.87,1.70630749014455,1.32078322901083,110.226470588235,1.85557585797668,0.0168342127628164
8,1702,"2ch_WT_003_pos002.tif",138.17,3177.01,1134,986,111.65,112,136,26.17,3041.01,1.71944809461235,1.14598116542246,110.226470588235,1.85557585797668,0.0168342127628164
9,1702,"2ch_WT_003_pos002.tif",141.69,3291.53,1134,986,110.55,111,133,30.69,3158.53,2.01642575558476,1.19026767107698,110.226470588235,1.85557585797668,0.0168342127628164
10,1702,"2ch_WT_003_pos002.tif",146.04,3201.93,1136,986,110,112,131,34.04,3070.93,2.2365308804205,1.15725628667147,110.226470588235,1.85557585797668,0.0168342127628164
11,1702,"2ch_WT_003_pos002.tif",147.66,2983.11,1135,984,110,112,128,35.66,2855.11,2.34296977660972,1.07592618413268,110.226470588235,1.85557585797668,0.0168342127628164
12,1702,"2ch_WT_003_pos002.tif",160.97,4189.45,1134,984,109.45,112,128,48.97,4061.45,3.21747700394218,1.53052610951791,110.226470588235,1.85557585797668,0.0168342127628164
13,1702,"2ch_WT_003_pos002.tif",156.99,3001.87,1135,984,110,113,128,43.99,2873.87,2.89027595269382,1.08299574545057,110.226470588235,1.85557585797668,0.0168342127628164
14,1702,"2ch_WT_003_pos002.tif",172.77,3780.91,1134,984,109.45,113,127,59.77,3653.91,3.92706964520368,1.37694780357473,110.226470588235,1.85557585797668,0.0168342127628164
15,1702,"2ch_WT_003_pos002.tif",181.13,3678.46,1134,983,109.45,113,129,68.13,3549.46,4.47634691195795,1.33758662662089,110.226470588235,1.85557585797668,0.0168342127628164
16,1702,"2ch_WT_003_pos002.tif",180.67,3074.73,1136,981,110,114,130,66.67,2944.73,4.38042049934297,1.10969878995941,110.226470588235,1.85557585797668,0.0168342127628164
0,1723,"2ch_WT_003_pos003.tif",137.08,1746.31,1042,651,120.45,109,170,28.08,1576.31,1,1,118.994117647059,0.776386331212831,0.00652457740403288
1,1723,"2ch_WT_003_pos003.tif",141.68,2099.34,1042,651,120.45,110,156,31.68,1943.34,1.12820512820513,1.23284125584435,118.994117647059,0.776386331212831,0.00652457740403288
2,1723,"2ch_WT_003_pos003.tif",143.09,2281.26,1042,651,120.45,110,154,33.09,2127.26,1.1784188034188,1.34951881292385,118.994117647059,0.776386331212831,0.00652457740403288
3,1723,"2ch_WT_003_pos003.tif",144.87,2543.81,1043,650,118.25,110,151,34.87,2392.81,1.24180911680912,1.5179818690486,118.994117647059,0.776386331212831,0.00652457740403288
4,1723,"2ch_WT_003_pos003.tif",144.63,2589.69,1043,651,118.25,111,166,33.63,2423.69,1.19764957264957,1.53757192430423,118.994117647059,0.776386331212831,0.00652457740403288
5,1723,"2ch_WT_003_pos003.tif",146.75,2640.58,1043,650,118.25,113,166,33.75,2474.58,1.20192307692308,1.56985618311119,118.994117647059,0.776386331212831,0.00652457740403288
6,1723,"2ch_WT_003_pos003.tif",146.55,2622.65,1044,650,118.8,112,148,34.55,2474.65,1.23041310541311,1.56990059061987,118.994117647059,0.776386331212831,0.00652457740403288
7,1723,"2ch_WT_003_pos003.tif",148.6,2627.65,1044,651,118.8,113,142,35.6,2485.65,1.26780626780627,1.5768789134117,118.994117647059,0.776386331212831,0.00652457740403288
8,1723,"2ch_WT_003_pos003.tif",149.19,2653.42,1044,651,118.8,113,143,36.19,2510.42,1.28881766381766,1.59259282755296,118.994117647059,0.776386331212831,0.00652457740403288
9,1723,"2ch_WT_003_pos003.tif",149.19,2279.89,1044,647,119.35,114,144,35.19,2135.89,1.25320512820513,1.35499362435054,118.994117647059,0.776386331212831,0.00652457740403288
10,1723,"2ch_WT_003_pos003.tif",155.08,2676.91,1044,650,118.25,114,144,41.08,2532.91,1.46296296296296,1.60686032569736,118.994117647059,0.776386331212831,0.00652457740403288
11,1723,"2ch_WT_003_pos003.tif",158.68,2687.98,1045,650,118.8,114,144,44.68,2543.98,1.59116809116809,1.61388305599787,118.994117647059,0.776386331212831,0.00652457740403288
12,1723,"2ch_WT_003_pos003.tif",161.02,2683.4,1045,650,118.8,115,145,46.02,2538.4,1.63888888888889,1.61034314316346,118.994117647059,0.776386331212831,0.00652457740403288
13,1723,"2ch_WT_003_pos003.tif",168.47,2716.23,1044,650,118.25,115,144,53.47,2572.23,1.90420227920228,1.63180465771327,118.994117647059,0.776386331212831,0.00652457740403288
14,1723,"2ch_WT_003_pos003.tif",161.91,2135.56,1044,650,119.35,116,144,45.91,1991.56,1.63497150997151,1.26343168539183,118.994117647059,0.776386331212831,0.00652457740403288
15,1723,"2ch_WT_003_pos003.tif",177.4,2785.71,1045,650,118.8,116,142,61.4,2643.71,2.18660968660969,1.67715106800058,118.994117647059,0.776386331212831,0.00652457740403288
16,1723,"2ch_WT_003_pos003.tif",186.66,2734.13,1045,650,118.8,116,143,70.66,2591.13,2.51638176638177,1.6437946850556,118.994117647059,0.776386331212831,0.00652457740403288
0,1731,"2ch_WT_003_pos004.tif",123.34,2563.14,543,329,121,109,141,14.34,2422.14,1,1,119.544117647059,1.06402572116191,0.00890069492422312
1,1731,"2ch_WT_003_pos004.tif",124.66,3116.04,543,329,121.55,109,142,15.66,2974.04,1.09205020920502,1.22785635842685,119.544117647059,1.06402572116191,0.00890069492422312
2,1731,"2ch_WT_003_pos004.tif",124.83,2608.64,543,328,122.1,110,135,14.83,2473.64,1.03417015341701,1.02126218963396,119.544117647059,1.06402572116191,0.00890069492422312
3,1731,"2ch_WT_003_pos004.tif",126.37,3076.18,545,328,120.45,109,131,17.37,2945.18,1.21129707112971,1.21594127507081,119.544117647059,1.06402572116191,0.00890069492422312
4,1731,"2ch_WT_003_pos004.tif",127.41,4102.41,545,328,119.35,110,131,17.41,3971.41,1.21408647140865,1.63962859289719,119.544117647059,1.06402572116191,0.00890069492422312
5,1731,"2ch_WT_003_pos004.tif",128.81,4754.08,548,327,118.8,110,134,18.81,4620.08,1.31171548117155,1.90743722493332,119.544117647059,1.06402572116191,0.00890069492422312
6,1731,"2ch_WT_003_pos004.tif",129.5,4737.67,548,327,118.8,110,136,19.5,4601.67,1.35983263598326,1.89983650821175,119.544117647059,1.06402572116191,0.00890069492422312
7,1731,"2ch_WT_003_pos004.tif",130.2,4145.46,548,328,119.35,111,131,19.2,4014.46,1.33891213389121,1.65740213199898,119.544117647059,1.06402572116191,0.00890069492422312
8,1731,"2ch_WT_003_pos004.tif",131.32,4135.45,547,327,119.35,111,128,20.32,4007.45,1.41701534170153,1.65450799706045,119.544117647059,1.06402572116191,0.00890069492422312
9,1731,"2ch_WT_003_pos004.tif",133.93,4113.71,548,327,119.35,111,126,22.93,3987.71,1.59902370990237,1.64635817913085,119.544117647059,1.06402572116191,0.00890069492422312
10,1731,"2ch_WT_003_pos004.tif",138.39,4730.95,549,327,118.8,112,131,26.39,4599.95,1.84030683403068,1.89912639236378,119.544117647059,1.06402572116191,0.00890069492422312
11,1731,"2ch_WT_003_pos004.tif",140.7,4202.39,548,327,119.35,113,130,27.7,4072.39,1.93165969316597,1.6813189989018,119.544117647059,1.06402572116191,0.00890069492422312
12,1731,"2ch_WT_003_pos004.tif",148.38,4674.24,550,326,118.8,114,130,34.38,4544.24,2.39748953974895,1.8761260703345,119.544117647059,1.06402572116191,0.00890069492422312
13,1731,"2ch_WT_003_pos004.tif",152.54,4726.15,549,328,118.8,114,128,38.54,4598.15,2.68758716875872,1.89838324787172,119.544117647059,1.06402572116191,0.00890069492422312
14,1731,"2ch_WT_003_pos004.tif",157.27,4724.09,549,328,118.8,114,127,43.27,4597.09,3.01743375174338,1.8979456183375,119.544117647059,1.06402572116191,0.00890069492422312
15,1731,"2ch_WT_003_pos004.tif",161.74,4641.01,549,329,118.8,115,126,46.74,4515.01,3.25941422594142,1.86405822949953,119.544117647059,1.06402572116191,0.00890069492422312
16,1731,"2ch_WT_003_pos004.tif",167.33,4658.85,549,329,118.8,115,125,52.33,4533.85,3.64923291492329,1.8718364751831,119.544117647059,1.06402572116191,0.00890069492422312
0,1755,"2ch_WT_003_pos006.tif",138.7,5244.43,397,474,67.65,108,133,30.7,5111.43,1,1,67.1,0.912071817347736,0.0135927245506369
1,1755,"2ch_WT_003_pos006.tif",141.02,5039.19,398,473,68.2,108,125.7,33.02,4913.49,1.07557003257329,0.961275024797366,67.1,0.912071817347736,0.0135927245506369
2,1755,"2ch_WT_003_pos006.tif",142.48,5332.49,399,474,67.65,109,130,33.48,5202.49,1.09055374592834,1.01781497545697,67.1,0.912071817347736,0.0135927245506369
3,1755,"2ch_WT_003_pos006.tif",143.67,5418.91,400,476,67.65,109,129,34.67,5289.91,1.12931596091205,1.03491782143158,67.1,0.912071817347736,0.0135927245506369
4,1755,"2ch_WT_003_pos006.tif",144.45,5224.16,401,473,68.2,110,136,34.45,5088.16,1.12214983713355,0.99544745795208,67.1,0.912071817347736,0.0135927245506369
5,1755,"2ch_WT_003_pos006.tif",145.64,5249.8,400,472,68.2,109,132,36.64,5117.8,1.19348534201954,1.00124622659412,67.1,0.912071817347736,0.0135927245506369
6,1755,"2ch_WT_003_pos006.tif",147.32,5769.51,400,470,67.1,109,129.7,38.32,5639.81,1.24820846905537,1.1033722461229,67.1,0.912071817347736,0.0135927245506369
7,1755,"2ch_WT_003_pos006.tif",147.47,5630.24,400,470,67.1,110,133,37.47,5497.24,1.22052117263844,1.07547985593073,67.1,0.912071817347736,0.0135927245506369
8,1755,"2ch_WT_003_pos006.tif",152.11,5917.64,401,472,67.1,110,129,42.11,5788.64,1.37166123778502,1.13248934251276,67.1,0.912071817347736,0.0135927245506369
9,1755,"2ch_WT_003_pos006.tif",155.41,5478.16,401,471,67.1,110,130,45.41,5348.16,1.47915309446254,1.04631384954895,67.1,0.912071817347736,0.0135927245506369
10,1755,"2ch_WT_003_pos006.tif",159.33,6107.02,400,471,65.45,111,132,48.33,5975.02,1.5742671009772,1.16895271968901,67.1,0.912071817347736,0.0135927245506369
11,1755,"2ch_WT_003_pos006.tif",161.68,5574.6,401,469,67.1,111,134,50.68,5440.6,1.65081433224756,1.06439880816132,67.1,0.912071817347736,0.0135927245506369
12,1755,"2ch_WT_003_pos006.tif",162.86,6018.24,399,471,65.45,111,133,51.86,5885.24,1.68925081433225,1.15138816339068,67.1,0.912071817347736,0.0135927245506369
13,1755,"2ch_WT_003_pos006.tif",164.2,5722.17,401,471,67.65,111,134,53.2,5588.17,1.7328990228013,1.0932693981919,67.1,0.912071817347736,0.0135927245506369
14,1755,"2ch_WT_003_pos006.tif",168.31,5572.4,401,471,67.1,111,131,57.31,5441.4,1.86677524429968,1.06455532013546,67.1,0.912071817347736,0.0135927245506369
15,1755,"2ch_WT_003_pos006.tif",188.77,5754.29,402,475,66.55,112,131,76.77,5623.29,2.50065146579805,1.10014027385683,67.1,0.912071817347736,0.0135927245506369
16,1755,"2ch_WT_003_pos006.tif",183.79,5984.49,400,471,65.45,112,131,71.79,5853.49,2.33843648208469,1.14517659441683,67.1,0.912071817347736,0.0135927245506369
0,1765,"2ch_WT_003_pos007.tif",124.14,4469.21,1367,887,118.25,107,174.7,17.14,4294.51,1,1,115.629411764706,1.7011079866819,0.0147117239525829
1,1765,"2ch_WT_003_pos007.tif",126.02,4905.75,1367,886,116.05,107,166,19.02,4739.75,1.10968494749125,1.10367655448468,115.629411764706,1.7011079866819,0.0147117239525829
2,1765,"2ch_WT_003_pos007.tif",128.03,5034.67,1369,886,116.6,108,175,20.03,4859.67,1.16861143523921,1.1316005784129,115.629411764706,1.7011079866819,0.0147117239525829
3,1765,"2ch_WT_003_pos007.tif",128.07,5123.23,1369,886,115.5,107,170,21.07,4953.23,1.22928821470245,1.15338653303869,115.629411764706,1.7011079866819,0.0147117239525829
4,1765,"2ch_WT_003_pos007.tif",129.52,5353.93,1369,885,115.5,108,178,21.52,5175.93,1.25554259043174,1.20524343871594,115.629411764706,1.7011079866819,0.0147117239525829
5,1765,"2ch_WT_003_pos007.tif",131.04,5101.32,1368,884,114.95,108,183,23.04,4918.32,1.34422403733956,1.14525754975539,115.629411764706,1.7011079866819,0.0147117239525829
6,1765,"2ch_WT_003_pos007.tif",130.94,4867.01,1370,884,116.05,108,175,22.94,4692.01,1.33838973162194,1.09256003595288,115.629411764706,1.7011079866819,0.0147117239525829
7,1765,"2ch_WT_003_pos007.tif",134.32,4932.56,1370,884,115.5,108,177,26.32,4755.56,1.53558926487748,1.10735799893352,115.629411764706,1.7011079866819,0.0147117239525829
8,1765,"2ch_WT_003_pos007.tif",137.05,5220.53,1370,884,116.6,109,179,28.05,5041.53,1.6365227537923,1.17394766806923,115.629411764706,1.7011079866819,0.0147117239525829
9,1765,"2ch_WT_003_pos007.tif",138.3,5025.74,1369,884,116.05,108,177,30.3,4848.74,1.76779463243874,1.1290554684935,115.629411764706,1.7011079866819,0.0147117239525829
10,1765,"2ch_WT_003_pos007.tif",140.01,5399.7,1370,883,117.7,109,176,31.01,5223.7,1.80921820303384,1.21636694291083,115.629411764706,1.7011079866819,0.0147117239525829
11,1765,"2ch_WT_003_pos007.tif",143.91,5047.19,1370,883,117.15,109,179,34.91,4868.19,2.036756126021,1.13358450673069,115.629411764706,1.7011079866819,0.0147117239525829
12,1765,"2ch_WT_003_pos007.tif",147.77,5405.96,1371,884,115.5,109,178,38.77,5227.96,2.26196032672112,1.21735890706972,115.629411764706,1.7011079866819,0.0147117239525829
13,1765,"2ch_WT_003_pos007.tif",147.92,4489.7,1370,887,114.95,109,173,38.92,4316.7,2.27071178529755,1.00516706213282,115.629411764706,1.7011079866819,0.0147117239525829
14,1765,"2ch_WT_003_pos007.tif",136.75,2631.67,1370,898,114.95,110,175,26.75,2456.67,1.56067677946324,0.572048964841158,115.629411764706,1.7011079866819,0.0147117239525829
15,1765,"2ch_WT_003_pos007.tif",136.72,2495.69,1368,900,113.85,111,176,25.72,2319.69,1.50058343057176,0.540152427168641,115.629411764706,1.7011079866819,0.0147117239525829
16,1765,"2ch_WT_003_pos007.tif",142,3520.75,1367,898,110.55,112,179,30,3341.75,1.75029171528588,0.778144654454175,115.629411764706,1.7011079866819,0.0147117239525829
0,1766,"2ch_WT_003_pos007.tif",138.82,3712.19,233,600,109.45,107,174.7,31.82,3537.49,1,1,107.217647058824,1.7765786269251,0.0165698341239516
1,1766,"2ch_WT_003_pos007.tif",142,4310.32,231,598,107.25,107,166,35,4144.32,1.09993714644877,1.17154253439586,107.217647058824,1.7765786269251,0.0165698341239516
2,1766,"2ch_WT_003_pos007.tif",143.43,4539.16,232,598,106.7,108,175,35.43,4364.16,1.11345065996229,1.23368829311178,107.217647058824,1.7765786269251,0.0165698341239516
3,1766,"2ch_WT_003_pos007.tif",145.51,4642.12,233,597,107.8,107,170,38.51,4472.12,1.21024512884978,1.26420710729924,107.217647058824,1.7765786269251,0.0165698341239516
4,1766,"2ch_WT_003_pos007.tif",144.26,4874.65,233,597,107.8,108,178,36.26,4696.65,1.13953488372093,1.32767866481601,107.217647058824,1.7765786269251,0.0165698341239516
5,1766,"2ch_WT_003_pos007.tif",135.82,3282.99,234,606,107.8,108,183,27.82,3099.99,0.874292897548711,0.876324738727177,107.217647058824,1.7765786269251,0.0165698341239516
6,1766,"2ch_WT_003_pos007.tif",151.87,5196.58,234,596,106.7,108,175,43.87,5021.58,1.37869264613451,1.41953192800545,107.217647058824,1.7765786269251,0.0165698341239516
7,1766,"2ch_WT_003_pos007.tif",149.04,4982.57,234,596,107.8,108,177,41.04,4805.57,1.28975487115022,1.3584688578625,107.217647058824,1.7765786269251,0.0165698341239516
8,1766,"2ch_WT_003_pos007.tif",145.9,5033.67,240,596,102.85,109,179,36.9,4854.67,1.15964802011314,1.3723487557562,107.217647058824,1.7765786269251,0.0165698341239516
9,1766,"2ch_WT_003_pos007.tif",146.89,4543.13,234,596,107.8,108,177,38.89,4366.13,1.22218730358265,1.2342451851454,107.217647058824,1.7765786269251,0.0165698341239516
10,1766,"2ch_WT_003_pos007.tif",146.99,4170.46,233,595,108.35,109,176,37.99,3994.46,1.19390320553111,1.12917916375735,107.217647058824,1.7765786269251,0.0165698341239516
11,1766,"2ch_WT_003_pos007.tif",148.98,3864.43,233,596,108.35,109,179,39.98,3685.43,1.25644248900063,1.04182061292046,107.217647058824,1.7765786269251,0.0165698341239516
12,1766,"2ch_WT_003_pos007.tif",152.58,3878.53,234,596,108.35,109,178,43.58,3700.53,1.36957888120679,1.04608917622382,107.217647058824,1.7765786269251,0.0165698341239516
13,1766,"2ch_WT_003_pos007.tif",154.83,4034.64,233,595,108.35,109,173,45.83,3861.64,1.44028912633564,1.09163276786648,107.217647058824,1.7765786269251,0.0165698341239516
14,1766,"2ch_WT_003_pos007.tif",150.98,3305.82,223,595,102.85,110,175,40.98,3130.82,1.28786926461345,0.885039957710128,107.217647058824,1.7765786269251,0.0165698341239516
15,1766,"2ch_WT_003_pos007.tif",168.39,4378.61,233,602,107.25,111,176,57.39,4202.61,1.80358265241986,1.18802031949207,107.217647058824,1.7765786269251,0.0165698341239516
16,1766,"2ch_WT_003_pos007.tif",176.48,4454.53,234,595,107.25,112,179,64.48,4275.53,2.02639849151477,1.20863380532524,107.217647058824,1.7765786269251,0.0165698341239516
0,1799,"2ch_WT_003_pos009.tif",121.37,4787.61,993,961,69.85,110,142,11.37,4645.61,1,1,68.2,0.673609679265371,0.00987697476928696
1,1799,"2ch_WT_003_pos009.tif",123.27,5530.03,995,962,68.75,110,149,13.27,5381.03,1.16710642040457,1.1583042915785,68.2,0.673609679265371,0.00987697476928696
2,1799,"2ch_WT_003_pos009.tif",123.76,5146.28,996,963,68.75,110,136,13.76,5010.28,1.21020228671944,1.07849776455622,68.2,0.673609679265371,0.00987697476928696
3,1799,"2ch_WT_003_pos009.tif",125.6,5420.78,997,963,69.3,110,133,15.6,5287.78,1.37203166226913,1.13823157776912,68.2,0.673609679265371,0.00987697476928696
4,1799,"2ch_WT_003_pos009.tif",128.27,5585.55,996,962,67.65,110,133,18.27,5452.55,1.60686015831135,1.17369947111359,68.2,0.673609679265371,0.00987697476928696
5,1799,"2ch_WT_003_pos009.tif",128.8,4932.39,997,961,67.65,110,131,18.8,4801.39,1.65347405452946,1.03353273305336,68.2,0.673609679265371,0.00987697476928696
6,1799,"2ch_WT_003_pos009.tif",131.66,4708.72,997,962,67.65,111,129,20.66,4579.72,1.81706244503078,0.985816717287934,68.2,0.673609679265371,0.00987697476928696
7,1799,"2ch_WT_003_pos009.tif",136.33,5242.99,998,960,67.65,112,129,24.33,5113.99,2.13984168865435,1.100822066424,68.2,0.673609679265371,0.00987697476928696
8,1799,"2ch_WT_003_pos009.tif",139.92,5235.58,998,960,67.65,111,133,28.92,5102.58,2.54353562005277,1.09836598423027,68.2,0.673609679265371,0.00987697476928696
9,1799,"2ch_WT_003_pos009.tif",145.72,5495.51,998,960,67.65,112,135,33.72,5360.51,2.96569920844327,1.15388721825551,68.2,0.673609679265371,0.00987697476928696
10,1799,"2ch_WT_003_pos009.tif",150.1,5267.24,998,960,67.65,113,143,37.1,5124.24,3.26297273526825,1.10302845051565,68.2,0.673609679265371,0.00987697476928696
11,1799,"2ch_WT_003_pos009.tif",155.38,5195,998,959,67.65,114,135,41.38,5060,3.63940193491645,1.08920034182809,68.2,0.673609679265371,0.00987697476928696
12,1799,"2ch_WT_003_pos009.tif",159.71,5159.64,1000,959,68.2,114,133,45.71,5026.64,4.02022867194371,1.08201936882347,68.2,0.673609679265371,0.00987697476928696
13,1799,"2ch_WT_003_pos009.tif",168.91,4983.29,999,959,68.2,115,134,53.91,4849.29,4.74142480211082,1.04384354261335,68.2,0.673609679265371,0.00987697476928696
14,1799,"2ch_WT_003_pos009.tif",179.48,5046.68,999,959,68.2,114,133,65.48,4913.68,5.75901495162709,1.05770393984859,68.2,0.673609679265371,0.00987697476928696
15,1799,"2ch_WT_003_pos009.tif",186.93,5018.99,999,959,68.2,116,134,70.93,4884.99,6.23834652594547,1.05152821696182,68.2,0.673609679265371,0.00987697476928696
16,1799,"2ch_WT_003_pos009.tif",198.7,4991.38,999,958,68.75,116,131,82.7,4860.38,7.27352682497801,1.04623074257202,68.2,0.673609679265371,0.00987697476928696
0,1807,"2ch_WT_003_pos010.tif",117.9,5859.58,652,558,102.85,107,164,10.9,5695.58,1,1,101.297058823529,0.558029621815479,0.00550884328031308
1,1807,"2ch_WT_003_pos010.tif",122.02,5916.25,652,558,101.75,107,143,15.02,5773.25,1.37798165137615,1.0136368903606,101.297058823529,0.558029621815479,0.00550884328031308
2,1807,"2ch_WT_003_pos010.tif",120.12,5720.3,652,557,101.75,108,151,12.12,5569.3,1.11192660550459,0.977828421337248,101.297058823529,0.558029621815479,0.00550884328031308
3,1807,"2ch_WT_003_pos010.tif",123.32,5495.18,652,557,101.75,108,165,15.32,5330.18,1.40550458715596,0.935844988570084,101.297058823529,0.558029621815479,0.00550884328031308
4,1807,"2ch_WT_003_pos010.tif",123.08,5379.83,652,557,101.2,108,171,15.08,5208.83,1.38348623853211,0.914538993394878,101.297058823529,0.558029621815479,0.00550884328031308
5,1807,"2ch_WT_003_pos010.tif",125.75,5413.53,652,556,101.2,109,164,16.75,5249.53,1.53669724770642,0.921684885472595,101.297058823529,0.558029621815479,0.00550884328031308
6,1807,"2ch_WT_003_pos010.tif",127.69,5497.5,653,556,101.2,110,165,17.69,5332.5,1.62293577981651,0.936252321975988,101.297058823529,0.558029621815479,0.00550884328031308
7,1807,"2ch_WT_003_pos010.tif",130.73,5520.18,652,557,101.75,108,162,22.73,5358.18,2.08532110091743,0.940761081399963,101.297058823529,0.558029621815479,0.00550884328031308
8,1807,"2ch_WT_003_pos010.tif",134.76,5490.86,653,555,101.2,109,139,25.76,5351.86,2.36330275229358,0.939651449018362,101.297058823529,0.558029621815479,0.00550884328031308
9,1807,"2ch_WT_003_pos010.tif",137.19,5376.65,652,556,101.2,109,136,28.19,5240.65,2.58623853211009,0.920125781746547,101.297058823529,0.558029621815479,0.00550884328031308
10,1807,"2ch_WT_003_pos010.tif",143.99,5894.71,652,555,100.65,109,137,34.99,5757.71,3.21009174311927,1.01090845884001,101.297058823529,0.558029621815479,0.00550884328031308
11,1807,"2ch_WT_003_pos010.tif",150.78,5999.47,653,556,100.65,110,133,40.78,5866.47,3.74128440366972,1.03000396798921,101.297058823529,0.558029621815479,0.00550884328031308
12,1807,"2ch_WT_003_pos010.tif",159.38,6124.32,653,555,100.65,110,130,49.38,5994.32,4.5302752293578,1.05245119899993,101.297058823529,0.558029621815479,0.00550884328031308
13,1807,"2ch_WT_003_pos010.tif",158.92,5401.63,653,555,101.2,110,131,48.92,5270.63,4.48807339449541,0.925389512569396,101.297058823529,0.558029621815479,0.00550884328031308
14,1807,"2ch_WT_003_pos010.tif",172.26,5927.98,654,556,100.65,111,131,61.26,5796.98,5.62018348623853,1.01780327903392,101.297058823529,0.558029621815479,0.00550884328031308
15,1807,"2ch_WT_003_pos010.tif",175.43,5403.82,654,554,101.2,112,133,63.43,5270.82,5.81926605504587,0.925422871770741,101.297058823529,0.558029621815479,0.00550884328031308
16,1807,"2ch_WT_003_pos010.tif",190.3,5623.06,654,555,101.2,112,131,78.3,5492.06,7.18348623853211,0.96426702811654,101.297058823529,0.558029621815479,0.00550884328031308
0,1813,"2ch_WT_004_pos001.tif",129.74,3460.8,606,840,121.55,104,144,25.74,3316.8,1,1,121.129411764706,1.6214440731499,0.0133860476124458
1,1813,"2ch_WT_004_pos001.tif",145.26,5798.05,609,841,116.6,105,163,40.26,5635.05,1.56410256410256,1.69894175108538,121.129411764706,1.6214440731499,0.0133860476124458
2,1813,"2ch_WT_004_pos001.tif",123.85,2606.89,603,839,122.1,105,182,18.85,2424.89,0.732323232323232,0.73109322238302,121.129411764706,1.6214440731499,0.0133860476124458
3,1813,"2ch_WT_004_pos001.tif",123.13,2497.9,602,839,122.1,105,178,18.13,2319.9,0.704351204351204,0.699439218523878,121.129411764706,1.6214440731499,0.0133860476124458
4,1813,"2ch_WT_004_pos001.tif",124.5,2462.87,604,838,122.1,105,173,19.5,2289.87,0.757575757575757,0.690385311143271,121.129411764706,1.6214440731499,0.0133860476124458
5,1813,"2ch_WT_004_pos001.tif",129.85,3198.78,602,839,121,105,169.7,24.85,3029.08,0.965423465423465,0.913253738543174,121.129411764706,1.6214440731499,0.0133860476124458
6,1813,"2ch_WT_004_pos001.tif",130.17,3181.29,602,838,121.55,105,172,25.17,3009.29,0.977855477855477,0.907287144235408,121.129411764706,1.6214440731499,0.0133860476124458
7,1813,"2ch_WT_004_pos001.tif",129.68,3114.59,603,837,121.55,105,165.7,24.68,2948.89,0.958818958818959,0.88907682103232,121.129411764706,1.6214440731499,0.0133860476124458
8,1813,"2ch_WT_004_pos001.tif",139.68,3991.57,602,831,119.9,105,163,34.68,3828.57,1.34731934731935,1.15429630969609,121.129411764706,1.6214440731499,0.0133860476124458
9,1813,"2ch_WT_004_pos001.tif",130.61,3157.93,603,837,121.55,105,169,25.61,2988.93,0.994949494949495,0.901148697539797,121.129411764706,1.6214440731499,0.0133860476124458
10,1813,"2ch_WT_004_pos001.tif",133.28,3430.71,604,831,121.55,105,191,28.28,3239.71,1.0986790986791,0.976757718282682,121.129411764706,1.6214440731499,0.0133860476124458
11,1813,"2ch_WT_004_pos001.tif",133.37,3313.14,604,832,121.55,105,183,28.37,3130.14,1.1021756021756,0.943722865412446,121.129411764706,1.6214440731499,0.0133860476124458
12,1813,"2ch_WT_004_pos001.tif",131.89,3218.37,603,836,121.55,105,179,26.89,3039.37,1.04467754467754,0.916356126386879,121.129411764706,1.6214440731499,0.0133860476124458
13,1813,"2ch_WT_004_pos001.tif",151.94,5320.64,600,836,117.7,105,191,46.94,5129.64,1.82362082362082,1.54656295224313,121.129411764706,1.6214440731499,0.0133860476124458
14,1813,"2ch_WT_004_pos001.tif",127.99,2739.68,604,837,122.1,105,170,22.99,2569.68,0.893162393162393,0.774746743849493,121.129411764706,1.6214440731499,0.0133860476124458
15,1813,"2ch_WT_004_pos001.tif",129.21,2839.65,604,836,122.65,105,163,24.21,2676.65,0.940559440559441,0.806997708634829,121.129411764706,1.6214440731499,0.0133860476124458
16,1813,"2ch_WT_004_pos001.tif",139.53,3411.48,605,831,122.1,106,164,33.53,3247.48,1.3026418026418,0.979100337674867,121.129411764706,1.6214440731499,0.0133860476124458
0,1824,"2ch_WT_004_pos002.tif",135.66,3489.06,426,845,115.5,108,156,27.66,3333.06,1,1,115.208823529412,0.75606615412394,0.00656257160660028
1,1824,"2ch_WT_004_pos002.tif",138.45,3873.1,438,839,114.4,108,234,30.45,3639.1,1.10086767895879,1.09181952920139,115.208823529412,0.75606615412394,0.00656257160660028
2,1824,"2ch_WT_004_pos002.tif",138.07,3649.94,434,840,114.95,109,198,29.07,3451.94,1.05097613882863,1.03566692468782,115.208823529412,0.75606615412394,0.00656257160660028
3,1824,"2ch_WT_004_pos002.tif",133.07,2984.59,436,839,115.5,109,169,24.07,2815.59,0.870209689081706,0.844746269194074,115.208823529412,0.75606615412394,0.00656257160660028
4,1824,"2ch_WT_004_pos002.tif",135.91,3435.3,436,838,114.95,109,145,26.91,3290.3,0.972885032537961,0.987170948017738,115.208823529412,0.75606615412394,0.00656257160660028
5,1824,"2ch_WT_004_pos002.tif",137.28,3582.93,436,838,114.95,109,144,28.28,3438.93,1.02241503976862,1.03176360461558,115.208823529412,0.75606615412394,0.00656257160660028
6,1824,"2ch_WT_004_pos002.tif",133.81,3052.05,436,838,115.5,109,158,24.81,2894.05,0.896963123644252,0.868286199468357,115.208823529412,0.75606615412394,0.00656257160660028
7,1824,"2ch_WT_004_pos002.tif",133.61,2939.62,436,837,115.5,109,173,24.61,2766.62,0.889732465654375,0.830054064433284,115.208823529412,0.75606615412394,0.00656257160660028
8,1824,"2ch_WT_004_pos002.tif",133.15,2944.05,437,836,115.5,109,200.7,24.15,2743.35,0.873101952277658,0.82307249194434,115.208823529412,0.75606615412394,0.00656257160660028
9,1824,"2ch_WT_004_pos002.tif",134.76,3024.22,437,835,115.5,109,188,25.76,2836.22,0.931308749096168,0.850935776733692,115.208823529412,0.75606615412394,0.00656257160660028
10,1824,"2ch_WT_004_pos002.tif",140.06,3906.19,437,836,113.85,110,192,30.06,3714.19,1.08676789587853,1.11434837656688,115.208823529412,0.75606615412394,0.00656257160660028
11,1824,"2ch_WT_004_pos002.tif",132.24,2428.12,436,836,116.05,109,194,23.24,2234.12,0.840202458423717,0.670290963859036,115.208823529412,0.75606615412394,0.00656257160660028
12,1824,"2ch_WT_004_pos002.tif",134.17,2539.52,437,835,116.05,109,186,25.17,2353.52,0.90997830802603,0.70611390133991,115.208823529412,0.75606615412394,0.00656257160660028
13,1824,"2ch_WT_004_pos002.tif",138.81,3192.76,437,835,115.5,109,181,29.81,3011.76,1.07772957339118,0.903602095371821,115.208823529412,0.75606615412394,0.00656257160660028
14,1824,"2ch_WT_004_pos002.tif",146.53,4191.2,434,835,113.3,109,209,37.53,3982.2,1.35683297180043,1.19475797015355,115.208823529412,0.75606615412394,0.00656257160660028
15,1824,"2ch_WT_004_pos002.tif",138.36,2995.71,436,835,115.5,110,194,28.36,2801.71,1.02530730296457,0.840581927718073,115.208823529412,0.75606615412394,0.00656257160660028
16,1824,"2ch_WT_004_pos002.tif",134.7,2464.62,436,834,116.05,110,237,24.7,2227.62,0.892986261749819,0.668340803945924,115.208823529412,0.75606615412394,0.00656257160660028
0,1825,"2ch_WT_004_pos002.tif",136.68,5113.09,993,485,104.5,108,156,28.68,4957.09,1,1,103.885294117647,1.1648182135373,0.0112125419043256
1,1825,"2ch_WT_004_pos002.tif",137.65,4782.13,992,485,105.05,108,234,29.65,4548.13,1.03382147838215,0.917499984870156,103.885294117647,1.1648182135373,0.0112125419043256
2,1825,"2ch_WT_004_pos002.tif",140.8,4971.25,991,485,105.6,109,198,31.8,4773.25,1.10878661087866,0.962913725593039,103.885294117647,1.1648182135373,0.0112125419043256
3,1825,"2ch_WT_004_pos002.tif",144.43,5617.85,991,484,103.95,109,169,35.43,5448.85,1.23535564853556,1.09920336326353,103.885294117647,1.1648182135373,0.0112125419043256
4,1825,"2ch_WT_004_pos002.tif",140.75,4599.08,991,483,105.05,109,145,31.75,4454.08,1.10704323570432,0.898527160087874,103.885294117647,1.1648182135373,0.0112125419043256
5,1825,"2ch_WT_004_pos002.tif",140.61,4741.59,991,484,105.05,109,144,31.61,4597.59,1.10216178521618,0.927477612873682,103.885294117647,1.1648182135373,0.0112125419043256
6,1825,"2ch_WT_004_pos002.tif",143.39,4815.92,990,484,105.05,109,158,34.39,4657.92,1.19909344490934,0.939648059647898,103.885294117647,1.1648182135373,0.0112125419043256
7,1825,"2ch_WT_004_pos002.tif",144.09,4868.21,991,482,105.6,109,173,35.09,4695.21,1.22350069735007,0.947170618245785,103.885294117647,1.1648182135373,0.0112125419043256
8,1825,"2ch_WT_004_pos002.tif",149.93,5663.17,991,483,103.4,109,200.7,40.93,5462.47,1.42712691771269,1.10195094299276,103.885294117647,1.1648182135373,0.0112125419043256
9,1825,"2ch_WT_004_pos002.tif",147.09,5578.65,992,481,103.4,109,188,38.09,5390.65,1.32810320781032,1.08746260406811,103.885294117647,1.1648182135373,0.0112125419043256
10,1825,"2ch_WT_004_pos002.tif",150.09,5883.89,992,484,102.85,110,192,40.09,5691.89,1.39783821478382,1.14823212812356,103.885294117647,1.1648182135373,0.0112125419043256
11,1825,"2ch_WT_004_pos002.tif",145.19,5153.07,992,483,103.4,109,194,36.19,4959.07,1.26185495118549,1.00039942789015,103.885294117647,1.1648182135373,0.0112125419043256
12,1825,"2ch_WT_004_pos002.tif",149.89,5828.34,993,482,102.85,109,186,40.89,5642.34,1.42573221757322,1.13823634430684,103.885294117647,1.1648182135373,0.0112125419043256
13,1825,"2ch_WT_004_pos002.tif",151.4,5973.39,992,483,102.3,109,181,42.4,5792.39,1.47838214783821,1.1685061195177,103.885294117647,1.1648182135373,0.0112125419043256
14,1825,"2ch_WT_004_pos002.tif",159.38,6693.9,990,482,102.3,109,209,50.38,6484.9,1.75662482566248,1.3082070327551,103.885294117647,1.1648182135373,0.0112125419043256
15,1825,"2ch_WT_004_pos002.tif",151.94,5651.41,991,484,102.85,110,194,41.94,5457.41,1.46234309623431,1.10093018282904,103.885294117647,1.1648182135373,0.0112125419043256
16,1825,"2ch_WT_004_pos002.tif",152.36,5761.32,993,484,102.85,110,237,42.36,5524.32,1.47698744769874,1.11442802127861,103.885294117647,1.1648182135373,0.0112125419043256
0,1826,"2ch_WT_004_pos002.tif",333.42,4070.88,651,339,81.95,108,156,225.42,3914.88,1,1,79.1676470588235,0.812777102068617,0.0102665309916904
1,1826,"2ch_WT_004_pos002.tif",336.22,4524.07,652,339,79.2,108,234,228.22,4290.07,1.012421258096,1.09583690943273,79.1676470588235,0.812777102068617,0.0102665309916904
2,1826,"2ch_WT_004_pos002.tif",335.97,4729.1,650,339,79.2,109,198,226.97,4531.1,1.00687605358886,1.15740456923328,79.1676470588235,0.812777102068617,0.0102665309916904
3,1826,"2ch_WT_004_pos002.tif",347.18,4913.36,650,337,78.65,109,169,238.18,4744.36,1.05660544760891,1.21187878044793,79.1676470588235,0.812777102068617,0.0102665309916904
4,1826,"2ch_WT_004_pos002.tif",335.19,4671.71,651,337,78.65,109,145,226.19,4526.71,1.0034158459764,1.15628320663724,79.1676470588235,0.812777102068617,0.0102665309916904
5,1826,"2ch_WT_004_pos002.tif",335.59,4568.52,651,338,79.2,109,144,226.59,4424.52,1.00519031141868,1.13018023540951,79.1676470588235,0.812777102068617,0.0102665309916904
6,1826,"2ch_WT_004_pos002.tif",316.72,4540.79,650,338,78.65,109,158,207.72,4382.79,0.921479904178866,1.11952090485532,79.1676470588235,0.812777102068617,0.0102665309916904
7,1826,"2ch_WT_004_pos002.tif",296.02,4163.86,650,337,79.2,109,173,187.02,3990.86,0.829651317540591,1.0194080022887,79.1676470588235,0.812777102068617,0.0102665309916904
8,1826,"2ch_WT_004_pos002.tif",317.51,4586.59,651,338,79.2,109,200.7,208.51,4385.89,0.92498447342738,1.12031275543567,79.1676470588235,0.812777102068617,0.0102665309916904
9,1826,"2ch_WT_004_pos002.tif",315.42,4311.16,651,336,79.2,109,188,206.42,4123.16,0.915712891491438,1.05320214157267,79.1676470588235,0.812777102068617,0.0102665309916904
10,1826,"2ch_WT_004_pos002.tif",311.19,4610.74,651,337,79.2,110,192,201.19,4418.74,0.892511755833555,1.12870381723067,79.1676470588235,0.812777102068617,0.0102665309916904
11,1826,"2ch_WT_004_pos002.tif",301.98,4246.86,651,337,79.2,109,194,192.98,4052.86,0.856090852630645,1.0352450138957,79.1676470588235,0.812777102068617,0.0102665309916904
12,1826,"2ch_WT_004_pos002.tif",324.97,4683.96,651,336,78.65,109,186,215.97,4497.96,0.958078253926005,1.14893943109367,79.1676470588235,0.812777102068617,0.0102665309916904
13,1826,"2ch_WT_004_pos002.tif",316.45,4644.12,651,336,79.75,109,181,207.45,4463.12,0.920282140005323,1.14004005231323,79.1676470588235,0.812777102068617,0.0102665309916904
14,1826,"2ch_WT_004_pos002.tif",332.85,4745.01,650,337,78.65,109,209,223.85,4536.01,0.993035223139029,1.15865875837829,79.1676470588235,0.812777102068617,0.0102665309916904
15,1826,"2ch_WT_004_pos002.tif",321.14,4663.9,651,336,78.1,110,194,211.14,4469.9,0.936651583710407,1.14177190616315,79.1676470588235,0.812777102068617,0.0102665309916904
16,1826,"2ch_WT_004_pos002.tif",321.67,4691.35,651,335,79.2,110,237,211.67,4454.35,0.939002750421436,1.13779988147785,79.1676470588235,0.812777102068617,0.0102665309916904
0,1832,"2ch_WT_004_pos003.tif",158.13,2716.43,319,336,106.15,108,145,50.13,2571.43,1,1,104.758823529412,1.06715675015987,0.010186795863169
1,1832,"2ch_WT_004_pos003.tif",162.5,2914,318,336,106.15,109,154,53.5,2760,1.06722521444245,1.07333273703737,104.758823529412,1.06715675015987,0.010186795863169
2,1832,"2ch_WT_004_pos003.tif",157.15,2506.96,317,335,107.25,108,159,49.15,2347.96,0.980450827847596,0.913095048280529,104.758823529412,1.06715675015987,0.010186795863169
3,1832,"2ch_WT_004_pos003.tif",172.15,3673.21,318,335,104.5,109,147,63.15,3526.21,1.25972471573908,1.37130312705382,104.758823529412,1.06715675015987,0.010186795863169
4,1832,"2ch_WT_004_pos003.tif",165.08,3410.86,318,336,104.5,109,144,56.08,3266.86,1.11869140235388,1.27044484975286,104.758823529412,1.06715675015987,0.010186795863169
5,1832,"2ch_WT_004_pos003.tif",170.41,3392.19,318,335,104.5,109,153,61.41,3239.19,1.22501496110114,1.25968430017539,104.758823529412,1.06715675015987,0.010186795863169
6,1832,"2ch_WT_004_pos003.tif",155.7,2775.42,318,335,105.05,109,146,46.7,2629.42,0.931577897466587,1.02255165413797,104.758823529412,1.06715675015987,0.010186795863169
7,1832,"2ch_WT_004_pos003.tif",172.91,3847.26,316,335,103.95,109,135,63.91,3712.26,1.27488529822462,1.44365586463563,104.758823529412,1.06715675015987,0.010186795863169
8,1832,"2ch_WT_004_pos003.tif",171.36,3760.48,316,336,103.95,109,148,62.36,3612.48,1.24396568920806,1.40485255285969,104.758823529412,1.06715675015987,0.010186795863169
9,1832,"2ch_WT_004_pos003.tif",165.37,3291.05,318,335,104.5,109,141,56.37,3150.05,1.1244763614602,1.22501876387846,104.758823529412,1.06715675015987,0.010186795863169
10,1832,"2ch_WT_004_pos003.tif",162.6,3085.2,316,337,104.5,110,143,52.6,2942.2,1.049271893078,1.14418825322875,104.758823529412,1.06715675015987,0.010186795863169
11,1832,"2ch_WT_004_pos003.tif",158.41,2654.45,317,336,105.05,111,142,47.41,2512.45,0.945741073209655,0.977063346075919,104.758823529412,1.06715675015987,0.010186795863169
12,1832,"2ch_WT_004_pos003.tif",168.06,3418.34,318,335,104.5,109,143,59.06,3275.34,1.17813684420507,1.27374262569854,104.758823529412,1.06715675015987,0.010186795863169
13,1832,"2ch_WT_004_pos003.tif",159.64,2712.97,317,336,105.05,109,145,50.64,2567.97,1.01017354877319,0.998654445191975,104.758823529412,1.06715675015987,0.010186795863169
14,1832,"2ch_WT_004_pos003.tif",185.56,4347.03,317,336,102.3,110,153,75.56,4194.03,1.50728106922003,1.63101076054958,104.758823529412,1.06715675015987,0.010186795863169
15,1832,"2ch_WT_004_pos003.tif",168.96,3356.52,318,336,104.5,110,148,58.96,3208.52,1.17614203072013,1.2477570845794,104.758823529412,1.06715675015987,0.010186795863169
16,1832,"2ch_WT_004_pos003.tif",173.77,3292.76,318,336,104.5,110,142,63.77,3150.76,1.2720925593457,1.22529487483618,104.758823529412,1.06715675015987,0.010186795863169
0,1835,"2ch_WT_004_pos003.tif",135.87,4080.81,1225,541,80.3,108,145,27.87,3935.81,1,1,83.4705882352941,1.52531337185279,0.0182736626649031
1,1835,"2ch_WT_004_pos003.tif",140.4,4172.67,1232,539,85.8,109,154,31.4,4018.67,1.12665949049157,1.02105284553878,83.4705882352941,1.52531337185279,0.0182736626649031
2,1835,"2ch_WT_004_pos003.tif",140.88,3818.03,1230,540,86.35,108,159,32.88,3659.03,1.17976318622174,0.929676483366829,83.4705882352941,1.52531337185279,0.0182736626649031
3,1835,"2ch_WT_004_pos003.tif",142.52,4693.16,1225,539,80.85,109,147,33.52,4546.16,1.2027269465375,1.15507608344915,83.4705882352941,1.52531337185279,0.0182736626649031
4,1835,"2ch_WT_004_pos003.tif",145.12,4155.98,1230,539,84.15,109,144,36.12,4011.98,1.29601722282024,1.01935306836458,83.4705882352941,1.52531337185279,0.0182736626649031
5,1835,"2ch_WT_004_pos003.tif",144.12,4385.27,1231,538,84.7,109,153,35.12,4232.27,1.26013634732687,1.07532375800661,83.4705882352941,1.52531337185279,0.0182736626649031
6,1835,"2ch_WT_004_pos003.tif",144.79,4277.77,1230,538,84.15,109,146,35.79,4131.77,1.28417653390743,1.04978898879773,83.4705882352941,1.52531337185279,0.0182736626649031
7,1835,"2ch_WT_004_pos003.tif",144.4,4819.59,1228,538,83.05,109,135,35.4,4684.59,1.27018299246502,1.19024800485796,83.4705882352941,1.52531337185279,0.0182736626649031
8,1835,"2ch_WT_004_pos003.tif",145.7,4515,1229,539,83.6,109,148,36.7,4367,1.31682813060639,1.10955559338484,83.4705882352941,1.52531337185279,0.0182736626649031
9,1835,"2ch_WT_004_pos003.tif",147.2,4863.06,1229,540,82.5,109,141,38.2,4722.06,1.37064944384643,1.19976828149733,83.4705882352941,1.52531337185279,0.0182736626649031
10,1835,"2ch_WT_004_pos003.tif",146.47,4716.14,1228,541,83.6,110,143,36.47,4573.14,1.30857552924291,1.16193108915319,83.4705882352941,1.52531337185279,0.0182736626649031
11,1835,"2ch_WT_004_pos003.tif",144.49,3807.26,1228,539,84.15,111,142,33.49,3665.26,1.20165052027269,0.931259384980474,83.4705882352941,1.52531337185279,0.0182736626649031
12,1835,"2ch_WT_004_pos003.tif",148.36,4407.19,1229,540,83.6,109,143,39.36,4264.19,1.41227125941873,1.08343390560012,83.4705882352941,1.52531337185279,0.0182736626649031
13,1835,"2ch_WT_004_pos003.tif",150.18,4467.1,1229,539,83.6,109,145,41.18,4322.1,1.47757445281665,1.09814752236515,83.4705882352941,1.52531337185279,0.0182736626649031
14,1835,"2ch_WT_004_pos003.tif",151.51,4767.68,1228,539,81.95,110,153,41.51,4614.68,1.48941514172946,1.17248546042619,83.4705882352941,1.52531337185279,0.0182736626649031
15,1835,"2ch_WT_004_pos003.tif",151.13,4049.47,1228,538,83.6,110,148,41.13,3901.47,1.47578040904198,0.991274985327036,83.4705882352941,1.52531337185279,0.0182736626649031
16,1835,"2ch_WT_004_pos003.tif",153.12,4371.18,1228,539,83.05,110,142,43.12,4229.18,1.54718335127377,1.07453865913243,83.4705882352941,1.52531337185279,0.0182736626649031
0,1846,"2ch_WT_004_pos004.tif",121.96,5214.29,333,489,108.35,108,159,13.96,5055.29,1,1,113.752941176471,1.45821708220125,0.0128191593739897
1,1846,"2ch_WT_004_pos004.tif",120.58,3330.27,335,490,113.3,108,146,12.58,3184.27,0.901146131805158,0.629888690856509,113.752941176471,1.45821708220125,0.0128191593739897
2,1846,"2ch_WT_004_pos004.tif",121.27,3270.52,336,490,113.85,109,146,12.27,3124.52,0.878939828080229,0.618069388699758,113.752941176471,1.45821708220125,0.0128191593739897
3,1846,"2ch_WT_004_pos004.tif",121.39,3247.78,336,489,113.85,109,151,12.39,3096.78,0.887535816618912,0.612582067497611,113.752941176471,1.45821708220125,0.0128191593739897
4,1846,"2ch_WT_004_pos004.tif",122.99,3260.3,335,488,113.3,110,170,12.99,3090.3,0.930515759312321,0.611300241924796,113.752941176471,1.45821708220125,0.0128191593739897
5,1846,"2ch_WT_004_pos004.tif",124.42,2898.17,336,489,114.4,111,204,13.42,2694.17,0.961318051575932,0.532940741282894,113.752941176471,1.45821708220125,0.0128191593739897
6,1846,"2ch_WT_004_pos004.tif",124.72,2869.77,336,487,114.95,110,196,14.72,2673.77,1.05444126074499,0.528905364479585,113.752941176471,1.45821708220125,0.0128191593739897
7,1846,"2ch_WT_004_pos004.tif",124.68,2766.5,336,489,114.4,110,162,14.68,2604.5,1.05157593123209,0.51520288648129,113.752941176471,1.45821708220125,0.0128191593739897
8,1846,"2ch_WT_004_pos004.tif",126.3,3235.49,336,489,113.85,110,156,16.3,3079.49,1.1676217765043,0.609161887844219,113.752941176471,1.45821708220125,0.0128191593739897
9,1846,"2ch_WT_004_pos004.tif",129.84,3833.8,336,488,113.85,111,153,18.84,3680.8,1.34957020057307,0.72810857537352,113.752941176471,1.45821708220125,0.0128191593739897
10,1846,"2ch_WT_004_pos004.tif",131.5,3405.79,336,483,113.85,112,154.7,19.5,3251.09,1.39684813753582,0.64310652801323,113.752941176471,1.45821708220125,0.0128191593739897
11,1846,"2ch_WT_004_pos004.tif",135,3336.5,336,488,113.85,112,157,23,3179.5,1.64756446991404,0.628945124809853,113.752941176471,1.45821708220125,0.0128191593739897
12,1846,"2ch_WT_004_pos004.tif",136.58,2838.65,337,488,114.4,113,172,23.58,2666.65,1.689111747851,0.527496938850195,113.752941176471,1.45821708220125,0.0128191593739897
13,1846,"2ch_WT_004_pos004.tif",139.16,2855.44,338,487,114.4,113,163,26.16,2692.44,1.87392550143267,0.532598525504966,113.752941176471,1.45821708220125,0.0128191593739897
14,1846,"2ch_WT_004_pos004.tif",142.86,2882.07,337,486,114.4,112,159,30.86,2723.07,2.21060171919771,0.538657525087582,113.752941176471,1.45821708220125,0.0128191593739897
15,1846,"2ch_WT_004_pos004.tif",146.76,2884.79,338,486,114.4,113,153,33.76,2731.79,2.41833810888252,0.540382450858408,113.752941176471,1.45821708220125,0.0128191593739897
16,1846,"2ch_WT_004_pos004.tif",151.52,2872.98,338,487,114.4,113,152,38.52,2720.98,2.75931232091691,0.538244096777831,113.752941176471,1.45821708220125,0.0128191593739897
0,1847,"2ch_WT_004_pos004.tif",139.28,3708.71,1037,632,103.4,108,159,31.28,3549.71,1,1,102.752941176471,1.37823149681885,0.0134130612811544
1,1847,"2ch_WT_004_pos004.tif",139.03,3932.25,1035,631,103.95,108,146,31.03,3786.25,0.992007672634271,1.0666364294548,102.752941176471,1.37823149681885,0.0134130612811544
2,1847,"2ch_WT_004_pos004.tif",135.56,3056.69,1035,630,105.05,109,146,26.56,2910.69,0.849104859335038,0.819979660310279,102.752941176471,1.37823149681885,0.0134130612811544
3,1847,"2ch_WT_004_pos004.tif",140.16,3768.88,1035,630,104.5,109,151,31.16,3617.88,0.99616368286445,1.01920438571038,102.752941176471,1.37823149681885,0.0134130612811544
4,1847,"2ch_WT_004_pos004.tif",144.74,4353.32,1035,629,102.3,110,170,34.74,4183.32,1.11061381074169,1.17849627152641,102.752941176471,1.37823149681885,0.0134130612811544
5,1847,"2ch_WT_004_pos004.tif",144.33,4332.26,1035,630,102.3,111,204,33.33,4128.26,1.06553708439898,1.16298514526539,102.752941176471,1.37823149681885,0.0134130612811544
6,1847,"2ch_WT_004_pos004.tif",144.32,4446.33,1035,629,102.85,110,196,34.32,4250.33,1.09718670076726,1.19737386997811,102.752941176471,1.37823149681885,0.0134130612811544
7,1847,"2ch_WT_004_pos004.tif",147.46,4756.16,1035,630,101.75,110,162,37.46,4594.16,1.19757033248082,1.29423530372904,102.752941176471,1.37823149681885,0.0134130612811544
8,1847,"2ch_WT_004_pos004.tif",146.81,4132.15,1035,630,102.85,110,156,36.81,3976.15,1.17679028132992,1.12013375740553,102.752941176471,1.37823149681885,0.0134130612811544
9,1847,"2ch_WT_004_pos004.tif",148.23,4231.24,1036,630,102.3,111,153,37.23,4078.24,1.19021739130435,1.14889385330069,102.752941176471,1.37823149681885,0.0134130612811544
10,1847,"2ch_WT_004_pos004.tif",150.26,4119.75,1035,629,102.85,112,154.7,38.26,3965.05,1.22314578005115,1.11700674139578,102.752941176471,1.37823149681885,0.0134130612811544
11,1847,"2ch_WT_004_pos004.tif",155.2,4297.46,1035,629,102.85,112,157,43.2,4140.46,1.38107416879795,1.16642204574458,102.752941176471,1.37823149681885,0.0134130612811544
12,1847,"2ch_WT_004_pos004.tif",160.66,4228.86,1035,629,102.85,113,172,47.66,4056.86,1.52365728900256,1.14287082606748,102.752941176471,1.37823149681885,0.0134130612811544
13,1847,"2ch_WT_004_pos004.tif",163.12,4310.59,1035,629,102.85,113,163,50.12,4147.59,1.60230179028133,1.16843066053283,102.752941176471,1.37823149681885,0.0134130612811544
14,1847,"2ch_WT_004_pos004.tif",169.58,4244.64,1035,629,102.85,112,159,57.58,4085.64,1.84079283887468,1.15097853064053,102.752941176471,1.37823149681885,0.0134130612811544
15,1847,"2ch_WT_004_pos004.tif",171.63,4253.27,1037,628,102.85,113,153,58.63,4100.27,1.87436061381074,1.15509999408402,102.752941176471,1.37823149681885,0.0134130612811544
16,1847,"2ch_WT_004_pos004.tif",190.71,5497.55,1032,629,98.45,113,152,77.71,5345.55,2.48433503836317,1.50591175053737,102.752941176471,1.37823149681885,0.0134130612811544
0,1848,"2ch_WT_004_pos004.tif",201.03,3913.1,865,469,94.05,108,159,93.03,3754.1,1,1,93.5,0.614918693812441,0.0065766705220582
1,1848,"2ch_WT_004_pos004.tif",205.1,4120.69,865,468,94.6,108,146,97.1,3974.69,1.04374932817371,1.05875975600011,93.5,0.614918693812441,0.0065766705220582
2,1848,"2ch_WT_004_pos004.tif",196.62,3750.47,864,468,95.15,109,146,87.62,3604.47,0.941846716113082,0.960142244479369,93.5,0.614918693812441,0.0065766705220582
3,1848,"2ch_WT_004_pos004.tif",207.69,4306.95,864,467,93.5,109,151,98.69,4155.95,1.06084058905729,1.10704296635678,93.5,0.614918693812441,0.0065766705220582
4,1848,"2ch_WT_004_pos004.tif",205.43,4305.78,864,466,93.5,110,170,95.43,4135.78,1.0257981296356,1.10167017394316,93.5,0.614918693812441,0.0065766705220582
5,1848,"2ch_WT_004_pos004.tif",205.17,4418.75,864,467,93.5,111,204,94.17,4214.75,1.01225411157691,1.12270584161317,93.5,0.614918693812441,0.0065766705220582
6,1848,"2ch_WT_004_pos004.tif",205.64,4416.94,865,467,93.5,110,196,95.64,4220.94,1.02805546597872,1.12435470552196,93.5,0.614918693812441,0.0065766705220582
7,1848,"2ch_WT_004_pos004.tif",222.16,5055.33,864,467,92.95,110,162,112.16,4893.33,1.20563259163711,1.3034628805839,93.5,0.614918693812441,0.0065766705220582
8,1848,"2ch_WT_004_pos004.tif",214.02,4772.36,865,467,92.95,110,156,104.02,4616.36,1.11813393528969,1.22968487786687,93.5,0.614918693812441,0.0065766705220582
9,1848,"2ch_WT_004_pos004.tif",208.64,4340.89,866,467,93.5,111,153,97.64,4187.89,1.04955390734172,1.11555099757598,93.5,0.614918693812441,0.0065766705220582
10,1848,"2ch_WT_004_pos004.tif",215.87,4387.4,866,466,93.5,112,154.7,103.87,4232.7,1.11652155218747,1.12748728057324,93.5,0.614918693812441,0.0065766705220582
11,1848,"2ch_WT_004_pos004.tif",219.58,4766.6,865,468,92.95,112,157,107.58,4609.6,1.15640116091583,1.22788417996324,93.5,0.614918693812441,0.0065766705220582
12,1848,"2ch_WT_004_pos004.tif",225.07,4835.25,865,467,92.95,113,172,112.07,4663.25,1.20466516177577,1.24217522175755,93.5,0.614918693812441,0.0065766705220582
13,1848,"2ch_WT_004_pos004.tif",225.58,4308.5,865,468,93.5,113,163,112.58,4145.5,1.21014726432334,1.10425934311819,93.5,0.614918693812441,0.0065766705220582
14,1848,"2ch_WT_004_pos004.tif",238.23,4952.92,865,467,92.95,112,159,126.23,4793.92,1.35687412662582,1.27698249913428,93.5,0.614918693812441,0.0065766705220582
15,1848,"2ch_WT_004_pos004.tif",231.58,4394.55,866,466,93.5,113,153,118.58,4241.55,1.27464258841234,1.12984470312458,93.5,0.614918693812441,0.0065766705220582
16,1848,"2ch_WT_004_pos004.tif",251.57,4812.2,865,468,92.95,113,152,138.57,4660.2,1.48951950983554,1.24136277669748,93.5,0.614918693812441,0.0065766705220582
0,1858,"2ch_WT_004_pos005.tif",125.6,4586.7,1273,495,68.2,107,150,18.6,4436.7,1,1,66.3235294117647,0.973415001274318,0.0146767672032491
1,1858,"2ch_WT_004_pos005.tif",125.86,4403.75,1272,495,69.3,109,200,16.86,4203.75,0.906451612903226,0.947494759618635,66.3235294117647,0.973415001274318,0.0146767672032491
2,1858,"2ch_WT_004_pos005.tif",128.41,4769.37,1271,494,66.55,109,310.7,19.41,4458.67,1.04354838709677,1.00495187864855,66.3235294117647,0.973415001274318,0.0146767672032491
3,1858,"2ch_WT_004_pos005.tif",129.43,4770.84,1272,493,66,109,245,20.43,4525.84,1.09838709677419,1.02009150945523,66.3235294117647,0.973415001274318,0.0146767672032491
4,1858,"2ch_WT_004_pos005.tif",131.65,4739.66,1272,493,66,110,235,21.65,4504.66,1.16397849462366,1.0153176910767,66.3235294117647,0.973415001274318,0.0146767672032491
5,1858,"2ch_WT_004_pos005.tif",134.66,4789.4,1271,493,66,111,244,23.66,4545.4,1.27204301075269,1.02450019158383,66.3235294117647,0.973415001274318,0.0146767672032491
6,1858,"2ch_WT_004_pos005.tif",137.21,4578.84,1271,494,66,111,241,26.21,4337.84,1.40913978494624,0.977717673045281,66.3235294117647,0.973415001274318,0.0146767672032491
7,1858,"2ch_WT_004_pos005.tif",141.62,4840.77,1270,495,65.45,111,231,30.62,4609.77,1.64623655913979,1.0390087226993,66.3235294117647,0.973415001274318,0.0146767672032491
8,1858,"2ch_WT_004_pos005.tif",145.23,4756.53,1271,495,66,112,230,33.23,4526.53,1.78655913978495,1.02024703045056,66.3235294117647,0.973415001274318,0.0146767672032491
9,1858,"2ch_WT_004_pos005.tif",150.81,4704.56,1270,494,66,112,229,38.81,4475.56,2.08655913978495,1.00875876214303,66.3235294117647,0.973415001274318,0.0146767672032491
10,1858,"2ch_WT_004_pos005.tif",160.81,4847.77,1270,493,65.45,113,233,47.81,4614.77,2.57043010752688,1.04013568643361,66.3235294117647,0.973415001274318,0.0146767672032491
11,1858,"2ch_WT_004_pos005.tif",169.02,4784.61,1271,493,66,113,235.7,56.02,4548.91,3.01182795698925,1.02529132012532,66.3235294117647,0.973415001274318,0.0146767672032491
12,1858,"2ch_WT_004_pos005.tif",178.71,4693.77,1270,494,66,114,268,64.71,4425.77,3.47903225806452,0.997536457276805,66.3235294117647,0.973415001274318,0.0146767672032491
13,1858,"2ch_WT_004_pos005.tif",192.83,4951.23,1270,494,66,115,236,77.83,4715.23,4.18440860215054,1.06277864178331,66.3235294117647,0.973415001274318,0.0146767672032491
14,1858,"2ch_WT_004_pos005.tif",209.9,4867.16,1270,493,66,116,240,93.9,4627.16,5.0483870967742,1.04292830256722,66.3235294117647,0.973415001274318,0.0146767672032491
15,1858,"2ch_WT_004_pos005.tif",222.8,4796.32,1270,493,66.55,117,245,105.8,4551.32,5.68817204301075,1.02583451664525,66.3235294117647,0.973415001274318,0.0146767672032491
16,1858,"2ch_WT_004_pos005.tif",242.48,4727.23,1271,492,66,118,253.7,124.48,4473.53,6.69247311827957,1.00830121486691,66.3235294117647,0.973415001274318,0.0146767672032491
0,1861,"2ch_WT_004_pos006.tif",125.1,4623.42,928,896,108.35,108,127,17.1,4496.42,1,1,108.35,1.68402419816344,0.0155424476064923
1,1861,"2ch_WT_004_pos006.tif",125.22,4763.21,937,896,102.3,108,126,17.22,4637.21,1.00701754385965,1.03131157676552,108.35,1.68402419816344,0.0155424476064923
2,1861,"2ch_WT_004_pos006.tif",127.41,3856.86,928,895,110,110,131,17.41,3725.86,1.01812865497076,0.828628108584163,108.35,1.68402419816344,0.0155424476064923
3,1861,"2ch_WT_004_pos006.tif",130.36,3963.7,927,895,110.55,110,134,20.36,3829.7,1.1906432748538,0.851722036642484,108.35,1.68402419816344,0.0155424476064923
4,1861,"2ch_WT_004_pos006.tif",133.32,4674.08,927,894,108.9,111,130,22.32,4544.08,1.30526315789474,1.01059954363694,108.35,1.68402419816344,0.0155424476064923
5,1861,"2ch_WT_004_pos006.tif",133.77,4525.13,927,894,108.35,111,127,22.77,4398.13,1.33157894736842,0.978140387241405,108.35,1.68402419816344,0.0155424476064923
6,1861,"2ch_WT_004_pos006.tif",135.45,4454.6,927,894,108.35,111,125,24.45,4329.6,1.42982456140351,0.962899373279187,108.35,1.68402419816344,0.0155424476064923
7,1861,"2ch_WT_004_pos006.tif",138.97,4445.22,927,895,108.35,111,125,27.97,4320.22,1.63567251461988,0.960813269223071,108.35,1.68402419816344,0.0155424476064923
8,1861,"2ch_WT_004_pos006.tif",144.33,4557.44,927,893,108.35,112,126,32.33,4431.44,1.8906432748538,0.9855485030313,108.35,1.68402419816344,0.0155424476064923
9,1861,"2ch_WT_004_pos006.tif",148.63,4541.27,928,893,108.35,112,125,36.63,4416.27,2.1421052631579,0.982174707878713,108.35,1.68402419816344,0.0155424476064923
10,1861,"2ch_WT_004_pos006.tif",156.81,4666.1,928,892,108.35,113,125,43.81,4541.1,2.56198830409357,1.00993679416069,108.35,1.68402419816344,0.0155424476064923
11,1861,"2ch_WT_004_pos006.tif",166.16,4768.45,931,888,108.9,113,126,53.16,4642.45,3.10877192982456,1.03247694832778,108.35,1.68402419816344,0.0155424476064923
12,1861,"2ch_WT_004_pos006.tif",166.07,3787.43,930,895,108.9,113,123,53.07,3664.43,3.10350877192983,0.814966128608982,108.35,1.68402419816344,0.0155424476064923
13,1861,"2ch_WT_004_pos006.tif",190.07,4830.97,929,887,108.35,114,122,76.07,4708.97,4.44853801169591,1.04727093999226,108.35,1.68402419816344,0.0155424476064923
14,1861,"2ch_WT_004_pos006.tif",202.06,4635.14,930,888,108.35,115,122,87.06,4513.14,5.09122807017544,1.0037185138399,108.35,1.68402419816344,0.0155424476064923
15,1861,"2ch_WT_004_pos006.tif",218.47,4683.89,930,888,108.35,115,123,103.47,4560.89,6.05087719298246,1.01433807340062,108.35,1.68402419816344,0.0155424476064923
16,1861,"2ch_WT_004_pos006.tif",242.41,4908.84,931,887,108.9,115,123,127.41,4785.84,7.45087719298246,1.06436676289137,108.35,1.68402419816344,0.0155424476064923
0,1889,"2ch_WT_004_pos008.tif",135.29,5478.87,979,372,159.5,110,140,25.29,5338.87,1,1,159.661764705882,1.94225460256282,0.0121648073108844
1,1889,"2ch_WT_004_pos008.tif",134.56,4988.17,979,370,160.05,110,137,24.56,4851.17,0.97113483590352,0.908651081595918,159.661764705882,1.94225460256282,0.0121648073108844
2,1889,"2ch_WT_004_pos008.tif",136.21,5108.08,978,369,160.6,111,137,25.21,4971.08,0.996836694345592,0.931110890506793,159.661764705882,1.94225460256282,0.0121648073108844
3,1889,"2ch_WT_004_pos008.tif",137.6,5104.86,978,370,160.6,111,137,26.6,4967.86,1.05179913009095,0.930507766624773,159.661764705882,1.94225460256282,0.0121648073108844
4,1889,"2ch_WT_004_pos008.tif",139.23,5030.29,978,369,161.7,112,139,27.23,4891.29,1.07671016211941,0.916165780399223,159.661764705882,1.94225460256282,0.0121648073108844
5,1889,"2ch_WT_004_pos008.tif",143,5242.87,978,374,160.6,113,137,30,5105.87,1.18623962040332,0.956357806052592,159.661764705882,1.94225460256282,0.0121648073108844
6,1889,"2ch_WT_004_pos008.tif",144.15,5102.97,978,373,160.6,113,136,31.15,4966.97,1.23171213918545,0.930341064682227,159.661764705882,1.94225460256282,0.0121648073108844
7,1889,"2ch_WT_004_pos008.tif",148.29,5423.13,978,372,160.6,114,133,34.29,5290.13,1.355871886121,0.990870727326195,159.661764705882,1.94225460256282,0.0121648073108844
8,1889,"2ch_WT_004_pos008.tif",152.13,5608.72,978,372,160.6,114,133,38.13,5475.72,1.50771055753262,1.02563276498585,159.661764705882,1.94225460256282,0.0121648073108844
9,1889,"2ch_WT_004_pos008.tif",157.08,5484.03,977,372,160.05,114,133,43.08,5351.03,1.70344009489917,1.00227763552962,159.661764705882,1.94225460256282,0.0121648073108844
10,1889,"2ch_WT_004_pos008.tif",167.26,5893.02,978,372,160.6,116,135,51.26,5758.02,2.02688809806248,1.07850912271698,159.661764705882,1.94225460256282,0.0121648073108844
11,1889,"2ch_WT_004_pos008.tif",172.72,5702.6,977,372,160.6,117,134,55.72,5568.6,2.20324238829577,1.04302970478772,159.661764705882,1.94225460256282,0.0121648073108844
12,1889,"2ch_WT_004_pos008.tif",179.4,5350.72,977,371,161.15,117,133,62.4,5217.72,2.46737841043891,0.977307932202882,159.661764705882,1.94225460256282,0.0121648073108844
13,1889,"2ch_WT_004_pos008.tif",194.29,6599.36,971,371,156.2,118.7,134,75.5899999999999,6465.36,2.98892843020957,1.21099783287475,159.661764705882,1.94225460256282,0.0121648073108844
14,1889,"2ch_WT_004_pos008.tif",210.51,6759.48,977,373,159.5,119,134,91.51,6625.48,3.61842625543693,1.24098919808873,159.661764705882,1.94225460256282,0.0121648073108844
15,1889,"2ch_WT_004_pos008.tif",190.15,3957.67,959,371,156.75,119,134,71.15,3823.67,2.81336496638988,0.71619462545445,159.661764705882,1.94225460256282,0.0121648073108844
16,1889,"2ch_WT_004_pos008.tif",198.92,3849.47,960,371,154.55,119,134,79.92,3715.47,3.16014234875445,0.695928164574151,159.661764705882,1.94225460256282,0.0121648073108844
0,1892,"2ch_WT_004_pos008.tif",137.2,3072.77,248,421,75.9,110,140,27.2,2932.77,1,1,74.2176470588235,1.00045945327487,0.0134800750619583
1,1892,"2ch_WT_004_pos008.tif",141.69,3367.17,247,419,75.9,110,137,31.69,3230.17,1.16507352941177,1.10140583816665,74.2176470588235,1.00045945327487,0.0134800750619583
2,1892,"2ch_WT_004_pos008.tif",142.6,3448.68,245,418,75.35,111,137,31.6,3311.68,1.16176470588235,1.12919867565476,74.2176470588235,1.00045945327487,0.0134800750619583
3,1892,"2ch_WT_004_pos008.tif",147.54,3619.18,245,413,75.35,111,137,36.54,3482.18,1.34338235294118,1.18733484044095,74.2176470588235,1.00045945327487,0.0134800750619583
4,1892,"2ch_WT_004_pos008.tif",149.84,3724.45,246,413,75.9,112,139,37.84,3585.45,1.39117647058824,1.22254728464898,74.2176470588235,1.00045945327487,0.0134800750619583
5,1892,"2ch_WT_004_pos008.tif",154.01,3921.57,246,412,73.7,113,137,41.01,3784.57,1.50772058823529,1.29044214172949,74.2176470588235,1.00045945327487,0.0134800750619583
6,1892,"2ch_WT_004_pos008.tif",158.18,3907.97,246,412,73.15,113,136,45.18,3771.97,1.66102941176471,1.28614586210306,74.2176470588235,1.00045945327487,0.0134800750619583
7,1892,"2ch_WT_004_pos008.tif",165.09,4036.72,247,412,73.7,114,133,51.09,3903.72,1.87830882352941,1.33106926216512,74.2176470588235,1.00045945327487,0.0134800750619583
8,1892,"2ch_WT_004_pos008.tif",170.15,4119.82,247,412,73.7,114,133,56.15,3986.82,2.06433823529412,1.35940424922514,74.2176470588235,1.00045945327487,0.0134800750619583
9,1892,"2ch_WT_004_pos008.tif",177.64,3926.11,245,412,73.7,114,133,63.64,3793.11,2.33970588235294,1.2933540645874,74.2176470588235,1.00045945327487,0.0134800750619583
10,1892,"2ch_WT_004_pos008.tif",190.7,3967.81,246,412,73.7,116,135,74.7,3832.81,2.74632352941177,1.30689075515639,74.2176470588235,1.00045945327487,0.0134800750619583
11,1892,"2ch_WT_004_pos008.tif",207.55,3980.25,245,412,73.7,117,134,90.55,3846.25,3.32904411764706,1.31147345342458,74.2176470588235,1.00045945327487,0.0134800750619583
12,1892,"2ch_WT_004_pos008.tif",225.26,3928.8,245,411,73.7,117,133,108.26,3795.8,3.98014705882353,1.29427128619019,74.2176470588235,1.00045945327487,0.0134800750619583
13,1892,"2ch_WT_004_pos008.tif",246.58,3949.52,245,411,73.7,118.7,134,127.88,3815.52,4.70147058823529,1.30099530478012,74.2176470588235,1.00045945327487,0.0134800750619583
14,1892,"2ch_WT_004_pos008.tif",266.27,3932.65,245,411,73.7,119,134,147.27,3798.65,5.41433823529412,1.29524306372474,74.2176470588235,1.00045945327487,0.0134800750619583
15,1892,"2ch_WT_004_pos008.tif",289.72,3933.87,245,411,73.15,119,134,170.72,3799.87,6.2764705882353,1.29565905270444,74.2176470588235,1.00045945327487,0.0134800750619583
16,1892,"2ch_WT_004_pos008.tif",318.78,3958.07,245,411,73.7,119,134,199.78,3824.07,7.34485294117647,1.30391063738377,74.2176470588235,1.00045945327487,0.0134800750619583
0,1894,"2ch_WT_004_pos008.tif",197.46,4754.77,1403,239,67.1,110,140,87.46,4614.77,1,1,68.1029411764706,0.957286299297933,0.0140564604517943
1,1894,"2ch_WT_004_pos008.tif",199.24,4491.13,1400,239,68.75,110,137,89.24,4354.13,1.02035216098788,0.943520478810428,68.1029411764706,0.957286299297933,0.0140564604517943
2,1894,"2ch_WT_004_pos008.tif",211.5,4729.62,1399,238,68.2,111,137,100.5,4592.62,1.14909672993368,0.995200194159189,68.1029411764706,0.957286299297933,0.0140564604517943
3,1894,"2ch_WT_004_pos008.tif",190.26,4315.63,1398,239,68.75,111,137,79.26,4178.63,0.906242853876057,0.905490414473527,68.1029411764706,0.957286299297933,0.0140564604517943
4,1894,"2ch_WT_004_pos008.tif",189.23,4343,1398,238,68.75,112,139,77.23,4204,0.883032243311228,0.910987979899323,68.1029411764706,0.957286299297933,0.0140564604517943
5,1894,"2ch_WT_004_pos008.tif",186.42,4123.76,1398,241,68.75,113,137,73.42,3986.76,0.839469471758518,0.863913044420415,68.1029411764706,0.957286299297933,0.0140564604517943
6,1894,"2ch_WT_004_pos008.tif",192.66,4522.14,1398,238,68.75,113,136,79.66,4386.14,0.910816373199177,0.950456902510851,68.1029411764706,0.957286299297933,0.0140564604517943
7,1894,"2ch_WT_004_pos008.tif",201.34,4677.04,1397,238,67.1,114,133,87.34,4544.04,0.998627944203064,0.984673125637897,68.1029411764706,0.957286299297933,0.0140564604517943
8,1894,"2ch_WT_004_pos008.tif",204.62,4613.97,1399,238,68.2,114,133,90.62,4480.97,1.03613080265264,0.971006138984175,68.1029411764706,0.957286299297933,0.0140564604517943
9,1894,"2ch_WT_004_pos008.tif",212.5,4429.72,1398,238,68.2,114,133,98.5,4296.72,1.12622913331809,0.931079988818511,68.1029411764706,0.957286299297933,0.0140564604517943
10,1894,"2ch_WT_004_pos008.tif",220.07,4767.99,1396,238,66,116,135,104.07,4632.99,1.18991538989252,1.00394819243429,68.1029411764706,0.957286299297933,0.0140564604517943
11,1894,"2ch_WT_004_pos008.tif",229.24,4476.41,1398,238,68.2,117,134,112.24,4342.41,1.28332952206723,0.940980807277502,68.1029411764706,0.957286299297933,0.0140564604517943
12,1894,"2ch_WT_004_pos008.tif",238.57,4209.42,1403,238,66,117,133,121.57,4076.42,1.39000686027898,0.883341965038344,68.1029411764706,0.957286299297933,0.0140564604517943
13,1894,"2ch_WT_004_pos008.tif",257.09,4445,1398,238,68.75,118.7,134,138.39,4311,1.58232334781614,0.934174400891052,68.1029411764706,0.957286299297933,0.0140564604517943
14,1894,"2ch_WT_004_pos008.tif",274.19,4471.25,1398,237,68.75,119,134,155.19,4337.25,1.77441115938715,0.939862658377341,68.1029411764706,0.957286299297933,0.0140564604517943
15,1894,"2ch_WT_004_pos008.tif",295.65,4459.85,1398,237,68.75,119,134,176.65,4325.85,2.01978047107249,0.937392329411867,68.1029411764706,0.957286299297933,0.0140564604517943
16,1894,"2ch_WT_004_pos008.tif",321.07,4542.54,1398,238,68.75,119,134,202.07,4408.54,2.31042762405671,0.955310882232484,68.1029411764706,0.957286299297933,0.0140564604517943
0,1906,"2ch_WT_004_pos009.tif",166.78,4068.6,1171,407,95.15,109,154,57.78,3914.6,1,1,94.8911764705882,0.518783220056093,0.00546713866717514
1,1906,"2ch_WT_004_pos009.tif",176.6,4665.64,1170,396,94.6,110,175,66.6,4490.64,1.15264797507788,1.14715168855055,94.8911764705882,0.518783220056093,0.00546713866717514
2,1906,"2ch_WT_004_pos009.tif",175.66,4708.18,1170,395,94.6,110,186,65.66,4522.18,1.13637937002423,1.15520870587033,94.8911764705882,0.518783220056093,0.00546713866717514
3,1906,"2ch_WT_004_pos009.tif",173.52,4583.48,1169,405,94.05,111,166,62.52,4417.48,1.08203530633437,1.12846267817912,94.8911764705882,0.518783220056093,0.00546713866717514
4,1906,"2ch_WT_004_pos009.tif",170.37,3848.75,1170,392,94.6,112,171,58.37,3677.75,1.01021114572516,0.939495733919174,94.8911764705882,0.518783220056093,0.00546713866717514
5,1906,"2ch_WT_004_pos009.tif",179.35,4669.76,1169,401,94.05,112,174,67.35,4495.76,1.1656282450675,1.14845961273182,94.8911764705882,0.518783220056093,0.00546713866717514
6,1906,"2ch_WT_004_pos009.tif",172.66,4021.9,1169,401,95.15,113,164,59.66,3857.9,1.0325372101073,0.9855157615082,94.8911764705882,0.518783220056093,0.00546713866717514
7,1906,"2ch_WT_004_pos009.tif",179.35,4256.83,1169,401,95.15,113,172,66.35,4084.83,1.14832121841468,1.04348592448781,94.8911764705882,0.518783220056093,0.00546713866717514
8,1906,"2ch_WT_004_pos009.tif",185.27,4612.75,1170,403,94.6,113,174.7,72.27,4438.05,1.25077881619938,1.13371736575895,94.8911764705882,0.518783220056093,0.00546713866717514
9,1906,"2ch_WT_004_pos009.tif",193.46,4614.79,1170,403,94.6,114,175,79.46,4439.79,1.37521633783316,1.13416185561743,94.8911764705882,0.518783220056093,0.00546713866717514
10,1906,"2ch_WT_004_pos009.tif",196.88,4207.32,1170,401,95.15,115,174,81.88,4033.32,1.41709934233299,1.0303274919532,94.8911764705882,0.518783220056093,0.00546713866717514
11,1906,"2ch_WT_004_pos009.tif",210.75,4672.9,1171,401,94.6,116,177.7,94.75,4495.2,1.63984077535479,1.1483165585245,94.8911764705882,0.518783220056093,0.00546713866717514
12,1906,"2ch_WT_004_pos009.tif",229.47,4878.44,1171,401,94.6,116,174,113.47,4704.44,1.9638283142956,1.20176774127625,94.8911764705882,0.518783220056093,0.00546713866717514
13,1906,"2ch_WT_004_pos009.tif",224.18,4104.91,1171,401,95.15,117,169,107.18,3935.91,1.85496711664936,1.00544372349665,94.8911764705882,0.518783220056093,0.00546713866717514
14,1906,"2ch_WT_004_pos009.tif",245.56,4319.93,1171,401,95.7,118,185.7,127.56,4134.23,2.20768431983385,1.05610534920554,94.8911764705882,0.518783220056093,0.00546713866717514
15,1906,"2ch_WT_004_pos009.tif",260.59,4399.57,1171,401,95.7,118,172,142.59,4227.57,2.46780893042575,1.07994942011955,94.8911764705882,0.518783220056093,0.00546713866717514
16,1906,"2ch_WT_004_pos009.tif",286.13,4625.15,1171,399,95.7,118,167,168.13,4458.15,2.9098303911388,1.13885198998621,94.8911764705882,0.518783220056093,0.00546713866717514
0,1907,"2ch_WT_004_pos009.tif",236.93,3437.39,499,261,96.25,109,154,127.93,3283.39,1,1,95.15,0.80175588554123,0.00842623106191519
1,1907,"2ch_WT_004_pos009.tif",230.12,3451.91,498,266,96.8,110,175,120.12,3276.91,0.938950988822012,0.9980264300007,95.15,0.80175588554123,0.00842623106191519
2,1907,"2ch_WT_004_pos009.tif",270.96,4381.23,497,260,95.7,110,186,160.96,4195.23,1.25818807160166,1.27771297348168,95.15,0.80175588554123,0.00842623106191519
3,1907,"2ch_WT_004_pos009.tif",274.13,3944.21,497,259,96.8,111,166,163.13,3778.21,1.27515047291488,1.15070399800207,95.15,0.80175588554123,0.00842623106191519
4,1907,"2ch_WT_004_pos009.tif",279.84,4319.17,498,256,94.6,112,171,167.84,4148.17,1.31196748221684,1.26338022592503,95.15,0.80175588554123,0.00842623106191519
5,1907,"2ch_WT_004_pos009.tif",248.61,3614.34,497,256,95.15,112,174,136.61,3440.34,1.06784960525287,1.04780120546143,95.15,0.80175588554123,0.00842623106191519
6,1907,"2ch_WT_004_pos009.tif",255.99,3684.81,497,255,95.15,113,164,142.99,3520.81,1.11772062846869,1.07230941191878,95.15,0.80175588554123,0.00842623106191519
7,1907,"2ch_WT_004_pos009.tif",259.06,3798.08,497,255,95.15,113,172,146.06,3626.08,1.14171812710076,1.10437078750925,95.15,0.80175588554123,0.00842623106191519
8,1907,"2ch_WT_004_pos009.tif",269.16,4088.7,498,257,94.6,113,174.7,156.16,3914,1.22066755256781,1.19206064463862,95.15,0.80175588554123,0.00842623106191519
9,1907,"2ch_WT_004_pos009.tif",302.17,4299.47,498,255,94.6,114,175,188.17,4124.47,1.47088251387478,1.25616207639056,95.15,0.80175588554123,0.00842623106191519
10,1907,"2ch_WT_004_pos009.tif",261.31,3640.66,498,255,95.15,115,174,146.31,3466.66,1.14367232080044,1.05581731076723,95.15,0.80175588554123,0.00842623106191519
11,1907,"2ch_WT_004_pos009.tif",261.44,3309.05,498,258,95.15,116,177.7,145.44,3131.35,1.13687172672555,0.953694200201621,95.15,0.80175588554123,0.00842623106191519
12,1907,"2ch_WT_004_pos009.tif",267.46,3411.05,499,260,94.6,116,174,151.46,3237.05,1.18392871101384,0.985886537998837,95.15,0.80175588554123,0.00842623106191519
13,1907,"2ch_WT_004_pos009.tif",300.38,3880.31,498,255,94.05,117,169,183.38,3711.31,1.43344016258892,1.13032871513893,95.15,0.80175588554123,0.00842623106191519
14,1907,"2ch_WT_004_pos009.tif",322.81,4122.41,499,254,94.6,118,185.7,204.81,3936.71,1.60095364652544,1.19897727653431,95.15,0.80175588554123,0.00842623106191519
15,1907,"2ch_WT_004_pos009.tif",347.02,4021.56,499,255,94.6,118,172,229.02,3849.56,1.79019776440241,1.17243458742336,95.15,0.80175588554123,0.00842623106191519
16,1907,"2ch_WT_004_pos009.tif",340.74,4123.38,498,253,94.6,118,167,222.74,3956.38,1.74110841866646,1.20496803608466,95.15,0.80175588554123,0.00842623106191519
0,1918,"2ch_WT_004_pos010.tif",197.66,3331.07,435,598,88.55,108,144,89.66,3187.07,1,1,86.1558823529412,1.55491984851121,0.018047750264357
1,1918,"2ch_WT_004_pos010.tif",193.91,2990.74,434,595,89.1,109,148,84.91,2842.74,0.947022083426277,0.891960327197081,86.1558823529412,1.55491984851121,0.018047750264357
2,1918,"2ch_WT_004_pos010.tif",209.74,3294.97,434,592,86.35,109,169,100.74,3125.97,1.12357796118671,0.980828786314703,86.1558823529412,1.55491984851121,0.018047750264357
3,1918,"2ch_WT_004_pos010.tif",208.39,3676.11,434,597,86.35,111,149,97.39,3527.11,1.08621458844524,1.10669360886331,86.1558823529412,1.55491984851121,0.018047750264357
4,1918,"2ch_WT_004_pos010.tif",202.26,3612.59,433,596,86.35,112,148,90.26,3464.59,1.00669194735668,1.08707684487633,86.1558823529412,1.55491984851121,0.018047750264357
5,1918,"2ch_WT_004_pos010.tif",210.7,3903.01,427,596,81.4,112,149,98.7,3754.01,1.10082534017399,1.17788752678793,86.1558823529412,1.55491984851121,0.018047750264357
6,1918,"2ch_WT_004_pos010.tif",215.22,3892.35,433,596,85.8,113,169,102.22,3723.35,1.14008476466652,1.16826740548529,86.1558823529412,1.55491984851121,0.018047750264357
7,1918,"2ch_WT_004_pos010.tif",220.1,3898.9,433,596,85.8,115,178,105.1,3720.9,1.17220611197859,1.16749867433097,86.1558823529412,1.55491984851121,0.018047750264357
8,1918,"2ch_WT_004_pos010.tif",220.56,3684.79,433,596,86.35,115,180,105.56,3504.79,1.17733660495204,1.09969031116355,86.1558823529412,1.55491984851121,0.018047750264357
9,1918,"2ch_WT_004_pos010.tif",232.92,3775.76,433,596,86.35,116,170,116.92,3605.76,1.3040374749052,1.13137144775609,86.1558823529412,1.55491984851121,0.018047750264357
10,1918,"2ch_WT_004_pos010.tif",243.38,3739.88,433,597,86.35,116,169,127.38,3570.88,1.42070042382333,1.12042722626111,86.1558823529412,1.55491984851121,0.018047750264357
11,1918,"2ch_WT_004_pos010.tif",247.53,3637.15,434,596,86.35,117,165,130.53,3472.15,1.45583314744591,1.08944892958109,86.1558823529412,1.55491984851121,0.018047750264357
12,1918,"2ch_WT_004_pos010.tif",242.66,3244.56,434,599,86.35,117,174,125.66,3070.56,1.40151684140085,0.963442911514338,86.1558823529412,1.55491984851121,0.018047750264357
13,1918,"2ch_WT_004_pos010.tif",290.37,3875.1,433,597,85.25,117,168,173.37,3707.1,1.93363818871292,1.16316867844133,86.1558823529412,1.55491984851121,0.018047750264357
14,1918,"2ch_WT_004_pos010.tif",304.14,3921.3,435,597,85.8,119,184,185.14,3737.3,2.0649118893598,1.17264446654764,86.1558823529412,1.55491984851121,0.018047750264357
15,1918,"2ch_WT_004_pos010.tif",329.93,4029.85,433,596,85.8,119,182,210.93,3847.85,2.35255409324113,1.20733149883749,86.1558823529412,1.55491984851121,0.018047750264357
16,1918,"2ch_WT_004_pos010.tif",338.85,3780.46,434,596,86.35,120,184,218.85,3596.46,2.44088779834932,1.12845340704785,86.1558823529412,1.55491984851121,0.018047750264357
0,1920,"2ch_WT_004_pos010.tif",163.28,3563.56,1462,588,65.45,108,144,55.28,3419.56,1,1,62.6352941176471,0.844978680552496,0.0134904560193392
1,1920,"2ch_WT_004_pos010.tif",163.8,3745.59,1463,590,62.7,109,148,54.8,3597.59,0.991316931982634,1.05206225362327,62.6352941176471,0.844978680552496,0.0134904560193392
2,1920,"2ch_WT_004_pos010.tif",163.14,3887.24,1462,589,61.6,109,169,54.14,3718.24,0.979377713458755,1.08734457064652,62.6352941176471,0.844978680552496,0.0134904560193392
3,1920,"2ch_WT_004_pos010.tif",163.38,3869.45,1462,588,62.15,111,149,52.38,3720.45,0.94753979739508,1.08799085262431,62.6352941176471,0.844978680552496,0.0134904560193392
4,1920,"2ch_WT_004_pos010.tif",167.82,3934.77,1461,588,62.15,112,148,55.82,3786.77,1.00976845151954,1.10738516066395,62.6352941176471,0.844978680552496,0.0134904560193392
5,1920,"2ch_WT_004_pos010.tif",169.86,3830.82,1460,587,62.15,112,149,57.86,3681.82,1.04667149059334,1.07669407760063,62.6352941176471,0.844978680552496,0.0134904560193392
6,1920,"2ch_WT_004_pos010.tif",175.3,4028.58,1460,588,62.15,113,169,62.3,3859.58,1.12698986975398,1.1286773736972,62.6352941176471,0.844978680552496,0.0134904560193392
7,1920,"2ch_WT_004_pos010.tif",174.1,4080.32,1460,587,62.7,115,178,59.1,3902.32,1.06910274963821,1.14117605773842,62.6352941176471,0.844978680552496,0.0134904560193392
8,1920,"2ch_WT_004_pos010.tif",182.08,4090.29,1460,587,62.15,115,180,67.08,3910.29,1.21345875542692,1.14350676695247,62.6352941176471,0.844978680552496,0.0134904560193392
9,1920,"2ch_WT_004_pos010.tif",189.64,4121.38,1461,587,62.7,116,170,73.64,3951.38,1.33212735166425,1.15552293277498,62.6352941176471,0.844978680552496,0.0134904560193392
10,1920,"2ch_WT_004_pos010.tif",202.22,4225.51,1461,588,62.15,116,169,86.22,4056.51,1.55969609261939,1.18626665418943,62.6352941176471,0.844978680552496,0.0134904560193392
11,1920,"2ch_WT_004_pos010.tif",212.23,4263.82,1459,590,62.7,117,165,95.23,4098.82,1.72268451519537,1.1986395910585,62.6352941176471,0.844978680552496,0.0134904560193392
12,1920,"2ch_WT_004_pos010.tif",223.87,4423.46,1459,595,63.25,117,174,106.87,4249.46,1.9332489146165,1.24269204225105,62.6352941176471,0.844978680552496,0.0134904560193392
13,1920,"2ch_WT_004_pos010.tif",238.03,4538.87,1458,596,63.25,117,168,121.03,4370.87,2.1893994211288,1.27819661009019,62.6352941176471,0.844978680552496,0.0134904560193392
14,1920,"2ch_WT_004_pos010.tif",260.15,4527.47,1459,594,62.7,119,184,141.15,4343.47,2.55336468885673,1.27018388330662,62.6352941176471,0.844978680552496,0.0134904560193392
15,1920,"2ch_WT_004_pos010.tif",278.82,4449.79,1458,595,62.7,119,182,159.82,4267.79,2.8910998552822,1.24805238100808,62.6352941176471,0.844978680552496,0.0134904560193392
16,1920,"2ch_WT_004_pos010.tif",325.51,4641.96,1458,593,62.15,120,184,205.51,4457.96,3.71761939218524,1.30366479897999,62.6352941176471,0.844978680552496,0.0134904560193392
0,1929,"2ch_WT_005_pos001.tif",127.44,2732.13,1157,255,123.75,109,132,18.44,2600.13,1,1,121.711764705882,0.747188357227594,0.00613899863364221
1,1929,"2ch_WT_005_pos001.tif",131.54,2980.76,1165,258,121.55,109,132,22.54,2848.76,1.22234273318872,1.09562214196982,121.711764705882,0.747188357227594,0.00613899863364221
2,1929,"2ch_WT_005_pos001.tif",131.55,2995.16,1165,259,121.55,109,134,22.55,2861.16,1.22288503253796,1.10039113428944,121.711764705882,0.747188357227594,0.00613899863364221
3,1929,"2ch_WT_005_pos001.tif",135.05,3178.87,1165,256,121,110,132,25.05,3046.87,1.35845986984816,1.17181448619877,121.711764705882,0.747188357227594,0.00613899863364221
4,1929,"2ch_WT_005_pos001.tif",136.24,3039.47,1167,258,121.55,110,131,26.24,2908.47,1.42299349240781,1.11858637837339,121.711764705882,0.747188357227594,0.00613899863364221
5,1929,"2ch_WT_005_pos001.tif",139.53,3199.46,1168,258,121,110,131,29.53,3068.46,1.60140997830803,1.18011791718106,121.711764705882,0.747188357227594,0.00613899863364221
6,1929,"2ch_WT_005_pos001.tif",140.89,3008.57,1166,257,121.55,111,129,29.89,2879.57,1.62093275488069,1.10747154949945,121.711764705882,0.747188357227594,0.00613899863364221
7,1929,"2ch_WT_005_pos001.tif",146.27,3178.16,1168,258,121,112,129,34.27,3049.16,1.85845986984816,1.17269521139328,121.711764705882,0.747188357227594,0.00613899863364221
8,1929,"2ch_WT_005_pos001.tif",148.68,3109.93,1166,258,121.55,112,128,36.68,2981.93,1.98915401301519,1.14683881190556,121.711764705882,0.747188357227594,0.00613899863364221
9,1929,"2ch_WT_005_pos001.tif",160.6,3627.01,1168,257,120.45,112,129,48.6,3498.01,2.6355748373102,1.34532119547869,121.711764705882,0.747188357227594,0.00613899863364221
10,1929,"2ch_WT_005_pos001.tif",160.02,3176.21,1167,257,121.55,112,129,48.02,3047.21,2.60412147505423,1.1719452488914,121.711764705882,0.747188357227594,0.00613899863364221
11,1929,"2ch_WT_005_pos001.tif",167.49,3164.09,1167,259,121.55,113,130,54.49,3034.09,2.95498915401302,1.16689934734033,121.711764705882,0.747188357227594,0.00613899863364221
12,1929,"2ch_WT_005_pos001.tif",167.38,2622.57,1167,257,122.1,114,130,53.38,2492.57,2.89479392624729,0.95863283758889,121.711764705882,0.747188357227594,0.00613899863364221
13,1929,"2ch_WT_005_pos001.tif",176.11,2778.27,1167,257,122.1,114,132,62.11,2646.27,3.36822125813449,1.01774526658282,121.711764705882,0.747188357227594,0.00613899863364221
14,1929,"2ch_WT_005_pos001.tif",185.2,2784.92,1167,257,122.1,118,142,67.2,2642.92,3.64425162689805,1.01645686946422,121.711764705882,0.747188357227594,0.00613899863364221
15,1929,"2ch_WT_005_pos001.tif",197.49,2826.38,1168,258,122.1,118,141,79.49,2685.38,4.31073752711497,1.03278682219735,121.711764705882,0.747188357227594,0.00613899863364221
16,1929,"2ch_WT_005_pos001.tif",212.34,2987.01,1167,258,122.65,116,137,96.34,2850.01,5.22451193058568,1.09610288716333,121.711764705882,0.747188357227594,0.00613899863364221
0,1930,"2ch_WT_005_pos001.tif",153.3,4241.9,424,416,102.85,109,132,44.3,4109.9,1,1,101.944117647059,1.74945369624181,0.0171609087078334
1,1930,"2ch_WT_005_pos001.tif",149.43,3757.73,425,418,103.95,109,132,40.43,3625.73,0.912641083521445,0.882194213971143,101.944117647059,1.74945369624181,0.0171609087078334
2,1930,"2ch_WT_005_pos001.tif",144.19,2989.84,426,417,105.05,109,134,35.19,2855.84,0.794356659142212,0.694868488284387,101.944117647059,1.74945369624181,0.0171609087078334
3,1930,"2ch_WT_005_pos001.tif",144.15,2816.18,426,402,103.4,110,132,34.15,2684.18,0.770880361173815,0.653101048687316,101.944117647059,1.74945369624181,0.0171609087078334
4,1930,"2ch_WT_005_pos001.tif",167.85,5387.14,427,415,100.1,110,131,57.85,5256.14,1.3058690744921,1.27889729677121,101.944117647059,1.74945369624181,0.0171609087078334
5,1930,"2ch_WT_005_pos001.tif",159.55,4017.67,427,414,102.3,110,131,49.55,3886.67,1.11851015801354,0.945684809849388,101.944117647059,1.74945369624181,0.0171609087078334
6,1930,"2ch_WT_005_pos001.tif",167.59,5154.37,425,416,100.65,111,129,56.59,5025.37,1.27742663656885,1.22274751210492,101.944117647059,1.74945369624181,0.0171609087078334
7,1930,"2ch_WT_005_pos001.tif",167.7,4767.39,426,416,101.75,112,129,55.7,4638.39,1.25733634311512,1.12858950339424,101.944117647059,1.74945369624181,0.0171609087078334
8,1930,"2ch_WT_005_pos001.tif",164.28,3948.63,426,415,102.3,112,128,52.28,3820.63,1.18013544018059,0.929616292367211,101.944117647059,1.74945369624181,0.0171609087078334
9,1930,"2ch_WT_005_pos001.tif",168.29,3934.41,426,414,102.3,112,129,56.29,3805.41,1.2706546275395,0.925913039246697,101.944117647059,1.74945369624181,0.0171609087078334
10,1930,"2ch_WT_005_pos001.tif",189.97,6330.28,431,413,96.8,112,129,77.97,6201.28,1.76004514672686,1.50886396262683,101.944117647059,1.74945369624181,0.0171609087078334
11,1930,"2ch_WT_005_pos001.tif",190.83,4785.36,427,415,101.75,113,130,77.83,4655.36,1.7568848758465,1.13271855762914,101.944117647059,1.74945369624181,0.0171609087078334
12,1930,"2ch_WT_005_pos001.tif",199.22,4658.99,426,414,101.75,114,130,85.22,4528.99,1.92370203160271,1.10197085087228,101.944117647059,1.74945369624181,0.0171609087078334
13,1930,"2ch_WT_005_pos001.tif",196.11,4049.04,427,413,102.3,114,132,82.11,3917.04,1.85349887133183,0.953074284045841,101.944117647059,1.74945369624181,0.0171609087078334
14,1930,"2ch_WT_005_pos001.tif",220.89,4724.74,426,414,101.75,118,142,102.89,4582.74,2.32257336343115,1.11504902795688,101.944117647059,1.74945369624181,0.0171609087078334
15,1930,"2ch_WT_005_pos001.tif",234.77,4802.23,426,414,101.75,118,141,116.77,4661.23,2.63589164785553,1.13414681622424,101.944117647059,1.74945369624181,0.0171609087078334
16,1930,"2ch_WT_005_pos001.tif",232.97,4259.91,427,414,102.3,116,137,116.97,4122.91,2.64040632054176,1.00316552714178,101.944117647059,1.74945369624181,0.0171609087078334
0,1941,"2ch_WT_005_pos002.tif",136.81,3085.16,333,657,139.15,107,135,29.81,2950.16,1,1,140.605882352941,1.90467208077772,0.0135461763683309
1,1941,"2ch_WT_005_pos002.tif",130.06,2359.11,332,657,141.9,107,136,23.06,2223.11,0.773565917477357,0.75355573934973,140.605882352941,1.90467208077772,0.0135461763683309
2,1941,"2ch_WT_005_pos002.tif",129.47,2084.85,332,653,143.55,107,135,22.47,1949.85,0.753773901375377,0.660930254630257,140.605882352941,1.90467208077772,0.0135461763683309
3,1941,"2ch_WT_005_pos002.tif",141.54,3606.36,336,657,138.6,107,139,34.54,3467.36,1.15867158671587,1.17531252542235,140.605882352941,1.90467208077772,0.0135461763683309
4,1941,"2ch_WT_005_pos002.tif",135.1,2527.69,338,659,140.25,109,157,26.1,2370.69,0.875545119087554,0.803580144805705,140.605882352941,1.90467208077772,0.0135461763683309
5,1941,"2ch_WT_005_pos002.tif",144.8,4170.48,335,662,139.15,110,182,34.8,3988.48,1.16739349211674,1.35195379233669,140.605882352941,1.90467208077772,0.0135461763683309
6,1941,"2ch_WT_005_pos002.tif",158.53,4730.45,332,660,135.85,110,142,48.53,4588.45,1.6279771888628,1.55532242319061,140.605882352941,1.90467208077772,0.0135461763683309
7,1941,"2ch_WT_005_pos002.tif",145.94,3537.6,336,662,140.8,110,141,35.94,3396.6,1.20563569272056,1.15132738563332,140.605882352941,1.90467208077772,0.0135461763683309
8,1941,"2ch_WT_005_pos002.tif",146.6,2864.46,336,660,140.8,111,136,35.6,2728.46,1.19423012411942,0.92485153347615,140.605882352941,1.90467208077772,0.0135461763683309
9,1941,"2ch_WT_005_pos002.tif",155.89,3567.14,338,661,139.7,111,139,44.89,3428.14,1.50587051325059,1.16201833120915,140.605882352941,1.90467208077772,0.0135461763683309
10,1941,"2ch_WT_005_pos002.tif",172.7,4424.91,334,662,138.6,112,140,60.7,4284.91,2.03622945320362,1.45243308837487,140.605882352941,1.90467208077772,0.0135461763683309
11,1941,"2ch_WT_005_pos002.tif",153.85,2419.48,336,661,141.9,113,139,40.85,2280.48,1.37034552163703,0.773002142256691,140.605882352941,1.90467208077772,0.0135461763683309
12,1941,"2ch_WT_005_pos002.tif",158.19,2539.75,334,661,141.9,113,139,45.19,2400.75,1.51593425025159,0.81376942267538,140.605882352941,1.90467208077772,0.0135461763683309
13,1941,"2ch_WT_005_pos002.tif",164.07,2558.69,336,660,141.9,112,142,52.07,2416.69,1.74672928547467,0.819172519456572,140.605882352941,1.90467208077772,0.0135461763683309
14,1941,"2ch_WT_005_pos002.tif",162.28,2079.67,334,661,142.45,114,142,48.28,1937.67,1.61959074136196,0.656801664994441,140.605882352941,1.90467208077772,0.0135461763683309
15,1941,"2ch_WT_005_pos002.tif",181.17,2681.64,334,661,141.9,114,146,67.17,2535.64,2.25327071452533,0.859492366515714,140.605882352941,1.90467208077772,0.0135461763683309
16,1941,"2ch_WT_005_pos002.tif",191.8,2805.24,335,663,141.9,114,140,77.8,2665.24,2.60986246226099,0.903422187271199,140.605882352941,1.90467208077772,0.0135461763683309
0,1952,"2ch_WT_005_pos003.tif",152.88,2121.94,1082,575,116.05,110,145,42.88,1976.94,1,1,113.979411764706,1.14264753198567,0.0100250344715281
1,1952,"2ch_WT_005_pos003.tif",177.04,2631.79,1083,577,116.6,110,138,67.04,2493.79,1.5634328358209,1.26143939623863,113.979411764706,1.14264753198567,0.0100250344715281
2,1952,"2ch_WT_005_pos003.tif",190.49,3232.97,1084,575,113.85,111,140,79.49,3092.97,1.85377798507463,1.56452396127348,113.979411764706,1.14264753198567,0.0100250344715281
3,1952,"2ch_WT_005_pos003.tif",184.97,2942.07,1085,576,114.4,113,141,71.97,2801.07,1.67840485074627,1.41687152872621,113.979411764706,1.14264753198567,0.0100250344715281
4,1952,"2ch_WT_005_pos003.tif",194.73,3380.65,1084,576,113.85,113,149,81.73,3231.65,1.90601679104478,1.6346727771202,113.979411764706,1.14264753198567,0.0100250344715281
5,1952,"2ch_WT_005_pos003.tif",190.81,2935.27,1086,575,114.4,115,144,75.81,2791.27,1.76795708955224,1.41191437271743,113.979411764706,1.14264753198567,0.0100250344715281
6,1952,"2ch_WT_005_pos003.tif",202.31,3335.72,1086,577,113.85,115,141,87.31,3194.72,2.0361473880597,1.61599239228302,113.979411764706,1.14264753198567,0.0100250344715281
7,1952,"2ch_WT_005_pos003.tif",203.94,3351.94,1087,578,113.85,115,139,88.94,3212.94,2.07416044776119,1.62520865580139,113.979411764706,1.14264753198567,0.0100250344715281
8,1952,"2ch_WT_005_pos003.tif",203.16,3262.5,1087,577,113.3,116,139.7,87.16,3122.8,2.03264925373134,1.57961293716552,113.979411764706,1.14264753198567,0.0100250344715281
9,1952,"2ch_WT_005_pos003.tif",208.78,3272.65,1086,576,113.85,115,140,93.78,3132.65,2.18703358208955,1.58459538478659,113.979411764706,1.14264753198567,0.0100250344715281
10,1952,"2ch_WT_005_pos003.tif",212.67,3269.81,1086,577,113.85,114,138.7,98.67,3131.11,2.30107276119403,1.58381640312807,113.979411764706,1.14264753198567,0.0100250344715281
11,1952,"2ch_WT_005_pos003.tif",224.84,3295.48,1086,577,113.85,115,137,109.84,3158.48,2.5615671641791,1.59766103169545,113.979411764706,1.14264753198567,0.0100250344715281
12,1952,"2ch_WT_005_pos003.tif",248.34,4026.59,1088,577,111.1,116,141,132.34,3885.59,3.08628731343284,1.96545671593473,113.979411764706,1.14264753198567,0.0100250344715281
13,1952,"2ch_WT_005_pos003.tif",241.01,3418.72,1085,576,113.85,116,140,125.01,3278.72,2.91534514925373,1.65848230092972,113.979411764706,1.14264753198567,0.0100250344715281
14,1952,"2ch_WT_005_pos003.tif",264.62,3655.02,1084,576,113.85,117,139,147.62,3516.02,3.44263059701493,1.77851629285664,113.979411764706,1.14264753198567,0.0100250344715281
15,1952,"2ch_WT_005_pos003.tif",273.55,3461.66,1085,575,113.85,117,138,156.55,3323.66,3.65088619402985,1.6812144020557,113.979411764706,1.14264753198567,0.0100250344715281
16,1952,"2ch_WT_005_pos003.tif",291.51,3603.5,1085,574,113.3,118,138,173.51,3465.5,4.04640858208955,1.75296164779912,113.979411764706,1.14264753198567,0.0100250344715281
0,1953,"2ch_WT_005_pos003.tif",163.4,5433.14,484,583,104.5,110,145,53.4,5288.14,1,1,102.85,1.15040753648435,0.0111852944723807
1,1953,"2ch_WT_005_pos003.tif",158.48,4549.54,483,580,102.85,110,138,48.48,4411.54,0.907865168539326,0.834232830447,102.85,1.15040753648435,0.0111852944723807
2,1953,"2ch_WT_005_pos003.tif",166.65,5263.13,485,583,103.95,111,140,55.65,5123.13,1.04213483146067,0.968796211900593,102.85,1.15040753648435,0.0111852944723807
3,1953,"2ch_WT_005_pos003.tif",165.96,5278.88,484,583,103.4,113,141,52.96,5137.88,0.991760299625468,0.971585472396722,102.85,1.15040753648435,0.0111852944723807
4,1953,"2ch_WT_005_pos003.tif",156.94,5038.49,485,586,101.75,113,149,43.94,4889.49,0.822846441947565,0.924614325641908,102.85,1.15040753648435,0.0111852944723807
5,1953,"2ch_WT_005_pos003.tif",151.13,4192.57,482,583,103.4,115,144,36.13,4048.57,0.676591760299625,0.765594329953443,102.85,1.15040753648435,0.0111852944723807
6,1953,"2ch_WT_005_pos003.tif",164.53,5203.17,486,582,102.85,115,141,49.53,5062.17,0.92752808988764,0.957268529199302,102.85,1.15040753648435,0.0111852944723807
7,1953,"2ch_WT_005_pos003.tif",162.54,5230.59,486,580,100.65,115,139,47.54,5091.59,0.890262172284644,0.962831921999039,102.85,1.15040753648435,0.0111852944723807
8,1953,"2ch_WT_005_pos003.tif",173.91,5264.41,487,581,102.85,116,139.7,57.91,5124.71,1.08445692883895,0.96909499370289,102.85,1.15040753648435,0.0111852944723807
9,1953,"2ch_WT_005_pos003.tif",186.65,5623.15,487,582,103.95,115,140,71.65,5483.15,1.34176029962547,1.03687686029492,102.85,1.15040753648435,0.0111852944723807
10,1953,"2ch_WT_005_pos003.tif",178.47,4777.73,485,583,103.95,114,138.7,64.47,4639.03,1.20730337078652,0.877251736905604,102.85,1.15040753648435,0.0111852944723807
11,1953,"2ch_WT_005_pos003.tif",182.84,4544.14,482,582,103.95,115,137,67.84,4407.14,1.27041198501873,0.833400779858325,102.85,1.15040753648435,0.0111852944723807
12,1953,"2ch_WT_005_pos003.tif",185.93,4612.94,483,579,100.65,116,141,69.93,4471.94,1.30955056179775,0.84565461580064,102.85,1.15040753648435,0.0111852944723807
13,1953,"2ch_WT_005_pos003.tif",212.63,5143.81,484,582,103.4,116,140,96.63,5003.81,1.80955056179775,0.946232512754957,102.85,1.15040753648435,0.0111852944723807
14,1953,"2ch_WT_005_pos003.tif",190.69,4059.37,480,579,101.75,117,139,73.69,3920.37,1.37996254681648,0.741351401437935,102.85,1.15040753648435,0.0111852944723807
15,1953,"2ch_WT_005_pos003.tif",247.75,5363.16,483,581,102.3,117,138,130.75,5225.16,2.44850187265918,0.988090330437545,102.85,1.15040753648435,0.0111852944723807
16,1953,"2ch_WT_005_pos003.tif",284.69,6065.94,482,581,102.3,118,138,166.69,5927.94,3.12153558052434,1.12098771968972,102.85,1.15040753648435,0.0111852944723807
0,1960,"2ch_WT_005_pos004.tif",155.49,3438.67,896,907,95.15,109,146,46.49,3292.67,1,1,92.0117647058824,0.947946697434236,0.010302451001395
1,1960,"2ch_WT_005_pos004.tif",167.37,4749.31,896,908,90.2,109,145,58.37,4604.31,1.25553882555388,1.39835148982437,92.0117647058824,0.947946697434236,0.010302451001395
2,1960,"2ch_WT_005_pos004.tif",167.83,4128.48,900,906,92.4,110,140,57.83,3988.48,1.24392342439234,1.21132090370429,92.0117647058824,0.947946697434236,0.010302451001395
3,1960,"2ch_WT_005_pos004.tif",172.79,4504.03,899,905,91.85,110,137,62.79,4367.03,1.3506130350613,1.32628839209517,92.0117647058824,0.947946697434236,0.010302451001395
4,1960,"2ch_WT_005_pos004.tif",174.44,4855.12,899,906,91.85,112,154,62.44,4701.12,1.34308453430845,1.42775316080871,92.0117647058824,0.947946697434236,0.010302451001395
5,1960,"2ch_WT_005_pos004.tif",174.51,4536,900,905,91.3,113,153,61.51,4383,1.32308023230802,1.33113855928471,92.0117647058824,0.947946697434236,0.010302451001395
6,1960,"2ch_WT_005_pos004.tif",177.14,4426.63,899,906,91.85,116,529,61.14,3897.63,1.31512153151215,1.18372931390027,92.0117647058824,0.947946697434236,0.010302451001395
7,1960,"2ch_WT_005_pos004.tif",182.06,4591.66,899,906,91.85,116,296,66.06,4295.66,1.42095074209507,1.30461297366575,92.0117647058824,0.947946697434236,0.010302451001395
8,1960,"2ch_WT_005_pos004.tif",188.39,4367.29,900,907,91.85,114,214.7,74.39,4152.59,1.60012906001291,1.26116191419122,92.0117647058824,0.947946697434236,0.010302451001395
9,1960,"2ch_WT_005_pos004.tif",195.3,4391.2,900,906,91.85,116,270,79.3,4121.2,1.70574317057432,1.25162861750494,92.0117647058824,0.947946697434236,0.010302451001395
10,1960,"2ch_WT_005_pos004.tif",202.29,4403.22,900,906,91.85,117,252,85.29,4151.22,1.83458808345881,1.26074583848366,92.0117647058824,0.947946697434236,0.010302451001395
11,1960,"2ch_WT_005_pos004.tif",217.64,4415.55,900,906,91.85,119,232,98.64,4183.55,2.12174661217466,1.2705646177722,92.0117647058824,0.947946697434236,0.010302451001395
12,1960,"2ch_WT_005_pos004.tif",223.76,4344.32,900,906,91.85,121,264,102.76,4080.32,2.21036782103678,1.23921316135537,92.0117647058824,0.947946697434236,0.010302451001395
13,1960,"2ch_WT_005_pos004.tif",242.56,4533.56,900,905,91.85,118,221,124.56,4312.56,2.67928586792859,1.3097455864086,92.0117647058824,0.947946697434236,0.010302451001395
14,1960,"2ch_WT_005_pos004.tif",256.94,4638.17,900,905,91.85,119,201,137.94,4437.17,2.96708969670897,1.34759025350248,92.0117647058824,0.947946697434236,0.010302451001395
15,1960,"2ch_WT_005_pos004.tif",269.06,4314.45,901,905,92.4,118,202,151.06,4112.45,3.24930092493009,1.24897119966471,92.0117647058824,0.947946697434236,0.010302451001395
16,1960,"2ch_WT_005_pos004.tif",286.39,4282.61,901,905,92.4,121,214,165.39,4068.61,3.55753925575392,1.2356567770229,92.0117647058824,0.947946697434236,0.010302451001395
0,1966,"2ch_WT_005_pos005.tif",149.07,3015.21,638,755,114.4,110,150,39.07,2865.21,1,1,114.302941176471,1.39188166121389,0.0121771290124983
1,1966,"2ch_WT_005_pos005.tif",153.73,3336.43,639,756,114.95,110,145,43.73,3191.43,1.11927309956488,1.11385552891411,114.302941176471,1.39188166121389,0.0121771290124983
2,1966,"2ch_WT_005_pos005.tif",145.64,2380.04,640,754,116.05,111,152,34.64,2228.04,0.88661377015613,0.777618394463233,114.302941176471,1.39188166121389,0.0121771290124983
3,1966,"2ch_WT_005_pos005.tif",149.27,2667.4,641,754,116.6,111,153,38.27,2514.4,0.979523931405171,0.877562203119492,114.302941176471,1.39188166121389,0.0121771290124983
4,1966,"2ch_WT_005_pos005.tif",146.49,2287,640,754,117.15,112,148,34.49,2139,0.8827745072946,0.746542138272587,114.302941176471,1.39188166121389,0.0121771290124983
5,1966,"2ch_WT_005_pos005.tif",163.26,3637.78,641,754,113.85,113,161,50.26,3476.78,1.28640900947018,1.2134468328674,114.302941176471,1.39188166121389,0.0121771290124983
6,1966,"2ch_WT_005_pos005.tif",172.36,4328.2,639,754,112.75,112,138,60.36,4190.2,1.54491937547991,1.4624407984057,114.302941176471,1.39188166121389,0.0121771290124983
7,1966,"2ch_WT_005_pos005.tif",168.67,3651.98,640,753,113.85,113,135,55.67,3516.98,1.42487842334272,1.22747721807477,114.302941176471,1.39188166121389,0.0121771290124983
8,1966,"2ch_WT_005_pos005.tif",171.16,3557.21,641,754,113.85,113,137,58.16,3420.21,1.48861018684413,1.19370307935544,114.302941176471,1.39188166121389,0.0121771290124983
9,1966,"2ch_WT_005_pos005.tif",164.89,2844.12,641,754,114.4,114,139,50.89,2705.12,1.30253391348861,0.944126259506284,114.302941176471,1.39188166121389,0.0121771290124983
10,1966,"2ch_WT_005_pos005.tif",170.54,2846.55,641,753,114.4,114,140,56.54,2706.55,1.4471461479396,0.944625350323362,114.302941176471,1.39188166121389,0.0121771290124983
11,1966,"2ch_WT_005_pos005.tif",182.2,2972.25,641,753,114.4,115,140,67.2,2832.25,1.7199897619657,0.988496480188189,114.302941176471,1.39188166121389,0.0121771290124983
12,1966,"2ch_WT_005_pos005.tif",203.77,3699.26,641,753,113.85,115,139,88.77,3560.26,2.2720757614538,1.24258256811892,114.302941176471,1.39188166121389,0.0121771290124983
13,1966,"2ch_WT_005_pos005.tif",230.34,4884.78,644,753,111.1,116,137,114.34,4747.78,2.92654210391605,1.65704433531923,114.302941176471,1.39188166121389,0.0121771290124983
14,1966,"2ch_WT_005_pos005.tif",227.77,3801.9,641,753,113.85,117,143,110.77,3658.9,2.83516764781162,1.27700936406058,114.302941176471,1.39188166121389,0.0121771290124983
15,1966,"2ch_WT_005_pos005.tif",243.78,3834.35,641,752,113.85,117,138,126.78,3696.35,3.24494497056565,1.2900799592351,114.302941176471,1.39188166121389,0.0121771290124983
16,1966,"2ch_WT_005_pos005.tif",272.76,3863.13,640,753,113.85,117,138,155.76,3725.13,3.98669055541336,1.30012459819699,114.302941176471,1.39188166121389,0.0121771290124983
0,1977,"2ch_WT_005_pos006.tif",154.98,2713.54,770,177,110,110,148,44.98,2565.54,1,1,110.582352941176,0.921774982111718,0.00833564269157892
1,1977,"2ch_WT_005_pos006.tif",155.93,2526.03,772,176,111.1,110,142,45.93,2384.03,1.02112049799911,0.92925076202281,110.582352941176,0.921774982111718,0.00833564269157892
2,1977,"2ch_WT_005_pos006.tif",159.1,2759.03,771,177,111.65,110,143,49.1,2616.03,1.09159626500667,1.01968006735424,110.582352941176,0.921774982111718,0.00833564269157892
3,1977,"2ch_WT_005_pos006.tif",164.21,2965.89,773,177,111.1,111,173,53.21,2792.89,1.18297020898177,1.08861682140992,110.582352941176,0.921774982111718,0.00833564269157892
4,1977,"2ch_WT_005_pos006.tif",159.93,2589.91,772,176,112.2,110,142,49.93,2447.91,1.11004891062695,0.954150003508033,110.582352941176,0.921774982111718,0.00833564269157892
5,1977,"2ch_WT_005_pos006.tif",162.04,2627.2,772,178,112.75,111,139,51.04,2488.2,1.13472654513117,0.9698542996796,110.582352941176,0.921774982111718,0.00833564269157892
6,1977,"2ch_WT_005_pos006.tif",172.4,2948.72,773,175,110.55,111,137,61.4,2811.72,1.36505113383726,1.09595640683833,110.582352941176,0.921774982111718,0.00833564269157892
7,1977,"2ch_WT_005_pos006.tif",179.31,3432.38,772,177,109.45,112,137,67.31,3295.38,1.49644286349489,1.28447812156505,110.582352941176,0.921774982111718,0.00833564269157892
8,1977,"2ch_WT_005_pos006.tif",179.86,2846.04,774,177,110,112,140,67.86,2706.04,1.50867052023121,1.05476429913391,110.582352941176,0.921774982111718,0.00833564269157892
9,1977,"2ch_WT_005_pos006.tif",186.17,2898.96,773,177,110,115,149,71.17,2749.96,1.58225878168075,1.07188350210872,110.582352941176,0.921774982111718,0.00833564269157892
10,1977,"2ch_WT_005_pos006.tif",189.8,2943.58,774,177,110,113,144,76.8,2799.58,1.70742552245442,1.09122445956797,110.582352941176,0.921774982111718,0.00833564269157892
11,1977,"2ch_WT_005_pos006.tif",208.2,3120.02,775,177,110,115,144,93.2,2976.02,2.07203201422855,1.15999750539847,110.582352941176,0.921774982111718,0.00833564269157892
12,1977,"2ch_WT_005_pos006.tif",208.12,2982.03,775,177,110,114,146,94.12,2836.03,2.09248554913295,1.1054319948237,110.582352941176,0.921774982111718,0.00833564269157892
13,1977,"2ch_WT_005_pos006.tif",216.9,3045.92,776,177,110.55,115,147,101.9,2898.92,2.26545131169409,1.12994535263531,110.582352941176,0.921774982111718,0.00833564269157892
14,1977,"2ch_WT_005_pos006.tif",249.87,3723.23,775,176,109.45,117,145,132.87,3578.23,2.9539795464651,1.39472781558658,110.582352941176,0.921774982111718,0.00833564269157892
15,1977,"2ch_WT_005_pos006.tif",245.73,3085.07,776,177,110.55,116,146,129.73,2939.07,2.88417074255225,1.14559507939849,110.582352941176,0.921774982111718,0.00833564269157892
16,1977,"2ch_WT_005_pos006.tif",250.52,3101.76,775,177,110.55,115,136,135.52,2965.76,3.01289461983104,1.15599834732649,110.582352941176,0.921774982111718,0.00833564269157892
0,1994,"2ch_WT_005_pos007.tif",151.58,2778.39,342,692,107.25,108,135,43.58,2643.39,1,1,106.894117647059,0.931377063972544,0.00871308061167359
1,1994,"2ch_WT_005_pos007.tif",150.18,2537.78,343,693,108.35,108,137,42.18,2400.78,0.967875172097292,0.908220126428563,106.894117647059,0.931377063972544,0.00871308061167359
2,1994,"2ch_WT_005_pos007.tif",154.38,2758.01,344,693,108.9,109,137,45.38,2621.01,1.04130335016062,0.991533598901411,106.894117647059,0.931377063972544,0.00871308061167359
3,1994,"2ch_WT_005_pos007.tif",160.17,3009.14,345,692,108.9,109,127,51.17,2882.14,1.17416245984396,1.09031962744809,106.894117647059,0.931377063972544,0.00871308061167359
4,1994,"2ch_WT_005_pos007.tif",164.87,3170.07,344,693,106.15,109,126,55.87,3044.07,1.28201009637448,1.1515780872289,106.894117647059,0.931377063972544,0.00871308061167359
5,1994,"2ch_WT_005_pos007.tif",165.25,3134.1,344,692,106.15,110,126,55.25,3008.1,1.26778338687471,1.13797056053023,106.894117647059,0.931377063972544,0.00871308061167359
6,1994,"2ch_WT_005_pos007.tif",165.57,3177.56,345,692,106.7,110,128,55.57,3049.56,1.27512620468105,1.15365496578257,106.894117647059,0.931377063972544,0.00871308061167359
7,1994,"2ch_WT_005_pos007.tif",171.48,3224.85,345,692,106.15,111,128,60.48,3096.85,1.38779256539697,1.17154487230412,106.894117647059,0.931377063972544,0.00871308061167359
8,1994,"2ch_WT_005_pos007.tif",172.99,3154.17,344,692,106.15,113,131,59.99,3023.17,1.37654887563102,1.14367157324496,106.894117647059,0.931377063972544,0.00871308061167359
9,1994,"2ch_WT_005_pos007.tif",177.74,3154.12,345,692,106.15,113,129,64.74,3025.12,1.48554382744378,1.14440926234873,106.894117647059,0.931377063972544,0.00871308061167359
10,1994,"2ch_WT_005_pos007.tif",181.82,3170.87,345,692,106.7,113,127,68.82,3043.87,1.57916475447453,1.151502426808,106.894117647059,0.931377063972544,0.00871308061167359
11,1994,"2ch_WT_005_pos007.tif",193.79,3209.83,345,692,106.7,114,131,79.79,3078.83,1.83088572739789,1.16472786838113,106.894117647059,0.931377063972544,0.00871308061167359
12,1994,"2ch_WT_005_pos007.tif",197.69,3218.67,345,691,106.7,115,132,82.69,3086.67,1.89743001376778,1.16769375688037,106.894117647059,0.931377063972544,0.00871308061167359
13,1994,"2ch_WT_005_pos007.tif",206.09,3242.31,345,692,106.7,115,129,91.09,3113.31,2.09017898118403,1.17777172494411,106.894117647059,0.931377063972544,0.00871308061167359
14,1994,"2ch_WT_005_pos007.tif",217.24,3202.67,345,692,106.7,116,130,101.24,3072.67,2.32308398347866,1.16239752741745,106.894117647059,0.931377063972544,0.00871308061167359
15,1994,"2ch_WT_005_pos007.tif",231.02,3215.9,345,692,106.15,117,129,114.02,3086.9,2.61633776961909,1.1677807663644,106.894117647059,0.931377063972544,0.00871308061167359
16,1994,"2ch_WT_005_pos007.tif",238.38,3210.88,346,692,106.7,117,130,121.38,3080.88,2.78522257916475,1.16550338769535,106.894117647059,0.931377063972544,0.00871308061167359
0,1995,"2ch_WT_005_pos007.tif",204.32,4070.21,1139,840,88,108,135,96.32,3935.21,1,1,91.2029411764706,1.13777065299801,0.0124751530852115
1,1995,"2ch_WT_005_pos007.tif",219.69,3810.24,1147,840,93.5,108,137,111.69,3673.24,1.15957225913621,0.933429219787508,91.2029411764706,1.13777065299801,0.0124751530852115
2,1995,"2ch_WT_005_pos007.tif",229.49,4411.59,1150,840,90.75,109,137,120.49,4274.59,1.25093438538206,1.08624190322753,91.2029411764706,1.13777065299801,0.0124751530852115
3,1995,"2ch_WT_005_pos007.tif",246.85,4384.38,1149,840,91.85,109,127,137.85,4257.38,1.43116694352159,1.08186856609939,91.2029411764706,1.13777065299801,0.0124751530852115
4,1995,"2ch_WT_005_pos007.tif",233.2,4186.75,1149,841,91.85,109,126,124.2,4060.75,1.28945182724252,1.03190172824322,91.2029411764706,1.13777065299801,0.0124751530852115
5,1995,"2ch_WT_005_pos007.tif",238.76,4432.35,1148,840,90.75,110,126,128.76,4306.35,1.33679401993355,1.09431262880507,91.2029411764706,1.13777065299801,0.0124751530852115
6,1995,"2ch_WT_005_pos007.tif",240.57,4204.69,1149,840,91.3,110,128,130.57,4076.69,1.35558554817276,1.03595233799467,91.2029411764706,1.13777065299801,0.0124751530852115
7,1995,"2ch_WT_005_pos007.tif",242.48,4402.35,1150,841,91.85,111,128,131.48,4274.35,1.36503322259136,1.08618091537682,91.2029411764706,1.13777065299801,0.0124751530852115
8,1995,"2ch_WT_005_pos007.tif",252.23,4589.37,1148,841,90.75,113,131,139.23,4458.37,1.44549418604651,1.13294334991017,91.2029411764706,1.13777065299801,0.0124751530852115
9,1995,"2ch_WT_005_pos007.tif",259.84,4710.32,1148,841,89.65,113,129,146.84,4581.32,1.52450166112957,1.16418691759779,91.2029411764706,1.13777065299801,0.0124751530852115
10,1995,"2ch_WT_005_pos007.tif",255.41,4122.2,1150,841,91.3,113,127,142.41,3995.2,1.47850913621262,1.01524442151753,91.2029411764706,1.13777065299801,0.0124751530852115
11,1995,"2ch_WT_005_pos007.tif",279.82,4449.85,1151,841,91.3,114,131,165.82,4318.85,1.72155315614618,1.09748907936298,91.2029411764706,1.13777065299801,0.0124751530852115
12,1995,"2ch_WT_005_pos007.tif",281.15,4312.23,1150,841,91.85,115,132,166.15,4180.23,1.7249792358804,1.06226351325596,91.2029411764706,1.13777065299801,0.0124751530852115
13,1995,"2ch_WT_005_pos007.tif",291.08,4159.68,1150,840,91.85,115,129,176.08,4030.68,1.828073089701,1.02426045878111,91.2029411764706,1.13777065299801,0.0124751530852115
14,1995,"2ch_WT_005_pos007.tif",311.42,4158.57,1151,840,91.3,116,130,195.42,4028.57,2.02886212624585,1.02372427392693,91.2029411764706,1.13777065299801,0.0124751530852115
15,1995,"2ch_WT_005_pos007.tif",328.37,4194.08,1150,840,91.3,117,129,211.37,4065.08,2.19445598006645,1.03300205071648,91.2029411764706,1.13777065299801,0.0124751530852115
16,1995,"2ch_WT_005_pos007.tif",337.48,4167.87,1151,840,91.3,117,130,220.48,4037.87,2.2890365448505,1.02608755314202,91.2029411764706,1.13777065299801,0.0124751530852115
0,2000,"2ch_WT_005_pos008.tif",322.71,4855.48,710,888,80.85,109,146,213.71,4709.48,1,1,79.3294117647059,1.15907544290824,0.0146109168985912
1,2000,"2ch_WT_005_pos008.tif",324.17,4353.79,709,886,81.4,108,130,216.17,4223.79,1.01151092602124,0.896869718100512,79.3294117647059,1.15907544290824,0.0146109168985912
2,2000,"2ch_WT_005_pos008.tif",329.45,4416.68,707,885,81.4,109,134,220.45,4282.68,1.03153806560292,0.909374283360371,79.3294117647059,1.15907544290824,0.0146109168985912
3,2000,"2ch_WT_005_pos008.tif",254.74,2818.89,707,878,81.4,109,134,145.74,2684.89,0.681952178185392,0.570103281041644,79.3294117647059,1.15907544290824,0.0146109168985912
4,2000,"2ch_WT_005_pos008.tif",351.6,4982.03,708,887,78.1,110,131,241.6,4851.03,1.1305039539563,1.03005639688458,79.3294117647059,1.15907544290824,0.0146109168985912
5,2000,"2ch_WT_005_pos008.tif",319.96,4336.08,707,894,79.2,110,130,209.96,4206.08,0.982452856674933,0.893109218002837,79.3294117647059,1.15907544290824,0.0146109168985912
6,2000,"2ch_WT_005_pos008.tif",350.59,4958.56,707,891,78.65,111,129,239.59,4829.56,1.12109868513406,1.02549750715578,79.3294117647059,1.15907544290824,0.0146109168985912
7,2000,"2ch_WT_005_pos008.tif",354.18,4751.35,708,888,79.2,111,131,243.18,4620.35,1.13789715034392,0.981074343664269,79.3294117647059,1.15907544290824,0.0146109168985912
8,2000,"2ch_WT_005_pos008.tif",349.24,4761.3,707,888,79.2,110.7,129,238.54,4632.3,1.11618548500304,0.983611778795111,79.3294117647059,1.15907544290824,0.0146109168985912
9,2000,"2ch_WT_005_pos008.tif",374.58,5335.25,707,888,78.65,111,127,263.58,5208.25,1.23335361003229,1.105907658595,79.3294117647059,1.15907544290824,0.0146109168985912
10,2000,"2ch_WT_005_pos008.tif",376.33,5137.77,707,888,78.65,112,126,264.33,5011.77,1.2368630386973,1.06418755361526,79.3294117647059,1.15907544290824,0.0146109168985912
11,2000,"2ch_WT_005_pos008.tif",405.29,5253.83,707,888,78.65,111,127,294.29,5126.83,1.37705301576903,1.08861912567842,79.3294117647059,1.15907544290824,0.0146109168985912
12,2000,"2ch_WT_005_pos008.tif",386.99,4977.96,708,891,78.65,112,127,274.99,4850.96,1.28674371812269,1.03004153324783,79.3294117647059,1.15907544290824,0.0146109168985912
13,2000,"2ch_WT_005_pos008.tif",351.83,3907.02,707,895,78.65,113,130,238.83,3777.02,1.11754246408685,0.80200361823386,79.3294117647059,1.15907544290824,0.0146109168985912
14,2000,"2ch_WT_005_pos008.tif",418.39,5020.82,708,888,78.1,113,129,305.39,4891.82,1.42899256001123,1.0387176503563,79.3294117647059,1.15907544290824,0.0146109168985912
15,2000,"2ch_WT_005_pos008.tif",417.1,4793.57,708,891,79.2,113,130,304.1,4663.57,1.42295634270741,0.990251577668872,79.3294117647059,1.15907544290824,0.0146109168985912
16,2000,"2ch_WT_005_pos008.tif",452.54,5229.13,707,889,78.65,115,128,337.54,5101.13,1.5794300687848,1.0831620476146,79.3294117647059,1.15907544290824,0.0146109168985912
0,2009,"2ch_WT_005_pos009.tif",160.67,4591.03,379,686,85.25,108,126,52.67,4465.03,1,1,81.8205882352941,1.00157045800729,0.0122410566778993
1,2009,"2ch_WT_005_pos009.tif",172.83,5326.1,380,686,81.95,108,126,64.83,5200.1,1.2308714638314,1.16462823318096,81.8205882352941,1.00157045800729,0.0122410566778993
2,2009,"2ch_WT_005_pos009.tif",173.33,5323.21,382,687,81.4,108,124,65.33,5199.21,1.24036453389026,1.16442890641272,81.8205882352941,1.00157045800729,0.0122410566778993
3,2009,"2ch_WT_005_pos009.tif",185.42,5585.91,383,686,81.4,109,124,76.42,5461.91,1.45092082779571,1.22326389744302,81.8205882352941,1.00157045800729,0.0122410566778993
4,2009,"2ch_WT_005_pos009.tif",180.38,5648.81,383,686,80.85,109,122,71.38,5526.81,1.35523068160243,1.23779907413836,81.8205882352941,1.00157045800729,0.0122410566778993
5,2009,"2ch_WT_005_pos009.tif",185.34,5383.02,383,687,81.4,110,126,75.34,5257.02,1.43041579646858,1.17737618784196,81.8205882352941,1.00157045800729,0.0122410566778993
6,2009,"2ch_WT_005_pos009.tif",185.99,5373.69,383,686,81.4,110,126,75.99,5247.69,1.44275678754509,1.17528661621534,81.8205882352941,1.00157045800729,0.0122410566778993
7,2009,"2ch_WT_005_pos009.tif",192.3,5377.69,382,686,81.95,110,124,82.3,5253.69,1.56255933168787,1.17663039218102,81.8205882352941,1.00157045800729,0.0122410566778993
8,2009,"2ch_WT_005_pos009.tif",201.67,5487.39,383,686,81.4,111,126,90.67,5361.39,1.72147332447313,1.20075117076481,81.8205882352941,1.00157045800729,0.0122410566778993
9,2009,"2ch_WT_005_pos009.tif",210.8,5453.49,382,686,81.4,112,126,98.8,5327.49,1.87583064363015,1.19315883655877,81.8205882352941,1.00157045800729,0.0122410566778993
10,2009,"2ch_WT_005_pos009.tif",216.51,5449.48,382,686,81.95,112,124,104.51,5325.48,1.9842415037023,1.19270867161027,81.8205882352941,1.00157045800729,0.0122410566778993
11,2009,"2ch_WT_005_pos009.tif",237.48,5585.79,382,686,81.95,112,122,125.48,5463.79,2.38238086197076,1.2236849472456,81.8205882352941,1.00157045800729,0.0122410566778993
12,2009,"2ch_WT_005_pos009.tif",233.56,5263.39,383,686,82.5,113,124,120.56,5139.39,2.28896905259161,1.15103146003498,81.8205882352941,1.00157045800729,0.0122410566778993
13,2009,"2ch_WT_005_pos009.tif",256.58,5487.09,383,685,81.4,112,123,144.58,5364.09,2.7450161382191,1.20135586994936,81.8205882352941,1.00157045800729,0.0122410566778993
14,2009,"2ch_WT_005_pos009.tif",269.33,5325.16,383,685,82.5,113,123,156.33,5202.16,2.96810328460224,1.16508959626251,81.8205882352941,1.00157045800729,0.0122410566778993
15,2009,"2ch_WT_005_pos009.tif",295.41,5858.34,382,686,80.85,114,123,181.41,5735.34,3.44427567875451,1.28450200782526,81.8205882352941,1.00157045800729,0.0122410566778993
16,2009,"2ch_WT_005_pos009.tif",314.85,5491.06,382,685,81.4,114,120,200.85,5371.06,3.81336624264287,1.20291688969615,81.8205882352941,1.00157045800729,0.0122410566778993
0,2022,"2ch_WT_005_pos010.tif",130.79,3555.55,879,651,130.9,110,155,20.79,3400.55,1,1,130.802941176471,0.874726848120897,0.00668736375691105
1,2022,"2ch_WT_005_pos010.tif",133.36,4362.67,880,652,129.8,109,137,24.36,4225.67,1.17171717171717,1.24264310185117,130.802941176471,0.874726848120897,0.00668736375691105
2,2022,"2ch_WT_005_pos010.tif",130.84,2739.28,879,652,131.45,110,134,20.84,2605.28,1.002405002405,0.766134889944274,130.802941176471,0.874726848120897,0.00668736375691105
3,2022,"2ch_WT_005_pos010.tif",134.31,3478.25,880,652,130.9,110,136,24.31,3342.25,1.16931216931217,0.982855714516769,130.802941176471,0.874726848120897,0.00668736375691105
4,2022,"2ch_WT_005_pos010.tif",134.28,2871.2,881,653,131.45,111,136,23.28,2735.2,1.11976911976912,0.804340474335034,130.802941176471,0.874726848120897,0.00668736375691105
5,2022,"2ch_WT_005_pos010.tif",135.68,3012.18,880,653,131.45,111,129,24.68,2883.18,1.18710918710919,0.847856964314596,130.802941176471,0.874726848120897,0.00668736375691105
6,2022,"2ch_WT_005_pos010.tif",140.06,3575.45,882,650,130.9,112,126,28.06,3449.45,1.34968734968735,1.01438002676038,130.802941176471,0.874726848120897,0.00668736375691105
7,2022,"2ch_WT_005_pos010.tif",144.96,3814.02,879,653,130.35,113,128,31.96,3686.02,1.53727753727754,1.08394818485245,130.802941176471,0.874726848120897,0.00668736375691105
8,2022,"2ch_WT_005_pos010.tif",144.3,2887.95,879,653,131.45,114,134,30.3,2753.95,1.45743145743146,0.809854288276896,130.802941176471,0.874726848120897,0.00668736375691105
9,2022,"2ch_WT_005_pos010.tif",151.72,3541.99,881,654,130.9,114,130,37.72,3411.99,1.81433381433382,1.00336416167973,130.802941176471,0.874726848120897,0.00668736375691105
10,2022,"2ch_WT_005_pos010.tif",156.3,3537.18,880,653,130.9,115,129,41.3,3408.18,1.98653198653199,1.00224375468674,130.802941176471,0.874726848120897,0.00668736375691105
11,2022,"2ch_WT_005_pos010.tif",162.88,3855.77,880,652,130.9,115,127,47.88,3728.77,2.3030303030303,1.0965196806399,130.802941176471,0.874726848120897,0.00668736375691105
12,2022,"2ch_WT_005_pos010.tif",179.55,4563.01,878,649,129.8,116,131,63.55,4432.01,3.05675805675806,1.30332152151858,130.802941176471,0.874726848120897,0.00668736375691105
13,2022,"2ch_WT_005_pos010.tif",170.9,3100.4,880,652,131.45,117,134,53.9,2966.4,2.59259259259259,0.872329476114158,130.802941176471,0.874726848120897,0.00668736375691105
14,2022,"2ch_WT_005_pos010.tif",194.63,4029.31,881,661,128.15,117,135,77.63,3894.31,3.73400673400674,1.14520004116981,130.802941176471,0.874726848120897,0.00668736375691105
15,2022,"2ch_WT_005_pos010.tif",182.76,3197.38,880,654,131.45,119,143,63.76,3054.38,3.06685906685907,0.898201761479761,130.802941176471,0.874726848120897,0.00668736375691105
16,2022,"2ch_WT_005_pos010.tif",191.26,3081.58,880,654,131.45,120,150,71.26,2931.58,3.42760942760943,0.862089956036523,130.802941176471,0.874726848120897,0.00668736375691105
0,2024,"2ch_WT_005_pos010.tif",142.04,4375.14,1015,243,86.9,110,155,32.04,4220.14,1,1,83.9558823529412,1.13287277983634,0.013493667722696
1,2024,"2ch_WT_005_pos010.tif",145.43,4419.74,1014,242,85.25,109,137,36.43,4282.74,1.13701622971286,1.01483363111176,83.9558823529412,1.13287277983634,0.013493667722696
2,2024,"2ch_WT_005_pos010.tif",144.89,4362.95,1015,242,86.35,110,134,34.89,4228.95,1.08895131086142,1.00208760846797,83.9558823529412,1.13287277983634,0.013493667722696
3,2024,"2ch_WT_005_pos010.tif",146.81,4482.74,1016,239,84.15,110,136,36.81,4346.74,1.14887640449438,1.02999900477235,83.9558823529412,1.13287277983634,0.013493667722696
4,2024,"2ch_WT_005_pos010.tif",150.32,4855.38,1016,243,83.05,111,136,39.32,4719.38,1.22721598002497,1.11829939291114,83.9558823529412,1.13287277983634,0.013493667722696
5,2024,"2ch_WT_005_pos010.tif",152.17,4821.09,1017,243,83.6,111,129,41.17,4692.09,1.28495630461923,1.11183278279867,83.9558823529412,1.13287277983634,0.013493667722696
6,2024,"2ch_WT_005_pos010.tif",157.11,4760.07,1018,239,83.6,112,126,45.11,4634.07,1.40792759051186,1.0980844237395,83.9558823529412,1.13287277983634,0.013493667722696
7,2024,"2ch_WT_005_pos010.tif",164.97,4868.89,1015,244,83.05,113,128,51.97,4740.89,1.62203495630462,1.12339638021487,83.9558823529412,1.13287277983634,0.013493667722696
8,2024,"2ch_WT_005_pos010.tif",171.27,4777.16,1014,244,83.05,114,134,57.27,4643.16,1.7874531835206,1.10023838071723,83.9558823529412,1.13287277983634,0.013493667722696
9,2024,"2ch_WT_005_pos010.tif",178.65,4759.93,1014,244,83.6,114,130,64.65,4629.93,2.01779026217229,1.09710341363083,83.9558823529412,1.13287277983634,0.013493667722696
10,2024,"2ch_WT_005_pos010.tif",187.31,4789.61,1014,244,83.6,115,129,72.31,4660.61,2.25686641697878,1.10437331462937,83.9558823529412,1.13287277983634,0.013493667722696
11,2024,"2ch_WT_005_pos010.tif",199.35,4766.01,1014,244,83.6,115,127,84.35,4639.01,2.63264669163546,1.09925500101892,83.9558823529412,1.13287277983634,0.013493667722696
12,2024,"2ch_WT_005_pos010.tif",215.96,4745.37,1014,241,83.05,116,131,99.96,4614.37,3.11985018726592,1.0934163321596,83.9558823529412,1.13287277983634,0.013493667722696
13,2024,"2ch_WT_005_pos010.tif",231.53,4764.96,1016,242,83.6,117,134,114.53,4630.96,3.57459425717853,1.09734748136318,83.9558823529412,1.13287277983634,0.013493667722696
14,2024,"2ch_WT_005_pos010.tif",246.46,4782.06,1015,245,83.6,117,135,129.46,4647.06,4.04057428214732,1.10116252067467,83.9558823529412,1.13287277983634,0.013493667722696
15,2024,"2ch_WT_005_pos010.tif",267.01,4815.45,1015,245,83.6,119,143,148.01,4672.45,4.61953807740325,1.10717890875658,83.9558823529412,1.13287277983634,0.013493667722696
16,2024,"2ch_WT_005_pos010.tif",287.04,4812.98,1015,244,83.6,120,150,167.04,4662.98,5.21348314606742,1.10493490737274,83.9558823529412,1.13287277983634,0.013493667722696
